2025-09-09T04:51:17.613436Z [INFO] webgcs: Warmup message
2025-09-09T04:51:56.250788Z [INFO] webgcs: Warmup message
2025-09-09T04:51:56.250994Z [INFO] webgcs: Warmup message
2025-09-09T04:51:56.251452Z [INFO] webgcs: Performance test message 92
2025-09-09T04:51:56.251457Z [INFO] webgcs: Performance test message 93
2025-09-09T04:51:56.251461Z [INFO] webgcs: Performance test message 94
2025-09-09T04:51:56.251465Z [INFO] webgcs: Performance test message 95
2025-09-09T04:51:56.251470Z [INFO] webgcs: Performance test message 96
2025-09-09T04:51:56.251474Z [INFO] webgcs: Performance test message 97
2025-09-09T04:51:56.251479Z [INFO] webgcs: Performance test message 98
2025-09-09T04:51:56.251483Z [INFO] webgcs: Performance test message 99
2025-09-09T04:51:56.251443Z [INFO] webgcs: Performance test message 90
2025-09-09T04:51:56.251447Z [INFO] webgcs: Performance test message 91
2025-09-09T04:51:56.251452Z [INFO] webgcs: Performance test message 92
2025-09-09T04:51:56.251457Z [INFO] webgcs: Performance test message 93
2025-09-09T04:51:56.251461Z [INFO] webgcs: Performance test message 94
2025-09-09T04:51:56.251465Z [INFO] webgcs: Performance test message 95
2025-09-09T04:51:56.251470Z [INFO] webgcs: Performance test message 96
2025-09-09T04:51:56.251474Z [INFO] webgcs: Performance test message 97
2025-09-09T04:51:56.251479Z [INFO] webgcs: Performance test message 98
2025-09-09T04:51:56.251483Z [INFO] webgcs: Performance test message 99
2025-09-09T04:51:56.264613Z [INFO] webgcs: Burst test message 0
2025-09-09T04:51:56.265023Z [INFO] webgcs: Burst test message 101
2025-09-09T04:51:56.287422Z [INFO] webgcs: Thread 0 message 0
2025-09-09T04:51:56.312085Z [INFO] telemetry: Telemetry update
2025-09-09T04:51:56.324365Z [INFO] webgcs: Monitoring test message 0
2025-09-09T04:51:56.324381Z [INFO] webgcs: Monitoring test message 1
2025-09-09T04:51:56.324387Z [INFO] webgcs: Monitoring test message 2
2025-09-09T04:51:56.324390Z [INFO] webgcs: Monitoring test message 3
2025-09-09T04:51:56.324394Z [INFO] webgcs: Monitoring test message 4
2025-09-09T04:51:56.324398Z [INFO] webgcs: Monitoring test message 5
2025-09-09T04:51:56.324401Z [INFO] webgcs: Monitoring test message 6
2025-09-09T04:51:56.324405Z [INFO] webgcs: Monitoring test message 7
2025-09-09T04:51:56.324408Z [INFO] webgcs: Monitoring test message 8
2025-09-09T04:51:56.324412Z [INFO] webgcs: Monitoring test message 9
2025-09-09T04:51:56.324415Z [INFO] webgcs: Monitoring test message 10
2025-09-09T04:51:56.324419Z [INFO] webgcs: Monitoring test message 11
2025-09-09T04:51:56.324422Z [INFO] webgcs: Monitoring test message 12
2025-09-09T04:51:56.324426Z [INFO] webgcs: Monitoring test message 13
2025-09-09T04:51:56.324429Z [INFO] webgcs: Monitoring test message 14
2025-09-09T04:51:56.324432Z [INFO] webgcs: Monitoring test message 15
2025-09-09T04:51:56.324436Z [INFO] webgcs: Monitoring test message 16
2025-09-09T04:51:56.324439Z [INFO] webgcs: Monitoring test message 17
2025-09-09T04:51:56.324443Z [INFO] webgcs: Monitoring test message 18
2025-09-09T04:51:56.324446Z [INFO] webgcs: Monitoring test message 19
2025-09-09T04:51:56.324450Z [INFO] webgcs: Monitoring test message 20
2025-09-09T04:51:56.324453Z [INFO] webgcs: Monitoring test message 21
2025-09-09T04:51:56.324456Z [INFO] webgcs: Monitoring test message 22
2025-09-09T04:51:56.324460Z [INFO] webgcs: Monitoring test message 23
2025-09-09T04:51:56.324463Z [INFO] webgcs: Monitoring test message 24
2025-09-09T04:51:56.324467Z [INFO] webgcs: Monitoring test message 25
2025-09-09T04:51:56.324470Z [INFO] webgcs: Monitoring test message 26
2025-09-09T04:51:56.324474Z [INFO] webgcs: Monitoring test message 27
2025-09-09T04:51:56.324477Z [INFO] webgcs: Monitoring test message 28
2025-09-09T04:51:56.324481Z [INFO] webgcs: Monitoring test message 29
2025-09-09T04:51:56.324484Z [INFO] webgcs: Monitoring test message 30
2025-09-09T04:51:56.324488Z [INFO] webgcs: Monitoring test message 31
2025-09-09T04:51:56.324491Z [INFO] webgcs: Monitoring test message 32
2025-09-09T04:51:56.324495Z [INFO] webgcs: Monitoring test message 33
2025-09-09T04:51:56.324499Z [INFO] webgcs: Monitoring test message 34
2025-09-09T04:51:56.324502Z [INFO] webgcs: Monitoring test message 35
2025-09-09T04:51:56.324506Z [INFO] webgcs: Monitoring test message 36
2025-09-09T04:51:56.324509Z [INFO] webgcs: Monitoring test message 37
2025-09-09T04:51:56.324513Z [INFO] webgcs: Monitoring test message 38
2025-09-09T04:51:56.324516Z [INFO] webgcs: Monitoring test message 39
2025-09-09T04:51:56.324520Z [INFO] webgcs: Monitoring test message 40
2025-09-09T04:51:56.324523Z [INFO] webgcs: Monitoring test message 41
2025-09-09T04:51:56.324527Z [INFO] webgcs: Monitoring test message 42
2025-09-09T04:51:56.324533Z [INFO] webgcs: Monitoring test message 43
2025-09-09T04:51:56.324537Z [INFO] webgcs: Monitoring test message 44
2025-09-09T04:51:56.324540Z [INFO] webgcs: Monitoring test message 45
2025-09-09T04:51:56.324544Z [INFO] webgcs: Monitoring test message 46
2025-09-09T04:51:56.324547Z [INFO] webgcs: Monitoring test message 47
2025-09-09T04:51:56.324551Z [INFO] webgcs: Monitoring test message 48
2025-09-09T04:51:56.324556Z [INFO] webgcs: Monitoring test message 49
2025-09-09T04:51:56.338319Z [DEBUG] webgcs: Level DEBUG message 0
2025-09-09T04:51:56.351950Z [ERROR] webgcs: Global error test 0
2025-09-09T04:51:56.351975Z [INFO] webgcs: Global info test 2
2025-09-09T04:51:56.351980Z [INFO] webgcs: Global info test 3
2025-09-09T04:51:56.351984Z [INFO] webgcs: Global info test 4
2025-09-09T04:51:56.351988Z [INFO] global_test: Telemetry update
2025-09-09T04:51:56.351993Z [INFO] webgcs: Global info test 6
2025-09-09T04:51:56.351997Z [INFO] webgcs: Global info test 7
2025-09-09T04:51:56.352001Z [INFO] webgcs: Global info test 8
2025-09-09T04:51:56.352005Z [INFO] webgcs: Global info test 9
2025-09-09T04:51:56.352009Z [ERROR] webgcs: Global error test 10
2025-09-09T04:51:56.352013Z [INFO] webgcs: Global info test 11
2025-09-09T04:51:56.352017Z [INFO] webgcs: Global info test 12
2025-09-09T04:51:56.352020Z [INFO] webgcs: Global info test 13
2025-09-09T04:51:56.352024Z [INFO] webgcs: Global info test 14
2025-09-09T04:51:56.352028Z [INFO] global_test: Telemetry update
2025-09-09T04:51:56.352032Z [INFO] webgcs: Global info test 16
2025-09-09T04:51:56.352036Z [INFO] webgcs: Global info test 17
2025-09-09T04:51:56.352040Z [INFO] webgcs: Global info test 18
2025-09-09T04:51:56.352044Z [INFO] webgcs: Global info test 19
2025-09-09T04:51:56.352049Z [ERROR] webgcs: Global error test 20
2025-09-09T04:51:56.352055Z [INFO] webgcs: Global info test 21
2025-09-09T04:51:56.352059Z [INFO] webgcs: Global info test 22
2025-09-09T04:51:56.352062Z [INFO] webgcs: Global info test 23
2025-09-09T04:51:56.352066Z [INFO] webgcs: Global info test 24
2025-09-09T04:51:56.352070Z [INFO] global_test: Telemetry update
2025-09-09T04:51:56.352074Z [INFO] webgcs: Global info test 26
2025-09-09T04:51:56.352078Z [INFO] webgcs: Global info test 27
2025-09-09T04:51:56.352081Z [INFO] webgcs: Global info test 28
2025-09-09T04:51:56.352087Z [INFO] webgcs: Global info test 29
2025-09-09T04:51:56.352091Z [ERROR] webgcs: Global error test 30
2025-09-09T04:51:56.352094Z [INFO] webgcs: Global info test 31
2025-09-09T04:51:56.352098Z [INFO] webgcs: Global info test 32
2025-09-09T04:51:56.352103Z [INFO] webgcs: Global info test 33
2025-09-09T04:51:56.352107Z [INFO] webgcs: Global info test 34
2025-09-09T04:51:56.352110Z [INFO] global_test: Telemetry update
2025-09-09T04:51:56.352114Z [INFO] webgcs: Global info test 36
2025-09-09T04:51:56.352118Z [INFO] webgcs: Global info test 37
2025-09-09T04:51:56.352121Z [INFO] webgcs: Global info test 38
2025-09-09T04:51:56.352125Z [INFO] webgcs: Global info test 39
2025-09-09T04:51:56.352129Z [ERROR] webgcs: Global error test 40
2025-09-09T04:51:56.352133Z [INFO] webgcs: Global info test 41
2025-09-09T04:51:56.352136Z [INFO] webgcs: Global info test 42
2025-09-09T04:51:56.352141Z [INFO] webgcs: Global info test 43
2025-09-09T04:51:56.352145Z [INFO] webgcs: Global info test 44
2025-09-09T04:51:56.352149Z [INFO] global_test: Telemetry update
2025-09-09T04:51:56.352153Z [INFO] webgcs: Global info test 46
2025-09-09T04:51:56.352156Z [INFO] webgcs: Global info test 47
2025-09-09T04:51:56.352160Z [INFO] webgcs: Global info test 48
2025-09-09T04:51:56.352164Z [INFO] webgcs: Global info test 49
2025-09-09T04:51:56.362520Z [INFO] webgcs: Memory test batch 0 message 0
2025-09-09T04:51:56.387465Z [INFO] webgcs: Memory test batch 1 message 700
2025-09-09T04:51:56.408863Z [INFO] webgcs: Memory test batch 2 message 500
2025-09-09T04:51:56.431186Z [INFO] webgcs: Memory test batch 3 message 600
2025-09-09T04:51:56.452914Z [INFO] webgcs: Memory test batch 4 message 600
2025-09-09T04:51:56.452922Z [INFO] webgcs: Memory test batch 4 message 601
2025-09-09T04:51:56.474908Z [INFO] webgcs: Memory test batch 5 message 600
2025-09-09T04:51:56.496355Z [INFO] webgcs: Memory test batch 6 message 400
2025-09-09T04:51:56.502712Z [INFO] webgcs: Memory test batch 6 message 901
2025-09-09T04:51:56.522267Z [INFO] webgcs: Memory test batch 7 message 600
2025-09-09T04:51:56.544138Z [INFO] webgcs: Memory test batch 8 message 600
2025-09-09T04:51:56.564622Z [INFO] webgcs: Memory test batch 9 message 500
2025-09-09T04:51:56.627010Z [INFO] webgcs: Shutdown test message 0
2025-09-09T04:52:15.187518Z [INFO] webgcs: Test batch 0 message 0
2025-09-09T04:52:36.199797Z [INFO] webgcs: Memory test batch 0 message 0
2025-09-09T04:52:36.245035Z [INFO] webgcs: Memory test batch 2 message 400
2025-09-09T04:52:36.268514Z [INFO] webgcs: Memory test batch 3 message 600
2025-09-09T04:52:36.289891Z [INFO] webgcs: Memory test batch 4 message 700
2025-09-09T04:52:36.310461Z [INFO] webgcs: Memory test batch 5 message 700
2025-09-09T04:52:36.331702Z [INFO] webgcs: Memory test batch 6 message 700
2025-09-09T04:52:36.352790Z [INFO] webgcs: Memory test batch 7 message 700
2025-09-09T04:52:36.373470Z [INFO] webgcs: Memory test batch 8 message 700
2025-09-09T04:52:36.394590Z [INFO] webgcs: Memory test batch 9 message 700
2025-09-09T04:52:54.398557Z [INFO] webgcs: Memory test batch 0 message 0
2025-09-09T04:52:54.399066Z [INFO] webgcs: Memory test batch 0 message 101
2025-09-09T04:52:54.399069Z [INFO] webgcs: Memory test batch 0 message 102
2025-09-09T04:52:54.422425Z [INFO] webgcs: Memory test batch 1 message 700
2025-09-09T04:52:54.422431Z [INFO] webgcs: Memory test batch 1 message 701
2025-09-09T04:52:54.422437Z [INFO] webgcs: Memory test batch 1 message 702
2025-09-09T04:52:54.443302Z [INFO] webgcs: Memory test batch 2 message 900
2025-09-09T04:52:54.479561Z [INFO] webgcs: Memory test batch 4 message 800
2025-09-09T04:52:54.499595Z [INFO] webgcs: Memory test batch 5 message 700
2025-09-09T04:52:54.519728Z [INFO] webgcs: Memory test batch 6 message 800
2025-09-09T04:52:54.539900Z [INFO] webgcs: Memory test batch 7 message 900
2025-09-09T04:52:54.558040Z [INFO] webgcs: Memory test batch 8 message 800
2025-09-09T04:52:54.577796Z [INFO] webgcs: Memory test batch 9 message 700
2025-09-09T04:52:54.577802Z [INFO] webgcs: Memory test batch 9 message 701
2025-09-09T04:53:20.645539Z [INFO] webgcs: Memory test batch 0 message 0
2025-09-09T04:53:20.667788Z [INFO] webgcs: Memory test batch 1 message 700
2025-09-09T04:53:20.667795Z [INFO] webgcs: Memory test batch 1 message 701
2025-09-09T04:53:20.667803Z [INFO] webgcs: Memory test batch 1 message 702
2025-09-09T04:53:20.688180Z [INFO] webgcs: Memory test batch 2 message 600
2025-09-09T04:53:20.688187Z [INFO] webgcs: Memory test batch 2 message 601
2025-09-09T04:53:20.688195Z [INFO] webgcs: Memory test batch 2 message 602
2025-09-09T04:53:20.754511Z [INFO] webgcs: Memory test batch 4 message 200
2025-09-09T04:53:20.754519Z [INFO] webgcs: Memory test batch 4 message 201
2025-09-09T04:53:20.754557Z [INFO] webgcs: Memory test batch 4 message 202
2025-09-09T04:53:20.754566Z [INFO] webgcs: Memory test batch 4 message 203
2025-09-09T04:53:20.762030Z [INFO] webgcs: Memory test batch 4 message 604
2025-09-09T04:53:20.762038Z [INFO] webgcs: Memory test batch 4 message 605
2025-09-09T04:53:20.784860Z [INFO] webgcs: Memory test batch 5 message 600
2025-09-09T04:53:20.784868Z [INFO] webgcs: Memory test batch 5 message 601
2025-09-09T04:53:20.806356Z [INFO] webgcs: Memory test batch 6 message 500
2025-09-09T04:53:20.829999Z [INFO] webgcs: Memory test batch 7 message 600
2025-09-09T04:53:20.850989Z [INFO] webgcs: Memory test batch 8 message 600
2025-09-09T04:53:20.850996Z [INFO] webgcs: Memory test batch 8 message 601
2025-09-09T04:53:20.873209Z [INFO] webgcs: Memory test batch 9 message 700
2025-09-09T04:53:20.873216Z [INFO] webgcs: Memory test batch 9 message 701
2025-09-09T04:53:27.287510Z [INFO] webgcs: Warmup message
2025-09-09T04:53:27.288044Z [INFO] webgcs: Performance test message 91
2025-09-09T04:53:27.288047Z [INFO] webgcs: Performance test message 92
2025-09-09T04:53:27.288051Z [INFO] webgcs: Performance test message 93
2025-09-09T04:53:27.288055Z [INFO] webgcs: Performance test message 94
2025-09-09T04:53:27.288058Z [INFO] webgcs: Performance test message 95
2025-09-09T04:53:27.288062Z [INFO] webgcs: Performance test message 96
2025-09-09T04:53:27.288065Z [INFO] webgcs: Performance test message 97
2025-09-09T04:53:27.288069Z [INFO] webgcs: Performance test message 98
2025-09-09T04:53:27.288072Z [INFO] webgcs: Performance test message 99
2025-09-09T04:53:27.288041Z [INFO] webgcs: Performance test message 90
2025-09-09T04:53:27.288044Z [INFO] webgcs: Performance test message 91
2025-09-09T04:53:27.288047Z [INFO] webgcs: Performance test message 92
2025-09-09T04:53:27.288051Z [INFO] webgcs: Performance test message 93
2025-09-09T04:53:27.288055Z [INFO] webgcs: Performance test message 94
2025-09-09T04:53:27.288058Z [INFO] webgcs: Performance test message 95
2025-09-09T04:53:27.288062Z [INFO] webgcs: Performance test message 96
2025-09-09T04:53:27.288065Z [INFO] webgcs: Performance test message 97
2025-09-09T04:53:27.288069Z [INFO] webgcs: Performance test message 98
2025-09-09T04:53:27.288072Z [INFO] webgcs: Performance test message 99
2025-09-09T04:53:27.301986Z [INFO] webgcs: Burst test message 0
2025-09-09T04:53:27.323136Z [INFO] webgcs: Thread 0 message 0
2025-09-09T04:53:27.325827Z [INFO] webgcs: Thread 3 message 0
2025-09-09T04:53:27.325842Z [INFO] webgcs: Thread 3 message 1
2025-09-09T04:53:27.325848Z [INFO] webgcs: Thread 3 message 2
2025-09-09T04:53:27.325853Z [INFO] webgcs: Thread 3 message 3
2025-09-09T04:53:27.325857Z [INFO] webgcs: Thread 3 message 4
2025-09-09T04:53:27.345545Z [INFO] telemetry: Telemetry update
2025-09-09T04:53:27.359257Z [INFO] webgcs: Monitoring test message 0
2025-09-09T04:53:27.359268Z [INFO] webgcs: Monitoring test message 1
2025-09-09T04:53:27.359273Z [INFO] webgcs: Monitoring test message 2
2025-09-09T04:53:27.359276Z [INFO] webgcs: Monitoring test message 3
2025-09-09T04:53:27.359279Z [INFO] webgcs: Monitoring test message 4
2025-09-09T04:53:27.359283Z [INFO] webgcs: Monitoring test message 5
2025-09-09T04:53:27.359285Z [INFO] webgcs: Monitoring test message 6
2025-09-09T04:53:27.359288Z [INFO] webgcs: Monitoring test message 7
2025-09-09T04:53:27.359291Z [INFO] webgcs: Monitoring test message 8
2025-09-09T04:53:27.359294Z [INFO] webgcs: Monitoring test message 9
2025-09-09T04:53:27.359297Z [INFO] webgcs: Monitoring test message 10
2025-09-09T04:53:27.359300Z [INFO] webgcs: Monitoring test message 11
2025-09-09T04:53:27.359303Z [INFO] webgcs: Monitoring test message 12
2025-09-09T04:53:27.359306Z [INFO] webgcs: Monitoring test message 13
2025-09-09T04:53:27.359309Z [INFO] webgcs: Monitoring test message 14
2025-09-09T04:53:27.359312Z [INFO] webgcs: Monitoring test message 15
2025-09-09T04:53:27.359315Z [INFO] webgcs: Monitoring test message 16
2025-09-09T04:53:27.359318Z [INFO] webgcs: Monitoring test message 17
2025-09-09T04:53:27.359320Z [INFO] webgcs: Monitoring test message 18
2025-09-09T04:53:27.359323Z [INFO] webgcs: Monitoring test message 19
2025-09-09T04:53:27.359326Z [INFO] webgcs: Monitoring test message 20
2025-09-09T04:53:27.359329Z [INFO] webgcs: Monitoring test message 21
2025-09-09T04:53:27.359332Z [INFO] webgcs: Monitoring test message 22
2025-09-09T04:53:27.359335Z [INFO] webgcs: Monitoring test message 23
2025-09-09T04:53:27.359337Z [INFO] webgcs: Monitoring test message 24
2025-09-09T04:53:27.359340Z [INFO] webgcs: Monitoring test message 25
2025-09-09T04:53:27.359343Z [INFO] webgcs: Monitoring test message 26
2025-09-09T04:53:27.359346Z [INFO] webgcs: Monitoring test message 27
2025-09-09T04:53:27.359349Z [INFO] webgcs: Monitoring test message 28
2025-09-09T04:53:27.359352Z [INFO] webgcs: Monitoring test message 29
2025-09-09T04:53:27.359355Z [INFO] webgcs: Monitoring test message 30
2025-09-09T04:53:27.359357Z [INFO] webgcs: Monitoring test message 31
2025-09-09T04:53:27.359360Z [INFO] webgcs: Monitoring test message 32
2025-09-09T04:53:27.359364Z [INFO] webgcs: Monitoring test message 33
2025-09-09T04:53:27.359367Z [INFO] webgcs: Monitoring test message 34
2025-09-09T04:53:27.359370Z [INFO] webgcs: Monitoring test message 35
2025-09-09T04:53:27.359373Z [INFO] webgcs: Monitoring test message 36
2025-09-09T04:53:27.359376Z [INFO] webgcs: Monitoring test message 37
2025-09-09T04:53:27.359379Z [INFO] webgcs: Monitoring test message 38
2025-09-09T04:53:27.359382Z [INFO] webgcs: Monitoring test message 39
2025-09-09T04:53:27.359385Z [INFO] webgcs: Monitoring test message 40
2025-09-09T04:53:27.359390Z [INFO] webgcs: Monitoring test message 41
2025-09-09T04:53:27.359393Z [INFO] webgcs: Monitoring test message 42
2025-09-09T04:53:27.359396Z [INFO] webgcs: Monitoring test message 43
2025-09-09T04:53:27.359399Z [INFO] webgcs: Monitoring test message 44
2025-09-09T04:53:27.359402Z [INFO] webgcs: Monitoring test message 45
2025-09-09T04:53:27.359405Z [INFO] webgcs: Monitoring test message 46
2025-09-09T04:53:27.359408Z [INFO] webgcs: Monitoring test message 47
2025-09-09T04:53:27.359411Z [INFO] webgcs: Monitoring test message 48
2025-09-09T04:53:27.359414Z [INFO] webgcs: Monitoring test message 49
2025-09-09T04:53:27.370995Z [DEBUG] webgcs: Level DEBUG message 0
2025-09-09T04:53:27.384814Z [ERROR] webgcs: Global error test 0
2025-09-09T04:53:27.397803Z [INFO] webgcs: Memory test batch 0 message 0
2025-09-09T04:53:27.421483Z [INFO] webgcs: Memory test batch 1 message 900
2025-09-09T04:53:27.440460Z [INFO] webgcs: Memory test batch 2 message 700
2025-09-09T04:53:27.461077Z [INFO] webgcs: Memory test batch 3 message 800
2025-09-09T04:53:27.481787Z [INFO] webgcs: Memory test batch 4 message 900
2025-09-09T04:53:27.501001Z [INFO] webgcs: Memory test batch 5 message 800
2025-09-09T04:53:27.519688Z [INFO] webgcs: Memory test batch 6 message 700
2025-09-09T04:53:27.540137Z [INFO] webgcs: Memory test batch 7 message 800
2025-09-09T04:53:27.540143Z [INFO] webgcs: Memory test batch 7 message 801
2025-09-09T04:53:27.560098Z [INFO] webgcs: Memory test batch 8 message 800
2025-09-09T04:53:27.580049Z [INFO] webgcs: Memory test batch 9 message 800
2025-09-09T04:53:27.628702Z [INFO] webgcs: Shutdown test message 0
2025-09-09T04:54:11.391663Z [INFO] webgcs: WebGCS system starting up
2025-09-09T04:54:12.416982Z [INFO] webgcs: Performance test message 1
2025-09-09T04:54:12.418833Z [INFO] worker_0: Concurrent message 2
2025-09-09T04:54:12.418839Z [INFO] worker_0: Concurrent message 3
2025-09-09T04:54:12.418844Z [INFO] worker_0: Concurrent message 4
2025-09-09T04:54:12.418849Z [INFO] worker_0: Concurrent message 5
2025-09-09T04:54:12.418854Z [INFO] worker_0: Concurrent message 6
2025-09-09T04:54:12.418858Z [INFO] worker_0: Concurrent message 7
2025-09-09T04:54:12.418863Z [INFO] worker_0: Concurrent message 8
2025-09-09T04:54:12.418867Z [INFO] worker_0: Concurrent message 9
2025-09-09T04:54:12.418871Z [INFO] worker_0: Concurrent message 10
2025-09-09T04:54:12.418876Z [INFO] worker_0: Concurrent message 11
2025-09-09T04:54:12.418880Z [INFO] worker_0: Concurrent message 12
2025-09-09T04:54:12.418884Z [INFO] worker_0: Concurrent message 13
2025-09-09T04:54:12.418888Z [INFO] worker_0: Concurrent message 14
2025-09-09T04:54:12.418892Z [INFO] worker_0: Concurrent message 15
2025-09-09T04:54:12.418896Z [INFO] worker_0: Concurrent message 16
2025-09-09T04:54:12.418901Z [INFO] worker_0: Concurrent message 17
2025-09-09T04:54:12.418905Z [INFO] worker_0: Concurrent message 18
2025-09-09T04:54:12.418909Z [INFO] worker_0: Concurrent message 19
2025-09-09T04:54:12.419012Z [INFO] worker_2: Concurrent message 0
2025-09-09T04:54:12.419021Z [INFO] worker_2: Concurrent message 1
2025-09-09T04:54:12.419026Z [INFO] worker_2: Concurrent message 2
2025-09-09T04:54:12.419031Z [INFO] worker_2: Concurrent message 3
2025-09-09T04:54:12.419035Z [INFO] worker_2: Concurrent message 4
2025-09-09T04:54:12.419039Z [INFO] worker_2: Concurrent message 5
2025-09-09T04:54:12.419044Z [INFO] worker_2: Concurrent message 6
2025-09-09T04:54:12.419048Z [INFO] worker_2: Concurrent message 7
2025-09-09T04:54:12.419052Z [INFO] worker_2: Concurrent message 8
2025-09-09T04:54:12.419056Z [INFO] worker_2: Concurrent message 9
2025-09-09T04:54:12.419061Z [INFO] worker_2: Concurrent message 10
2025-09-09T04:54:12.419065Z [INFO] worker_2: Concurrent message 11
2025-09-09T04:54:12.419069Z [INFO] worker_2: Concurrent message 12
2025-09-09T04:54:12.419073Z [INFO] worker_2: Concurrent message 13
2025-09-09T04:54:12.419077Z [INFO] worker_2: Concurrent message 14
2025-09-09T04:54:12.419081Z [INFO] worker_2: Concurrent message 15
2025-09-09T04:54:12.419085Z [INFO] worker_2: Concurrent message 16
2025-09-09T04:54:12.419090Z [INFO] worker_2: Concurrent message 17
2025-09-09T04:54:12.419094Z [INFO] worker_2: Concurrent message 18
2025-09-09T04:54:12.419098Z [INFO] worker_2: Concurrent message 19
2025-09-09T04:54:12.419160Z [INFO] worker_4: Concurrent message 0
2025-09-09T04:54:12.419166Z [INFO] worker_4: Concurrent message 1
2025-09-09T04:54:12.419171Z [INFO] worker_4: Concurrent message 2
2025-09-09T04:54:12.419175Z [INFO] worker_4: Concurrent message 3
2025-09-09T04:54:12.419180Z [INFO] worker_4: Concurrent message 4
2025-09-09T04:54:12.419184Z [INFO] worker_4: Concurrent message 5
2025-09-09T04:54:12.419188Z [INFO] worker_4: Concurrent message 6
2025-09-09T04:54:12.419195Z [INFO] worker_4: Concurrent message 7
2025-09-09T04:54:12.419200Z [INFO] worker_4: Concurrent message 8
2025-09-09T04:54:12.419205Z [INFO] worker_4: Concurrent message 9
2025-09-09T04:54:12.419209Z [INFO] worker_4: Concurrent message 10
2025-09-09T04:54:12.419213Z [INFO] worker_4: Concurrent message 11
2025-09-09T04:54:12.419218Z [INFO] worker_4: Concurrent message 12
2025-09-09T04:54:12.419222Z [INFO] worker_4: Concurrent message 13
2025-09-09T04:54:12.419226Z [INFO] worker_4: Concurrent message 14
2025-09-09T04:54:12.419231Z [INFO] worker_4: Concurrent message 15
2025-09-09T04:54:12.419235Z [INFO] worker_4: Concurrent message 16
2025-09-09T04:54:12.419239Z [INFO] worker_4: Concurrent message 17
2025-09-09T04:54:12.419244Z [INFO] worker_4: Concurrent message 18
2025-09-09T04:54:12.419248Z [INFO] worker_4: Concurrent message 19
2025-09-09T04:54:12.419274Z [INFO] worker_3: Concurrent message 0
2025-09-09T04:54:12.419285Z [INFO] worker_3: Concurrent message 1
2025-09-09T04:54:12.419290Z [INFO] worker_3: Concurrent message 2
2025-09-09T04:54:12.419295Z [INFO] worker_3: Concurrent message 3
2025-09-09T04:54:12.419299Z [INFO] worker_3: Concurrent message 4
2025-09-09T04:54:12.419303Z [INFO] worker_3: Concurrent message 5
2025-09-09T04:54:12.419308Z [INFO] worker_3: Concurrent message 6
2025-09-09T04:54:12.419312Z [INFO] worker_3: Concurrent message 7
2025-09-09T04:54:12.419316Z [INFO] worker_3: Concurrent message 8
2025-09-09T04:54:12.419320Z [INFO] worker_3: Concurrent message 9
2025-09-09T04:54:12.419325Z [INFO] worker_3: Concurrent message 10
2025-09-09T04:54:12.419329Z [INFO] worker_3: Concurrent message 11
2025-09-09T04:54:12.419333Z [INFO] worker_3: Concurrent message 12
2025-09-09T04:54:12.419337Z [INFO] worker_3: Concurrent message 13
2025-09-09T04:54:12.419342Z [INFO] worker_3: Concurrent message 14
2025-09-09T04:54:12.419346Z [INFO] worker_3: Concurrent message 15
2025-09-09T04:54:12.419350Z [INFO] worker_3: Concurrent message 16
2025-09-09T04:54:12.419354Z [INFO] worker_3: Concurrent message 17
2025-09-09T04:54:12.419359Z [INFO] worker_3: Concurrent message 18
2025-09-09T04:54:12.419363Z [INFO] worker_3: Concurrent message 19
2025-09-09T04:54:12.419379Z [INFO] worker_1: Concurrent message 0
2025-09-09T04:54:12.419385Z [INFO] worker_1: Concurrent message 1
2025-09-09T04:54:12.419389Z [INFO] worker_1: Concurrent message 2
2025-09-09T04:54:12.419394Z [INFO] worker_1: Concurrent message 3
2025-09-09T04:54:12.419398Z [INFO] worker_1: Concurrent message 4
2025-09-09T04:54:12.419402Z [INFO] worker_1: Concurrent message 5
2025-09-09T04:54:12.419407Z [INFO] worker_1: Concurrent message 6
2025-09-09T04:54:12.419411Z [INFO] worker_1: Concurrent message 7
2025-09-09T04:54:12.419415Z [INFO] worker_1: Concurrent message 8
2025-09-09T04:54:12.419419Z [INFO] worker_1: Concurrent message 9
2025-09-09T04:54:12.419423Z [INFO] worker_1: Concurrent message 10
2025-09-09T04:54:12.419428Z [INFO] worker_1: Concurrent message 11
2025-09-09T04:54:12.419432Z [INFO] worker_1: Concurrent message 12
2025-09-09T04:54:12.419436Z [INFO] worker_1: Concurrent message 13
2025-09-09T04:54:12.419440Z [INFO] worker_1: Concurrent message 14
2025-09-09T04:54:12.419444Z [INFO] worker_1: Concurrent message 15
2025-09-09T04:54:12.419449Z [INFO] worker_1: Concurrent message 16
2025-09-09T04:54:12.419678Z [INFO] worker_1: Concurrent message 17
2025-09-09T04:54:12.419683Z [INFO] worker_1: Concurrent message 18
2025-09-09T04:54:12.419691Z [INFO] worker_1: Concurrent message 19
2025-09-09T04:54:12.418823Z [INFO] worker_0: Concurrent message 1
2025-09-09T04:54:12.418833Z [INFO] worker_0: Concurrent message 2
2025-09-09T04:54:12.418839Z [INFO] worker_0: Concurrent message 3
2025-09-09T04:54:12.418844Z [INFO] worker_0: Concurrent message 4
2025-09-09T04:54:12.418849Z [INFO] worker_0: Concurrent message 5
2025-09-09T04:54:12.418854Z [INFO] worker_0: Concurrent message 6
2025-09-09T04:54:12.418858Z [INFO] worker_0: Concurrent message 7
2025-09-09T04:54:12.418863Z [INFO] worker_0: Concurrent message 8
2025-09-09T04:54:12.418867Z [INFO] worker_0: Concurrent message 9
2025-09-09T04:54:12.418871Z [INFO] worker_0: Concurrent message 10
2025-09-09T04:54:12.418876Z [INFO] worker_0: Concurrent message 11
2025-09-09T04:54:12.418880Z [INFO] worker_0: Concurrent message 12
2025-09-09T04:54:12.418884Z [INFO] worker_0: Concurrent message 13
2025-09-09T04:54:12.418888Z [INFO] worker_0: Concurrent message 14
2025-09-09T04:54:12.418892Z [INFO] worker_0: Concurrent message 15
2025-09-09T04:54:12.418896Z [INFO] worker_0: Concurrent message 16
2025-09-09T04:54:12.418901Z [INFO] worker_0: Concurrent message 17
2025-09-09T04:54:12.418905Z [INFO] worker_0: Concurrent message 18
2025-09-09T04:54:12.418909Z [INFO] worker_0: Concurrent message 19
2025-09-09T04:54:12.419012Z [INFO] worker_2: Concurrent message 0
2025-09-09T04:54:12.419021Z [INFO] worker_2: Concurrent message 1
2025-09-09T04:54:12.419026Z [INFO] worker_2: Concurrent message 2
2025-09-09T04:54:12.419031Z [INFO] worker_2: Concurrent message 3
2025-09-09T04:54:12.419035Z [INFO] worker_2: Concurrent message 4
2025-09-09T04:54:12.419039Z [INFO] worker_2: Concurrent message 5
2025-09-09T04:54:12.419044Z [INFO] worker_2: Concurrent message 6
2025-09-09T04:54:12.419048Z [INFO] worker_2: Concurrent message 7
2025-09-09T04:54:12.419052Z [INFO] worker_2: Concurrent message 8
2025-09-09T04:54:12.419056Z [INFO] worker_2: Concurrent message 9
2025-09-09T04:54:12.419061Z [INFO] worker_2: Concurrent message 10
2025-09-09T04:54:12.419065Z [INFO] worker_2: Concurrent message 11
2025-09-09T04:54:12.419069Z [INFO] worker_2: Concurrent message 12
2025-09-09T04:54:12.419073Z [INFO] worker_2: Concurrent message 13
2025-09-09T04:54:12.419077Z [INFO] worker_2: Concurrent message 14
2025-09-09T04:54:12.419081Z [INFO] worker_2: Concurrent message 15
2025-09-09T04:54:12.419085Z [INFO] worker_2: Concurrent message 16
2025-09-09T04:54:12.419090Z [INFO] worker_2: Concurrent message 17
2025-09-09T04:54:12.419094Z [INFO] worker_2: Concurrent message 18
2025-09-09T04:54:12.419098Z [INFO] worker_2: Concurrent message 19
2025-09-09T04:54:12.419160Z [INFO] worker_4: Concurrent message 0
2025-09-09T04:54:12.419166Z [INFO] worker_4: Concurrent message 1
2025-09-09T04:54:12.419171Z [INFO] worker_4: Concurrent message 2
2025-09-09T04:54:12.419175Z [INFO] worker_4: Concurrent message 3
2025-09-09T04:54:12.419180Z [INFO] worker_4: Concurrent message 4
2025-09-09T04:54:12.419184Z [INFO] worker_4: Concurrent message 5
2025-09-09T04:54:12.419188Z [INFO] worker_4: Concurrent message 6
2025-09-09T04:54:12.419195Z [INFO] worker_4: Concurrent message 7
2025-09-09T04:54:12.419200Z [INFO] worker_4: Concurrent message 8
2025-09-09T04:54:12.419205Z [INFO] worker_4: Concurrent message 9
2025-09-09T04:54:12.419209Z [INFO] worker_4: Concurrent message 10
2025-09-09T04:54:12.419213Z [INFO] worker_4: Concurrent message 11
2025-09-09T04:54:12.419218Z [INFO] worker_4: Concurrent message 12
2025-09-09T04:54:12.419222Z [INFO] worker_4: Concurrent message 13
2025-09-09T04:54:12.419226Z [INFO] worker_4: Concurrent message 14
2025-09-09T04:54:12.419231Z [INFO] worker_4: Concurrent message 15
2025-09-09T04:54:12.419235Z [INFO] worker_4: Concurrent message 16
2025-09-09T04:54:12.419239Z [INFO] worker_4: Concurrent message 17
2025-09-09T04:54:12.419244Z [INFO] worker_4: Concurrent message 18
2025-09-09T04:54:12.419248Z [INFO] worker_4: Concurrent message 19
2025-09-09T04:54:12.419274Z [INFO] worker_3: Concurrent message 0
2025-09-09T04:54:12.419285Z [INFO] worker_3: Concurrent message 1
2025-09-09T04:54:12.419290Z [INFO] worker_3: Concurrent message 2
2025-09-09T04:54:12.419295Z [INFO] worker_3: Concurrent message 3
2025-09-09T04:54:12.419299Z [INFO] worker_3: Concurrent message 4
2025-09-09T04:54:12.419303Z [INFO] worker_3: Concurrent message 5
2025-09-09T04:54:12.419308Z [INFO] worker_3: Concurrent message 6
2025-09-09T04:54:12.419312Z [INFO] worker_3: Concurrent message 7
2025-09-09T04:54:12.419316Z [INFO] worker_3: Concurrent message 8
2025-09-09T04:54:12.419320Z [INFO] worker_3: Concurrent message 9
2025-09-09T04:54:12.419325Z [INFO] worker_3: Concurrent message 10
2025-09-09T04:54:12.419329Z [INFO] worker_3: Concurrent message 11
2025-09-09T04:54:12.419333Z [INFO] worker_3: Concurrent message 12
2025-09-09T04:54:12.419337Z [INFO] worker_3: Concurrent message 13
2025-09-09T04:54:12.419342Z [INFO] worker_3: Concurrent message 14
2025-09-09T04:54:12.419346Z [INFO] worker_3: Concurrent message 15
2025-09-09T04:54:12.419350Z [INFO] worker_3: Concurrent message 16
2025-09-09T04:54:12.419354Z [INFO] worker_3: Concurrent message 17
2025-09-09T04:54:12.419359Z [INFO] worker_3: Concurrent message 18
2025-09-09T04:54:12.419363Z [INFO] worker_3: Concurrent message 19
2025-09-09T04:54:12.419379Z [INFO] worker_1: Concurrent message 0
2025-09-09T04:54:12.419385Z [INFO] worker_1: Concurrent message 1
2025-09-09T04:54:12.419389Z [INFO] worker_1: Concurrent message 2
2025-09-09T04:54:12.419394Z [INFO] worker_1: Concurrent message 3
2025-09-09T04:54:12.419398Z [INFO] worker_1: Concurrent message 4
2025-09-09T04:54:12.419402Z [INFO] worker_1: Concurrent message 5
2025-09-09T04:54:12.419407Z [INFO] worker_1: Concurrent message 6
2025-09-09T04:54:12.419411Z [INFO] worker_1: Concurrent message 7
2025-09-09T04:54:12.419415Z [INFO] worker_1: Concurrent message 8
2025-09-09T04:54:12.419419Z [INFO] worker_1: Concurrent message 9
2025-09-09T04:54:12.419423Z [INFO] worker_1: Concurrent message 10
2025-09-09T04:54:12.419428Z [INFO] worker_1: Concurrent message 11
2025-09-09T04:54:12.419432Z [INFO] worker_1: Concurrent message 12
2025-09-09T04:54:12.419436Z [INFO] worker_1: Concurrent message 13
2025-09-09T04:54:12.419440Z [INFO] worker_1: Concurrent message 14
2025-09-09T04:54:12.419444Z [INFO] worker_1: Concurrent message 15
2025-09-09T04:54:12.419449Z [INFO] worker_1: Concurrent message 16
2025-09-09T04:54:12.419678Z [INFO] worker_1: Concurrent message 17
2025-09-09T04:54:12.419683Z [INFO] worker_1: Concurrent message 18
2025-09-09T04:54:12.419691Z [INFO] worker_1: Concurrent message 19
2025-09-09T04:54:12.418823Z [INFO] worker_0: Concurrent message 1
2025-09-09T04:54:12.418833Z [INFO] worker_0: Concurrent message 2
2025-09-09T04:54:12.418839Z [INFO] worker_0: Concurrent message 3
2025-09-09T04:54:12.418844Z [INFO] worker_0: Concurrent message 4
2025-09-09T04:54:12.418849Z [INFO] worker_0: Concurrent message 5
2025-09-09T04:54:12.418854Z [INFO] worker_0: Concurrent message 6
2025-09-09T04:54:12.418858Z [INFO] worker_0: Concurrent message 7
2025-09-09T04:54:12.418863Z [INFO] worker_0: Concurrent message 8
2025-09-09T04:54:12.418867Z [INFO] worker_0: Concurrent message 9
2025-09-09T04:54:12.418871Z [INFO] worker_0: Concurrent message 10
2025-09-09T04:54:12.418876Z [INFO] worker_0: Concurrent message 11
2025-09-09T04:54:12.418880Z [INFO] worker_0: Concurrent message 12
2025-09-09T04:54:12.418884Z [INFO] worker_0: Concurrent message 13
2025-09-09T04:54:12.418888Z [INFO] worker_0: Concurrent message 14
2025-09-09T04:54:12.418892Z [INFO] worker_0: Concurrent message 15
2025-09-09T04:54:12.418896Z [INFO] worker_0: Concurrent message 16
2025-09-09T04:54:12.418901Z [INFO] worker_0: Concurrent message 17
2025-09-09T04:54:12.418905Z [INFO] worker_0: Concurrent message 18
2025-09-09T04:54:12.418909Z [INFO] worker_0: Concurrent message 19
2025-09-09T04:54:12.419012Z [INFO] worker_2: Concurrent message 0
2025-09-09T04:54:12.419021Z [INFO] worker_2: Concurrent message 1
2025-09-09T04:54:12.419026Z [INFO] worker_2: Concurrent message 2
2025-09-09T04:54:12.419031Z [INFO] worker_2: Concurrent message 3
2025-09-09T04:54:12.419035Z [INFO] worker_2: Concurrent message 4
2025-09-09T04:54:12.419039Z [INFO] worker_2: Concurrent message 5
2025-09-09T04:54:12.419044Z [INFO] worker_2: Concurrent message 6
2025-09-09T04:54:12.419048Z [INFO] worker_2: Concurrent message 7
2025-09-09T04:54:12.419052Z [INFO] worker_2: Concurrent message 8
2025-09-09T04:54:12.419056Z [INFO] worker_2: Concurrent message 9
2025-09-09T04:54:12.419061Z [INFO] worker_2: Concurrent message 10
2025-09-09T04:54:12.419065Z [INFO] worker_2: Concurrent message 11
2025-09-09T04:54:12.419069Z [INFO] worker_2: Concurrent message 12
2025-09-09T04:54:12.419073Z [INFO] worker_2: Concurrent message 13
2025-09-09T04:54:12.419077Z [INFO] worker_2: Concurrent message 14
2025-09-09T04:54:12.419081Z [INFO] worker_2: Concurrent message 15
2025-09-09T04:54:12.419085Z [INFO] worker_2: Concurrent message 16
2025-09-09T04:54:12.419090Z [INFO] worker_2: Concurrent message 17
2025-09-09T04:54:12.419094Z [INFO] worker_2: Concurrent message 18
2025-09-09T04:54:12.419098Z [INFO] worker_2: Concurrent message 19
2025-09-09T04:54:12.419160Z [INFO] worker_4: Concurrent message 0
2025-09-09T04:54:12.419166Z [INFO] worker_4: Concurrent message 1
2025-09-09T04:54:12.419171Z [INFO] worker_4: Concurrent message 2
2025-09-09T04:54:12.419175Z [INFO] worker_4: Concurrent message 3
2025-09-09T04:54:12.419180Z [INFO] worker_4: Concurrent message 4
2025-09-09T04:54:12.419184Z [INFO] worker_4: Concurrent message 5
2025-09-09T04:54:12.419188Z [INFO] worker_4: Concurrent message 6
2025-09-09T04:54:12.419195Z [INFO] worker_4: Concurrent message 7
2025-09-09T04:54:12.419200Z [INFO] worker_4: Concurrent message 8
2025-09-09T04:54:12.419205Z [INFO] worker_4: Concurrent message 9
2025-09-09T04:54:12.419209Z [INFO] worker_4: Concurrent message 10
2025-09-09T04:54:12.419213Z [INFO] worker_4: Concurrent message 11
2025-09-09T04:54:12.419218Z [INFO] worker_4: Concurrent message 12
2025-09-09T04:54:12.419222Z [INFO] worker_4: Concurrent message 13
2025-09-09T04:54:12.419226Z [INFO] worker_4: Concurrent message 14
2025-09-09T04:54:12.419231Z [INFO] worker_4: Concurrent message 15
2025-09-09T04:54:12.419235Z [INFO] worker_4: Concurrent message 16
2025-09-09T04:54:12.419239Z [INFO] worker_4: Concurrent message 17
2025-09-09T04:54:12.419244Z [INFO] worker_4: Concurrent message 18
2025-09-09T04:54:12.419248Z [INFO] worker_4: Concurrent message 19
2025-09-09T04:54:12.419274Z [INFO] worker_3: Concurrent message 0
2025-09-09T04:54:12.419285Z [INFO] worker_3: Concurrent message 1
2025-09-09T04:54:12.419290Z [INFO] worker_3: Concurrent message 2
2025-09-09T04:54:12.419295Z [INFO] worker_3: Concurrent message 3
2025-09-09T04:54:12.419299Z [INFO] worker_3: Concurrent message 4
2025-09-09T04:54:12.419303Z [INFO] worker_3: Concurrent message 5
2025-09-09T04:54:12.419308Z [INFO] worker_3: Concurrent message 6
2025-09-09T04:54:12.419312Z [INFO] worker_3: Concurrent message 7
2025-09-09T04:54:12.419316Z [INFO] worker_3: Concurrent message 8
2025-09-09T04:54:12.419320Z [INFO] worker_3: Concurrent message 9
2025-09-09T04:54:12.419325Z [INFO] worker_3: Concurrent message 10
2025-09-09T04:54:12.419329Z [INFO] worker_3: Concurrent message 11
2025-09-09T04:54:12.419333Z [INFO] worker_3: Concurrent message 12
2025-09-09T04:54:12.419337Z [INFO] worker_3: Concurrent message 13
2025-09-09T04:54:12.419342Z [INFO] worker_3: Concurrent message 14
2025-09-09T04:54:12.419346Z [INFO] worker_3: Concurrent message 15
2025-09-09T04:54:12.419350Z [INFO] worker_3: Concurrent message 16
2025-09-09T04:54:12.419354Z [INFO] worker_3: Concurrent message 17
2025-09-09T04:54:12.419359Z [INFO] worker_3: Concurrent message 18
2025-09-09T04:54:12.419363Z [INFO] worker_3: Concurrent message 19
2025-09-09T04:54:12.419379Z [INFO] worker_1: Concurrent message 0
2025-09-09T04:54:12.419385Z [INFO] worker_1: Concurrent message 1
2025-09-09T04:54:12.419389Z [INFO] worker_1: Concurrent message 2
2025-09-09T04:54:12.419394Z [INFO] worker_1: Concurrent message 3
2025-09-09T04:54:12.419398Z [INFO] worker_1: Concurrent message 4
2025-09-09T04:54:12.419402Z [INFO] worker_1: Concurrent message 5
2025-09-09T04:54:12.419407Z [INFO] worker_1: Concurrent message 6
2025-09-09T04:54:12.419411Z [INFO] worker_1: Concurrent message 7
2025-09-09T04:54:12.419415Z [INFO] worker_1: Concurrent message 8
2025-09-09T04:54:12.419419Z [INFO] worker_1: Concurrent message 9
2025-09-09T04:54:12.419423Z [INFO] worker_1: Concurrent message 10
2025-09-09T04:54:12.419428Z [INFO] worker_1: Concurrent message 11
2025-09-09T04:54:12.419432Z [INFO] worker_1: Concurrent message 12
2025-09-09T04:54:12.419436Z [INFO] worker_1: Concurrent message 13
2025-09-09T04:54:12.419440Z [INFO] worker_1: Concurrent message 14
2025-09-09T04:54:12.419444Z [INFO] worker_1: Concurrent message 15
2025-09-09T04:54:12.419449Z [INFO] worker_1: Concurrent message 16
2025-09-09T04:54:12.419678Z [INFO] worker_1: Concurrent message 17
2025-09-09T04:54:12.419683Z [INFO] worker_1: Concurrent message 18
2025-09-09T04:54:12.419691Z [INFO] worker_1: Concurrent message 19
2025-09-09T04:57:00.653587Z [INFO] webgcs: Warmup message
2025-09-09T04:57:00.655636Z [INFO] webgcs: Burst test message 0
2025-09-09T04:57:00.666992Z [INFO] webgcs: Thread 0 message 0
2025-09-09T04:57:00.689971Z [INFO] telemetry: Telemetry update
2025-09-09T04:57:00.691609Z [INFO] webgcs: Monitoring test message 0
2025-09-09T04:57:00.691621Z [INFO] webgcs: Monitoring test message 1
2025-09-09T04:57:00.691626Z [INFO] webgcs: Monitoring test message 2
2025-09-09T04:57:00.691630Z [INFO] webgcs: Monitoring test message 3
2025-09-09T04:57:00.691634Z [INFO] webgcs: Monitoring test message 4
2025-09-09T04:57:00.691637Z [INFO] webgcs: Monitoring test message 5
2025-09-09T04:57:00.691641Z [INFO] webgcs: Monitoring test message 6
2025-09-09T04:57:00.691644Z [INFO] webgcs: Monitoring test message 7
2025-09-09T04:57:00.691648Z [INFO] webgcs: Monitoring test message 8
2025-09-09T04:57:00.691651Z [INFO] webgcs: Monitoring test message 9
2025-09-09T04:57:00.691654Z [INFO] webgcs: Monitoring test message 10
2025-09-09T04:57:00.691658Z [INFO] webgcs: Monitoring test message 11
2025-09-09T04:57:00.691661Z [INFO] webgcs: Monitoring test message 12
2025-09-09T04:57:00.691665Z [INFO] webgcs: Monitoring test message 13
2025-09-09T04:57:00.691668Z [INFO] webgcs: Monitoring test message 14
2025-09-09T04:57:00.691671Z [INFO] webgcs: Monitoring test message 15
2025-09-09T04:57:00.691675Z [INFO] webgcs: Monitoring test message 16
2025-09-09T04:57:00.691679Z [INFO] webgcs: Monitoring test message 17
2025-09-09T04:57:00.691682Z [INFO] webgcs: Monitoring test message 18
2025-09-09T04:57:00.691686Z [INFO] webgcs: Monitoring test message 19
2025-09-09T04:57:00.691689Z [INFO] webgcs: Monitoring test message 20
2025-09-09T04:57:00.691692Z [INFO] webgcs: Monitoring test message 21
2025-09-09T04:57:00.691698Z [INFO] webgcs: Monitoring test message 22
2025-09-09T04:57:00.691703Z [INFO] webgcs: Monitoring test message 23
2025-09-09T04:57:00.691706Z [INFO] webgcs: Monitoring test message 24
2025-09-09T04:57:00.691710Z [INFO] webgcs: Monitoring test message 25
2025-09-09T04:57:00.691713Z [INFO] webgcs: Monitoring test message 26
2025-09-09T04:57:00.691717Z [INFO] webgcs: Monitoring test message 27
2025-09-09T04:57:00.691720Z [INFO] webgcs: Monitoring test message 28
2025-09-09T04:57:00.691724Z [INFO] webgcs: Monitoring test message 29
2025-09-09T04:57:00.691727Z [INFO] webgcs: Monitoring test message 30
2025-09-09T04:57:00.691731Z [INFO] webgcs: Monitoring test message 31
2025-09-09T04:57:00.691734Z [INFO] webgcs: Monitoring test message 32
2025-09-09T04:57:00.691738Z [INFO] webgcs: Monitoring test message 33
2025-09-09T04:57:00.691745Z [INFO] webgcs: Monitoring test message 34
2025-09-09T04:57:00.691749Z [INFO] webgcs: Monitoring test message 35
2025-09-09T04:57:00.691752Z [INFO] webgcs: Monitoring test message 36
2025-09-09T04:57:00.691756Z [INFO] webgcs: Monitoring test message 37
2025-09-09T04:57:00.691759Z [INFO] webgcs: Monitoring test message 38
2025-09-09T04:57:00.691763Z [INFO] webgcs: Monitoring test message 39
2025-09-09T04:57:00.691766Z [INFO] webgcs: Monitoring test message 40
2025-09-09T04:57:00.691770Z [INFO] webgcs: Monitoring test message 41
2025-09-09T04:57:00.691773Z [INFO] webgcs: Monitoring test message 42
2025-09-09T04:57:00.691776Z [INFO] webgcs: Monitoring test message 43
2025-09-09T04:57:00.691780Z [INFO] webgcs: Monitoring test message 44
2025-09-09T04:57:00.691783Z [INFO] webgcs: Monitoring test message 45
2025-09-09T04:57:00.691787Z [INFO] webgcs: Monitoring test message 46
2025-09-09T04:57:00.691790Z [INFO] webgcs: Monitoring test message 47
2025-09-09T04:57:00.691794Z [INFO] webgcs: Monitoring test message 48
2025-09-09T04:57:00.691797Z [INFO] webgcs: Monitoring test message 49
2025-09-09T04:57:00.703076Z [DEBUG] webgcs: Level DEBUG message 0
2025-09-09T04:57:00.716461Z [INFO] webgcs: Memory test batch 0 message 0
2025-09-09T04:57:00.741279Z [INFO] webgcs: Memory test batch 1 message 500
2025-09-09T04:57:00.763309Z [INFO] webgcs: Memory test batch 2 message 700
2025-09-09T04:57:00.763317Z [INFO] webgcs: Memory test batch 2 message 701
2025-09-09T04:57:00.763325Z [INFO] webgcs: Memory test batch 2 message 702
2025-09-09T04:57:00.763332Z [INFO] webgcs: Memory test batch 2 message 703
2025-09-09T04:57:00.763340Z [INFO] webgcs: Memory test batch 2 message 704
2025-09-09T04:57:00.763347Z [INFO] webgcs: Memory test batch 2 message 705
2025-09-09T04:57:00.763355Z [INFO] webgcs: Memory test batch 2 message 706
2025-09-09T04:57:00.763362Z [INFO] webgcs: Memory test batch 2 message 707
2025-09-09T04:57:00.704536Z [ERROR] webgcs: Global error test 0
2025-09-09T04:57:00.783156Z [INFO] webgcs: Memory test batch 3 message 700
2025-09-09T04:57:00.802045Z [INFO] webgcs: Memory test batch 4 message 600
2025-09-09T04:57:00.821122Z [INFO] webgcs: Memory test batch 5 message 400
2025-09-09T04:57:00.847333Z [INFO] webgcs: Memory test batch 6 message 600
2025-09-09T04:57:00.869753Z [INFO] webgcs: Memory test batch 7 message 600
2025-09-09T04:57:00.869762Z [INFO] webgcs: Memory test batch 7 message 601
2025-09-09T04:57:00.869770Z [INFO] webgcs: Memory test batch 7 message 602
2025-09-09T04:57:00.892181Z [INFO] webgcs: Memory test batch 8 message 600
2025-09-09T04:57:00.892189Z [INFO] webgcs: Memory test batch 8 message 601
2025-09-09T04:57:00.913332Z [INFO] webgcs: Memory test batch 9 message 400
2025-09-09T04:57:00.963079Z [INFO] webgcs: Shutdown test message 0
2025-09-09T04:57:00.964796Z [INFO] webgcs: Warmup message
2025-09-09T04:57:00.966400Z [INFO] webgcs: Burst test message 0
2025-09-09T04:57:00.977935Z [INFO] webgcs: Thread 0 message 0
2025-09-09T04:57:00.978456Z [INFO] webgcs: Thread 2 message 1
2025-09-09T04:57:01.001188Z [INFO] telemetry: Telemetry update
2025-09-09T04:57:01.002913Z [INFO] webgcs: Monitoring test message 0
2025-09-09T04:57:01.003909Z [DEBUG] webgcs: Level DEBUG message 0
2025-09-09T04:57:01.005529Z [INFO] webgcs: Global info test 1
2025-09-09T04:57:01.005535Z [INFO] webgcs: Global info test 2
2025-09-09T04:57:01.005540Z [INFO] webgcs: Global info test 3
2025-09-09T04:57:01.005544Z [INFO] webgcs: Global info test 4
2025-09-09T04:57:01.005550Z [INFO] global_test: Telemetry update
2025-09-09T04:57:01.005555Z [INFO] webgcs: Global info test 6
2025-09-09T04:57:01.005560Z [INFO] webgcs: Global info test 7
2025-09-09T04:57:01.005564Z [INFO] webgcs: Global info test 8
2025-09-09T04:57:01.005569Z [INFO] webgcs: Global info test 9
2025-09-09T04:57:01.005574Z [ERROR] webgcs: Global error test 10
2025-09-09T04:57:01.005578Z [INFO] webgcs: Global info test 11
2025-09-09T04:57:01.005582Z [INFO] webgcs: Global info test 12
2025-09-09T04:57:01.005587Z [INFO] webgcs: Global info test 13
2025-09-09T04:57:01.005591Z [INFO] webgcs: Global info test 14
2025-09-09T04:57:01.005596Z [INFO] global_test: Telemetry update
2025-09-09T04:57:01.005601Z [INFO] webgcs: Global info test 16
2025-09-09T04:57:01.005605Z [INFO] webgcs: Global info test 17
2025-09-09T04:57:01.005610Z [INFO] webgcs: Global info test 18
2025-09-09T04:57:01.005614Z [INFO] webgcs: Global info test 19
2025-09-09T04:57:01.005618Z [ERROR] webgcs: Global error test 20
2025-09-09T04:57:01.005625Z [INFO] webgcs: Global info test 21
2025-09-09T04:57:01.005630Z [INFO] webgcs: Global info test 22
2025-09-09T04:57:01.005634Z [INFO] webgcs: Global info test 23
2025-09-09T04:57:01.005639Z [INFO] webgcs: Global info test 24
2025-09-09T04:57:01.005643Z [INFO] global_test: Telemetry update
2025-09-09T04:57:01.005648Z [INFO] webgcs: Global info test 26
2025-09-09T04:57:01.005652Z [INFO] webgcs: Global info test 27
2025-09-09T04:57:01.005656Z [INFO] webgcs: Global info test 28
2025-09-09T04:57:01.005661Z [INFO] webgcs: Global info test 29
2025-09-09T04:57:01.005665Z [ERROR] webgcs: Global error test 30
2025-09-09T04:57:01.005670Z [INFO] webgcs: Global info test 31
2025-09-09T04:57:01.005674Z [INFO] webgcs: Global info test 32
2025-09-09T04:57:01.005681Z [INFO] webgcs: Global info test 33
2025-09-09T04:57:01.005686Z [INFO] webgcs: Global info test 34
2025-09-09T04:57:01.005690Z [INFO] global_test: Telemetry update
2025-09-09T04:57:01.005695Z [INFO] webgcs: Global info test 36
2025-09-09T04:57:01.005699Z [INFO] webgcs: Global info test 37
2025-09-09T04:57:01.005704Z [INFO] webgcs: Global info test 38
2025-09-09T04:57:01.005708Z [INFO] webgcs: Global info test 39
2025-09-09T04:57:01.005713Z [ERROR] webgcs: Global error test 40
2025-09-09T04:57:01.005718Z [INFO] webgcs: Global info test 41
2025-09-09T04:57:01.005722Z [INFO] webgcs: Global info test 42
2025-09-09T04:57:01.005727Z [INFO] webgcs: Global info test 43
2025-09-09T04:57:01.005731Z [INFO] webgcs: Global info test 44
2025-09-09T04:57:01.005736Z [INFO] global_test: Telemetry update
2025-09-09T04:57:01.005740Z [INFO] webgcs: Global info test 46
2025-09-09T04:57:01.005745Z [INFO] webgcs: Global info test 47
2025-09-09T04:57:01.005750Z [INFO] webgcs: Global info test 48
2025-09-09T04:57:01.005754Z [INFO] webgcs: Global info test 49
2025-09-09T04:57:01.018603Z [INFO] webgcs: Memory test batch 0 message 0
2025-09-09T04:57:01.044295Z [INFO] webgcs: Memory test batch 1 message 500
2025-09-09T04:57:01.066109Z [INFO] webgcs: Memory test batch 2 message 600
2025-09-09T04:57:01.087614Z [INFO] webgcs: Memory test batch 3 message 500
2025-09-09T04:57:01.110960Z [INFO] webgcs: Memory test batch 4 message 700
2025-09-09T04:57:01.155324Z [INFO] webgcs: Memory test batch 6 message 600
2025-09-09T04:57:01.155333Z [INFO] webgcs: Memory test batch 6 message 601
2025-09-09T04:57:01.178071Z [INFO] webgcs: Memory test batch 7 message 700
2025-09-09T04:57:01.178079Z [INFO] webgcs: Memory test batch 7 message 701
2025-09-09T04:57:01.178087Z [INFO] webgcs: Memory test batch 7 message 702
2025-09-09T04:57:01.178095Z [INFO] webgcs: Memory test batch 7 message 703
2025-09-09T04:57:01.178103Z [INFO] webgcs: Memory test batch 7 message 704
2025-09-09T04:57:01.178111Z [INFO] webgcs: Memory test batch 7 message 705
2025-09-09T04:57:01.178118Z [INFO] webgcs: Memory test batch 7 message 706
2025-09-09T04:57:01.178126Z [INFO] webgcs: Memory test batch 7 message 707
2025-09-09T04:57:01.178134Z [INFO] webgcs: Memory test batch 7 message 708
2025-09-09T04:57:01.199935Z [INFO] webgcs: Memory test batch 8 message 600
2025-09-09T04:57:01.219883Z [INFO] webgcs: Memory test batch 9 message 400
2025-09-09T04:57:01.221320Z [INFO] webgcs: Memory test batch 9 message 501
2025-09-09T04:57:01.310548Z [INFO] webgcs: Shutdown test message 0
2025-09-09T04:57:21.135182Z [INFO] webgcs: Warmup message
2025-09-09T04:57:21.137577Z [INFO] webgcs: Burst test message 0
2025-09-09T04:57:21.147461Z [INFO] webgcs: Thread 0 message 0
2025-09-09T04:57:21.151035Z [INFO] webgcs: Thread 3 message 0
2025-09-09T04:57:21.151046Z [INFO] webgcs: Thread 3 message 1
2025-09-09T04:57:21.171372Z [INFO] telemetry: Telemetry update
2025-09-09T04:57:21.172997Z [INFO] webgcs: Monitoring test message 0
2025-09-09T04:57:21.173946Z [DEBUG] webgcs: Level DEBUG message 0
2025-09-09T04:57:21.188625Z [INFO] webgcs: Memory test batch 0 message 0
2025-09-09T04:57:21.212055Z [INFO] webgcs: Memory test batch 1 message 700
2025-09-09T04:57:21.175588Z [ERROR] webgcs: Global error test 0
2025-09-09T04:57:21.254717Z [INFO] webgcs: Memory test batch 3 message 600
2025-09-09T04:57:21.254726Z [INFO] webgcs: Memory test batch 3 message 601
2025-09-09T04:57:21.254736Z [INFO] webgcs: Memory test batch 3 message 602
2025-09-09T04:57:21.254745Z [INFO] webgcs: Memory test batch 3 message 603
2025-09-09T04:57:21.276635Z [INFO] webgcs: Memory test batch 4 message 600
2025-09-09T04:57:21.296641Z [INFO] webgcs: Memory test batch 5 message 600
2025-09-09T04:57:21.316565Z [INFO] webgcs: Memory test batch 6 message 400
2025-09-09T04:57:21.341015Z [INFO] webgcs: Memory test batch 7 message 400
2025-09-09T04:57:21.364253Z [INFO] webgcs: Memory test batch 8 message 500
2025-09-09T04:57:21.399581Z [INFO] webgcs: Memory test batch 9 message 800
2025-09-09T04:57:21.462394Z [INFO] webgcs: Shutdown test message 0
2025-09-09T04:57:48.393480Z [INFO] webgcs: Warmup message
2025-09-09T04:57:48.394346Z [INFO] webgcs: Performance test message 91
2025-09-09T04:57:48.394350Z [INFO] webgcs: Performance test message 92
2025-09-09T04:57:48.394355Z [INFO] webgcs: Performance test message 93
2025-09-09T04:57:48.394359Z [INFO] webgcs: Performance test message 94
2025-09-09T04:57:48.394364Z [INFO] webgcs: Performance test message 95
2025-09-09T04:57:48.394368Z [INFO] webgcs: Performance test message 96
2025-09-09T04:57:48.394372Z [INFO] webgcs: Performance test message 97
2025-09-09T04:57:48.394378Z [INFO] webgcs: Performance test message 98
2025-09-09T04:57:48.394382Z [INFO] webgcs: Performance test message 99
2025-09-09T04:57:48.394341Z [INFO] webgcs: Performance test message 90
2025-09-09T04:57:48.394346Z [INFO] webgcs: Performance test message 91
2025-09-09T04:57:48.394350Z [INFO] webgcs: Performance test message 92
2025-09-09T04:57:48.394355Z [INFO] webgcs: Performance test message 93
2025-09-09T04:57:48.394359Z [INFO] webgcs: Performance test message 94
2025-09-09T04:57:48.394364Z [INFO] webgcs: Performance test message 95
2025-09-09T04:57:48.394368Z [INFO] webgcs: Performance test message 96
2025-09-09T04:57:48.394372Z [INFO] webgcs: Performance test message 97
2025-09-09T04:57:48.394378Z [INFO] webgcs: Performance test message 98
2025-09-09T04:57:48.394382Z [INFO] webgcs: Performance test message 99
2025-09-09T04:57:48.406503Z [INFO] webgcs: Burst test message 0
2025-09-09T04:57:48.406964Z [INFO] webgcs: Burst test message 101
2025-09-09T04:57:48.406970Z [INFO] webgcs: Burst test message 102
2025-09-09T04:57:48.429712Z [INFO] webgcs: Thread 0 message 0
2025-09-09T04:57:48.454193Z [INFO] telemetry: Telemetry update
2025-09-09T04:57:48.465699Z [INFO] webgcs: Monitoring test message 0
2025-09-09T04:57:48.465711Z [INFO] webgcs: Monitoring test message 1
2025-09-09T04:57:48.465716Z [INFO] webgcs: Monitoring test message 2
2025-09-09T04:57:48.465720Z [INFO] webgcs: Monitoring test message 3
2025-09-09T04:57:48.465724Z [INFO] webgcs: Monitoring test message 4
2025-09-09T04:57:48.465728Z [INFO] webgcs: Monitoring test message 5
2025-09-09T04:57:48.465731Z [INFO] webgcs: Monitoring test message 6
2025-09-09T04:57:48.465735Z [INFO] webgcs: Monitoring test message 7
2025-09-09T04:57:48.465738Z [INFO] webgcs: Monitoring test message 8
2025-09-09T04:57:48.465741Z [INFO] webgcs: Monitoring test message 9
2025-09-09T04:57:48.465745Z [INFO] webgcs: Monitoring test message 10
2025-09-09T04:57:48.465748Z [INFO] webgcs: Monitoring test message 11
2025-09-09T04:57:48.465752Z [INFO] webgcs: Monitoring test message 12
2025-09-09T04:57:48.465755Z [INFO] webgcs: Monitoring test message 13
2025-09-09T04:57:48.465759Z [INFO] webgcs: Monitoring test message 14
2025-09-09T04:57:48.465764Z [INFO] webgcs: Monitoring test message 15
2025-09-09T04:57:48.465768Z [INFO] webgcs: Monitoring test message 16
2025-09-09T04:57:48.465771Z [INFO] webgcs: Monitoring test message 17
2025-09-09T04:57:48.465775Z [INFO] webgcs: Monitoring test message 18
2025-09-09T04:57:48.465779Z [INFO] webgcs: Monitoring test message 19
2025-09-09T04:57:48.465782Z [INFO] webgcs: Monitoring test message 20
2025-09-09T04:57:48.465787Z [INFO] webgcs: Monitoring test message 21
2025-09-09T04:57:48.465790Z [INFO] webgcs: Monitoring test message 22
2025-09-09T04:57:48.465794Z [INFO] webgcs: Monitoring test message 23
2025-09-09T04:57:48.465797Z [INFO] webgcs: Monitoring test message 24
2025-09-09T04:57:48.465801Z [INFO] webgcs: Monitoring test message 25
2025-09-09T04:57:48.465804Z [INFO] webgcs: Monitoring test message 26
2025-09-09T04:57:48.465808Z [INFO] webgcs: Monitoring test message 27
2025-09-09T04:57:48.465813Z [INFO] webgcs: Monitoring test message 28
2025-09-09T04:57:48.465817Z [INFO] webgcs: Monitoring test message 29
2025-09-09T04:57:48.465820Z [INFO] webgcs: Monitoring test message 30
2025-09-09T04:57:48.465824Z [INFO] webgcs: Monitoring test message 31
2025-09-09T04:57:48.465827Z [INFO] webgcs: Monitoring test message 32
2025-09-09T04:57:48.465831Z [INFO] webgcs: Monitoring test message 33
2025-09-09T04:57:48.465835Z [INFO] webgcs: Monitoring test message 34
2025-09-09T04:57:48.465838Z [INFO] webgcs: Monitoring test message 35
2025-09-09T04:57:48.465841Z [INFO] webgcs: Monitoring test message 36
2025-09-09T04:57:48.465845Z [INFO] webgcs: Monitoring test message 37
2025-09-09T04:57:48.465848Z [INFO] webgcs: Monitoring test message 38
2025-09-09T04:57:48.465852Z [INFO] webgcs: Monitoring test message 39
2025-09-09T04:57:48.465855Z [INFO] webgcs: Monitoring test message 40
2025-09-09T04:57:48.465859Z [INFO] webgcs: Monitoring test message 41
2025-09-09T04:57:48.465862Z [INFO] webgcs: Monitoring test message 42
2025-09-09T04:57:48.465865Z [INFO] webgcs: Monitoring test message 43
2025-09-09T04:57:48.465869Z [INFO] webgcs: Monitoring test message 44
2025-09-09T04:57:48.465872Z [INFO] webgcs: Monitoring test message 45
2025-09-09T04:57:48.465876Z [INFO] webgcs: Monitoring test message 46
2025-09-09T04:57:48.465879Z [INFO] webgcs: Monitoring test message 47
2025-09-09T04:57:48.465883Z [INFO] webgcs: Monitoring test message 48
2025-09-09T04:57:48.465888Z [INFO] webgcs: Monitoring test message 49
2025-09-09T04:57:48.477600Z [DEBUG] webgcs: Level DEBUG message 0
2025-09-09T04:57:48.491761Z [ERROR] webgcs: Global error test 0
2025-09-09T04:57:48.491781Z [INFO] webgcs: Global info test 2
2025-09-09T04:57:48.491786Z [INFO] webgcs: Global info test 3
2025-09-09T04:57:48.491790Z [INFO] webgcs: Global info test 4
2025-09-09T04:57:48.491794Z [INFO] global_test: Telemetry update
2025-09-09T04:57:48.491799Z [INFO] webgcs: Global info test 6
2025-09-09T04:57:48.491802Z [INFO] webgcs: Global info test 7
2025-09-09T04:57:48.491806Z [INFO] webgcs: Global info test 8
2025-09-09T04:57:48.491812Z [INFO] webgcs: Global info test 9
2025-09-09T04:57:48.491816Z [ERROR] webgcs: Global error test 10
2025-09-09T04:57:48.491820Z [INFO] webgcs: Global info test 11
2025-09-09T04:57:48.491824Z [INFO] webgcs: Global info test 12
2025-09-09T04:57:48.491827Z [INFO] webgcs: Global info test 13
2025-09-09T04:57:48.491831Z [INFO] webgcs: Global info test 14
2025-09-09T04:57:48.491835Z [INFO] global_test: Telemetry update
2025-09-09T04:57:48.491839Z [INFO] webgcs: Global info test 16
2025-09-09T04:57:48.491842Z [INFO] webgcs: Global info test 17
2025-09-09T04:57:48.491846Z [INFO] webgcs: Global info test 18
2025-09-09T04:57:48.491850Z [INFO] webgcs: Global info test 19
2025-09-09T04:57:48.491855Z [ERROR] webgcs: Global error test 20
2025-09-09T04:57:48.491859Z [INFO] webgcs: Global info test 21
2025-09-09T04:57:48.491862Z [INFO] webgcs: Global info test 22
2025-09-09T04:57:48.491866Z [INFO] webgcs: Global info test 23
2025-09-09T04:57:48.491869Z [INFO] webgcs: Global info test 24
2025-09-09T04:57:48.491873Z [INFO] global_test: Telemetry update
2025-09-09T04:57:48.491877Z [INFO] webgcs: Global info test 26
2025-09-09T04:57:48.491881Z [INFO] webgcs: Global info test 27
2025-09-09T04:57:48.491885Z [INFO] webgcs: Global info test 28
2025-09-09T04:57:48.491888Z [INFO] webgcs: Global info test 29
2025-09-09T04:57:48.491892Z [ERROR] webgcs: Global error test 30
2025-09-09T04:57:48.491896Z [INFO] webgcs: Global info test 31
2025-09-09T04:57:48.491899Z [INFO] webgcs: Global info test 32
2025-09-09T04:57:48.491904Z [INFO] webgcs: Global info test 33
2025-09-09T04:57:48.491907Z [INFO] webgcs: Global info test 34
2025-09-09T04:57:48.491912Z [INFO] global_test: Telemetry update
2025-09-09T04:57:48.491916Z [INFO] webgcs: Global info test 36
2025-09-09T04:57:48.491920Z [INFO] webgcs: Global info test 37
2025-09-09T04:57:48.491924Z [INFO] webgcs: Global info test 38
2025-09-09T04:57:48.491928Z [INFO] webgcs: Global info test 39
2025-09-09T04:57:48.491932Z [ERROR] webgcs: Global error test 40
2025-09-09T04:57:48.491936Z [INFO] webgcs: Global info test 41
2025-09-09T04:57:48.491939Z [INFO] webgcs: Global info test 42
2025-09-09T04:57:48.491943Z [INFO] webgcs: Global info test 43
2025-09-09T04:57:48.491947Z [INFO] webgcs: Global info test 44
2025-09-09T04:57:48.491950Z [INFO] global_test: Telemetry update
2025-09-09T04:57:48.491954Z [INFO] webgcs: Global info test 46
2025-09-09T04:57:48.491958Z [INFO] webgcs: Global info test 47
2025-09-09T04:57:48.491962Z [INFO] webgcs: Global info test 48
2025-09-09T04:57:48.491965Z [INFO] webgcs: Global info test 49
2025-09-09T04:57:48.503244Z [INFO] webgcs: Memory test batch 0 message 0
2025-09-09T04:57:48.524639Z [INFO] webgcs: Memory test batch 1 message 600
2025-09-09T04:57:48.547063Z [INFO] webgcs: Memory test batch 2 message 600
2025-09-09T04:57:48.547070Z [INFO] webgcs: Memory test batch 2 message 601
2025-09-09T04:57:48.566974Z [INFO] webgcs: Memory test batch 3 message 700
2025-09-09T04:57:48.566982Z [INFO] webgcs: Memory test batch 3 message 701
2025-09-09T04:57:48.566989Z [INFO] webgcs: Memory test batch 3 message 702
2025-09-09T04:57:48.566997Z [INFO] webgcs: Memory test batch 3 message 703
2025-09-09T04:57:48.567005Z [INFO] webgcs: Memory test batch 3 message 704
2025-09-09T04:57:48.567013Z [INFO] webgcs: Memory test batch 3 message 705
2025-09-09T04:57:48.567020Z [INFO] webgcs: Memory test batch 3 message 706
2025-09-09T04:57:48.567028Z [INFO] webgcs: Memory test batch 3 message 707
2025-09-09T04:57:48.567036Z [INFO] webgcs: Memory test batch 3 message 708
2025-09-09T04:57:48.567044Z [INFO] webgcs: Memory test batch 3 message 709
2025-09-09T04:57:48.567051Z [INFO] webgcs: Memory test batch 3 message 710
2025-09-09T04:57:48.567062Z [INFO] webgcs: Memory test batch 3 message 711
2025-09-09T04:57:48.567070Z [INFO] webgcs: Memory test batch 3 message 712
2025-09-09T04:57:48.567078Z [INFO] webgcs: Memory test batch 3 message 713
2025-09-09T04:57:48.567085Z [INFO] webgcs: Memory test batch 3 message 714
2025-09-09T04:57:48.567093Z [INFO] webgcs: Memory test batch 3 message 715
2025-09-09T04:57:48.587497Z [INFO] webgcs: Memory test batch 4 message 700
2025-09-09T04:57:48.607284Z [INFO] webgcs: Memory test batch 5 message 600
2025-09-09T04:57:48.627207Z [INFO] webgcs: Memory test batch 6 message 400
2025-09-09T04:57:48.650763Z [INFO] webgcs: Memory test batch 7 message 600
2025-09-09T04:57:48.673019Z [INFO] webgcs: Memory test batch 8 message 600
2025-09-09T04:57:48.694345Z [INFO] webgcs: Memory test batch 9 message 600
2025-09-09T04:57:48.694354Z [INFO] webgcs: Memory test batch 9 message 601
2025-09-09T04:57:48.741802Z [INFO] webgcs: Shutdown test message 0
2025-09-09T04:57:48.743780Z [INFO] webgcs: Warmup message
2025-09-09T04:57:48.744219Z [INFO] webgcs: Performance test message 91
2025-09-09T04:57:48.744224Z [INFO] webgcs: Performance test message 92
2025-09-09T04:57:48.744228Z [INFO] webgcs: Performance test message 93
2025-09-09T04:57:48.744233Z [INFO] webgcs: Performance test message 94
2025-09-09T04:57:48.744237Z [INFO] webgcs: Performance test message 95
2025-09-09T04:57:48.744241Z [INFO] webgcs: Performance test message 96
2025-09-09T04:57:48.744246Z [INFO] webgcs: Performance test message 97
2025-09-09T04:57:48.744250Z [INFO] webgcs: Performance test message 98
2025-09-09T04:57:48.744255Z [INFO] webgcs: Performance test message 99
2025-09-09T04:57:48.744215Z [INFO] webgcs: Performance test message 90
2025-09-09T04:57:48.744219Z [INFO] webgcs: Performance test message 91
2025-09-09T04:57:48.744224Z [INFO] webgcs: Performance test message 92
2025-09-09T04:57:48.744228Z [INFO] webgcs: Performance test message 93
2025-09-09T04:57:48.744233Z [INFO] webgcs: Performance test message 94
2025-09-09T04:57:48.744237Z [INFO] webgcs: Performance test message 95
2025-09-09T04:57:48.744241Z [INFO] webgcs: Performance test message 96
2025-09-09T04:57:48.744246Z [INFO] webgcs: Performance test message 97
2025-09-09T04:57:48.744250Z [INFO] webgcs: Performance test message 98
2025-09-09T04:57:48.744255Z [INFO] webgcs: Performance test message 99
2025-09-09T04:57:48.756987Z [INFO] webgcs: Burst test message 0
2025-09-09T04:57:48.757544Z [INFO] webgcs: Burst test message 101
2025-09-09T04:57:48.757549Z [INFO] webgcs: Burst test message 102
2025-09-09T04:57:48.757553Z [INFO] webgcs: Burst test message 103
2025-09-09T04:57:48.757557Z [INFO] webgcs: Burst test message 104
2025-09-09T04:57:48.757562Z [INFO] webgcs: Burst test message 105
2025-09-09T04:57:48.757566Z [INFO] webgcs: Burst test message 106
2025-09-09T04:57:48.768431Z [INFO] webgcs: Thread 0 message 0
2025-09-09T04:57:48.791789Z [INFO] telemetry: Telemetry update
2025-09-09T04:57:48.805009Z [INFO] webgcs: Monitoring test message 0
2025-09-09T04:57:48.805023Z [INFO] webgcs: Monitoring test message 1
2025-09-09T04:57:48.805028Z [INFO] webgcs: Monitoring test message 2
2025-09-09T04:57:48.805033Z [INFO] webgcs: Monitoring test message 3
2025-09-09T04:57:48.805037Z [INFO] webgcs: Monitoring test message 4
2025-09-09T04:57:48.805041Z [INFO] webgcs: Monitoring test message 5
2025-09-09T04:57:48.805045Z [INFO] webgcs: Monitoring test message 6
2025-09-09T04:57:48.805051Z [INFO] webgcs: Monitoring test message 7
2025-09-09T04:57:48.805055Z [INFO] webgcs: Monitoring test message 8
2025-09-09T04:57:48.805059Z [INFO] webgcs: Monitoring test message 9
2025-09-09T04:57:48.805063Z [INFO] webgcs: Monitoring test message 10
2025-09-09T04:57:48.805066Z [INFO] webgcs: Monitoring test message 11
2025-09-09T04:57:48.805070Z [INFO] webgcs: Monitoring test message 12
2025-09-09T04:57:48.805074Z [INFO] webgcs: Monitoring test message 13
2025-09-09T04:57:48.805078Z [INFO] webgcs: Monitoring test message 14
2025-09-09T04:57:48.805081Z [INFO] webgcs: Monitoring test message 15
2025-09-09T04:57:48.805085Z [INFO] webgcs: Monitoring test message 16
2025-09-09T04:57:48.805089Z [INFO] webgcs: Monitoring test message 17
2025-09-09T04:57:48.805093Z [INFO] webgcs: Monitoring test message 18
2025-09-09T04:57:48.805097Z [INFO] webgcs: Monitoring test message 19
2025-09-09T04:57:48.805101Z [INFO] webgcs: Monitoring test message 20
2025-09-09T04:57:48.805105Z [INFO] webgcs: Monitoring test message 21
2025-09-09T04:57:48.805108Z [INFO] webgcs: Monitoring test message 22
2025-09-09T04:57:48.805112Z [INFO] webgcs: Monitoring test message 23
2025-09-09T04:57:48.805116Z [INFO] webgcs: Monitoring test message 24
2025-09-09T04:57:48.805120Z [INFO] webgcs: Monitoring test message 25
2025-09-09T04:57:48.805124Z [INFO] webgcs: Monitoring test message 26
2025-09-09T04:57:48.805128Z [INFO] webgcs: Monitoring test message 27
2025-09-09T04:57:48.805131Z [INFO] webgcs: Monitoring test message 28
2025-09-09T04:57:48.805135Z [INFO] webgcs: Monitoring test message 29
2025-09-09T04:57:48.805139Z [INFO] webgcs: Monitoring test message 30
2025-09-09T04:57:48.805143Z [INFO] webgcs: Monitoring test message 31
2025-09-09T04:57:48.805147Z [INFO] webgcs: Monitoring test message 32
2025-09-09T04:57:48.805151Z [INFO] webgcs: Monitoring test message 33
2025-09-09T04:57:48.805155Z [INFO] webgcs: Monitoring test message 34
2025-09-09T04:57:48.805159Z [INFO] webgcs: Monitoring test message 35
2025-09-09T04:57:48.805163Z [INFO] webgcs: Monitoring test message 36
2025-09-09T04:57:48.805167Z [INFO] webgcs: Monitoring test message 37
2025-09-09T04:57:48.805170Z [INFO] webgcs: Monitoring test message 38
2025-09-09T04:57:48.805174Z [INFO] webgcs: Monitoring test message 39
2025-09-09T04:57:48.805178Z [INFO] webgcs: Monitoring test message 40
2025-09-09T04:57:48.805182Z [INFO] webgcs: Monitoring test message 41
2025-09-09T04:57:48.805186Z [INFO] webgcs: Monitoring test message 42
2025-09-09T04:57:48.805190Z [INFO] webgcs: Monitoring test message 43
2025-09-09T04:57:48.805193Z [INFO] webgcs: Monitoring test message 44
2025-09-09T04:57:48.805197Z [INFO] webgcs: Monitoring test message 45
2025-09-09T04:57:48.805201Z [INFO] webgcs: Monitoring test message 46
2025-09-09T04:57:48.805205Z [INFO] webgcs: Monitoring test message 47
2025-09-09T04:57:48.805209Z [INFO] webgcs: Monitoring test message 48
2025-09-09T04:57:48.805212Z [INFO] webgcs: Monitoring test message 49
2025-09-09T04:57:48.818762Z [DEBUG] webgcs: Level DEBUG message 0
2025-09-09T04:57:48.818776Z [DEBUG] webgcs: Level DEBUG message 1
2025-09-09T04:57:48.818781Z [DEBUG] webgcs: Level DEBUG message 2
2025-09-09T04:57:48.818785Z [DEBUG] webgcs: Level DEBUG message 3
2025-09-09T04:57:48.818789Z [DEBUG] webgcs: Level DEBUG message 4
2025-09-09T04:57:48.833416Z [INFO] webgcs: Global info test 1
2025-09-09T04:57:48.833423Z [INFO] webgcs: Global info test 2
2025-09-09T04:57:48.833428Z [INFO] webgcs: Global info test 3
2025-09-09T04:57:48.833432Z [INFO] webgcs: Global info test 4
2025-09-09T04:57:48.833437Z [INFO] global_test: Telemetry update
2025-09-09T04:57:48.833442Z [INFO] webgcs: Global info test 6
2025-09-09T04:57:48.833446Z [INFO] webgcs: Global info test 7
2025-09-09T04:57:48.833450Z [INFO] webgcs: Global info test 8
2025-09-09T04:57:48.833454Z [INFO] webgcs: Global info test 9
2025-09-09T04:57:48.833458Z [ERROR] webgcs: Global error test 10
2025-09-09T04:57:48.833462Z [INFO] webgcs: Global info test 11
2025-09-09T04:57:48.833466Z [INFO] webgcs: Global info test 12
2025-09-09T04:57:48.833472Z [INFO] webgcs: Global info test 13
2025-09-09T04:57:48.833477Z [INFO] webgcs: Global info test 14
2025-09-09T04:57:48.833481Z [INFO] global_test: Telemetry update
2025-09-09T04:57:48.833485Z [INFO] webgcs: Global info test 16
2025-09-09T04:57:48.833489Z [INFO] webgcs: Global info test 17
2025-09-09T04:57:48.833493Z [INFO] webgcs: Global info test 18
2025-09-09T04:57:48.833496Z [INFO] webgcs: Global info test 19
2025-09-09T04:57:48.833500Z [ERROR] webgcs: Global error test 20
2025-09-09T04:57:48.833504Z [INFO] webgcs: Global info test 21
2025-09-09T04:57:48.833508Z [INFO] webgcs: Global info test 22
2025-09-09T04:57:48.833511Z [INFO] webgcs: Global info test 23
2025-09-09T04:57:48.833515Z [INFO] webgcs: Global info test 24
2025-09-09T04:57:48.833519Z [INFO] global_test: Telemetry update
2025-09-09T04:57:48.833523Z [INFO] webgcs: Global info test 26
2025-09-09T04:57:48.833527Z [INFO] webgcs: Global info test 27
2025-09-09T04:57:48.833531Z [INFO] webgcs: Global info test 28
2025-09-09T04:57:48.833535Z [INFO] webgcs: Global info test 29
2025-09-09T04:57:48.833539Z [ERROR] webgcs: Global error test 30
2025-09-09T04:57:48.833543Z [INFO] webgcs: Global info test 31
2025-09-09T04:57:48.833547Z [INFO] webgcs: Global info test 32
2025-09-09T04:57:48.833551Z [INFO] webgcs: Global info test 33
2025-09-09T04:57:48.833555Z [INFO] webgcs: Global info test 34
2025-09-09T04:57:48.833558Z [INFO] global_test: Telemetry update
2025-09-09T04:57:48.833562Z [INFO] webgcs: Global info test 36
2025-09-09T04:57:48.833566Z [INFO] webgcs: Global info test 37
2025-09-09T04:57:48.833570Z [INFO] webgcs: Global info test 38
2025-09-09T04:57:48.833574Z [INFO] webgcs: Global info test 39
2025-09-09T04:57:48.833578Z [ERROR] webgcs: Global error test 40
2025-09-09T04:57:48.833582Z [INFO] webgcs: Global info test 41
2025-09-09T04:57:48.833585Z [INFO] webgcs: Global info test 42
2025-09-09T04:57:48.833589Z [INFO] webgcs: Global info test 43
2025-09-09T04:57:48.833593Z [INFO] webgcs: Global info test 44
2025-09-09T04:57:48.833597Z [INFO] global_test: Telemetry update
2025-09-09T04:57:48.833601Z [INFO] webgcs: Global info test 46
2025-09-09T04:57:48.833606Z [INFO] webgcs: Global info test 47
2025-09-09T04:57:48.833610Z [INFO] webgcs: Global info test 48
2025-09-09T04:57:48.833614Z [INFO] webgcs: Global info test 49
2025-09-09T04:57:48.845582Z [INFO] webgcs: Memory test batch 0 message 0
2025-09-09T04:57:48.869455Z [INFO] webgcs: Memory test batch 1 message 600
2025-09-09T04:57:48.891431Z [INFO] webgcs: Memory test batch 2 message 500
2025-09-09T04:57:48.891439Z [INFO] webgcs: Memory test batch 2 message 501
2025-09-09T04:57:48.914168Z [INFO] webgcs: Memory test batch 3 message 600
2025-09-09T04:57:48.914176Z [INFO] webgcs: Memory test batch 3 message 601
2025-09-09T04:57:48.914187Z [INFO] webgcs: Memory test batch 3 message 602
2025-09-09T04:57:48.936247Z [INFO] webgcs: Memory test batch 4 message 600
2025-09-09T04:57:48.958930Z [INFO] webgcs: Memory test batch 5 message 700
2025-09-09T04:57:48.980448Z [INFO] webgcs: Memory test batch 6 message 600
2025-09-09T04:57:49.003414Z [INFO] webgcs: Memory test batch 7 message 600
2025-09-09T04:57:49.003423Z [INFO] webgcs: Memory test batch 7 message 601
2025-09-09T04:57:49.025705Z [INFO] webgcs: Memory test batch 8 message 600
2025-09-09T04:57:49.116249Z [INFO] webgcs: Shutdown test message 0
2025-09-09T05:02:52.720620Z [INFO] webgcs: Warmup message
2025-09-09T05:02:52.721090Z [INFO] webgcs: Performance test message 91
2025-09-09T05:02:52.721093Z [INFO] webgcs: Performance test message 92
2025-09-09T05:02:52.721097Z [INFO] webgcs: Performance test message 93
2025-09-09T05:02:52.721101Z [INFO] webgcs: Performance test message 94
2025-09-09T05:02:52.721104Z [INFO] webgcs: Performance test message 95
2025-09-09T05:02:52.721107Z [INFO] webgcs: Performance test message 96
2025-09-09T05:02:52.721111Z [INFO] webgcs: Performance test message 97
2025-09-09T05:02:52.721114Z [INFO] webgcs: Performance test message 98
2025-09-09T05:02:52.721117Z [INFO] webgcs: Performance test message 99
2025-09-09T05:02:52.721087Z [INFO] webgcs: Performance test message 90
2025-09-09T05:02:52.721090Z [INFO] webgcs: Performance test message 91
2025-09-09T05:02:52.721093Z [INFO] webgcs: Performance test message 92
2025-09-09T05:02:52.721097Z [INFO] webgcs: Performance test message 93
2025-09-09T05:02:52.721101Z [INFO] webgcs: Performance test message 94
2025-09-09T05:02:52.721104Z [INFO] webgcs: Performance test message 95
2025-09-09T05:02:52.721107Z [INFO] webgcs: Performance test message 96
2025-09-09T05:02:52.721111Z [INFO] webgcs: Performance test message 97
2025-09-09T05:02:52.721114Z [INFO] webgcs: Performance test message 98
2025-09-09T05:02:52.721117Z [INFO] webgcs: Performance test message 99
2025-09-09T05:02:52.734754Z [INFO] webgcs: Burst test message 0
2025-09-09T05:02:52.755087Z [INFO] webgcs: Thread 0 message 0
2025-09-09T05:02:52.775934Z [INFO] telemetry: Telemetry update
2025-09-09T05:02:52.790318Z [INFO] webgcs: Monitoring test message 0
2025-09-09T05:02:52.790327Z [INFO] webgcs: Monitoring test message 1
2025-09-09T05:02:52.790332Z [INFO] webgcs: Monitoring test message 2
2025-09-09T05:02:52.790335Z [INFO] webgcs: Monitoring test message 3
2025-09-09T05:02:52.790338Z [INFO] webgcs: Monitoring test message 4
2025-09-09T05:02:52.790341Z [INFO] webgcs: Monitoring test message 5
2025-09-09T05:02:52.790344Z [INFO] webgcs: Monitoring test message 6
2025-09-09T05:02:52.790347Z [INFO] webgcs: Monitoring test message 7
2025-09-09T05:02:52.790350Z [INFO] webgcs: Monitoring test message 8
2025-09-09T05:02:52.790353Z [INFO] webgcs: Monitoring test message 9
2025-09-09T05:02:52.790356Z [INFO] webgcs: Monitoring test message 10
2025-09-09T05:02:52.790359Z [INFO] webgcs: Monitoring test message 11
2025-09-09T05:02:52.790362Z [INFO] webgcs: Monitoring test message 12
2025-09-09T05:02:52.790364Z [INFO] webgcs: Monitoring test message 13
2025-09-09T05:02:52.790367Z [INFO] webgcs: Monitoring test message 14
2025-09-09T05:02:52.790370Z [INFO] webgcs: Monitoring test message 15
2025-09-09T05:02:52.790373Z [INFO] webgcs: Monitoring test message 16
2025-09-09T05:02:52.790376Z [INFO] webgcs: Monitoring test message 17
2025-09-09T05:02:52.790379Z [INFO] webgcs: Monitoring test message 18
2025-09-09T05:02:52.790382Z [INFO] webgcs: Monitoring test message 19
2025-09-09T05:02:52.790384Z [INFO] webgcs: Monitoring test message 20
2025-09-09T05:02:52.790387Z [INFO] webgcs: Monitoring test message 21
2025-09-09T05:02:52.790390Z [INFO] webgcs: Monitoring test message 22
2025-09-09T05:02:52.790397Z [INFO] webgcs: Monitoring test message 23
2025-09-09T05:02:52.790401Z [INFO] webgcs: Monitoring test message 24
2025-09-09T05:02:52.790404Z [INFO] webgcs: Monitoring test message 25
2025-09-09T05:02:52.790407Z [INFO] webgcs: Monitoring test message 26
2025-09-09T05:02:52.790410Z [INFO] webgcs: Monitoring test message 27
2025-09-09T05:02:52.790413Z [INFO] webgcs: Monitoring test message 28
2025-09-09T05:02:52.790415Z [INFO] webgcs: Monitoring test message 29
2025-09-09T05:02:52.790418Z [INFO] webgcs: Monitoring test message 30
2025-09-09T05:02:52.790421Z [INFO] webgcs: Monitoring test message 31
2025-09-09T05:02:52.790424Z [INFO] webgcs: Monitoring test message 32
2025-09-09T05:02:52.790427Z [INFO] webgcs: Monitoring test message 33
2025-09-09T05:02:52.790430Z [INFO] webgcs: Monitoring test message 34
2025-09-09T05:02:52.790433Z [INFO] webgcs: Monitoring test message 35
2025-09-09T05:02:52.790436Z [INFO] webgcs: Monitoring test message 36
2025-09-09T05:02:52.790438Z [INFO] webgcs: Monitoring test message 37
2025-09-09T05:02:52.790441Z [INFO] webgcs: Monitoring test message 38
2025-09-09T05:02:52.790444Z [INFO] webgcs: Monitoring test message 39
2025-09-09T05:02:52.790450Z [INFO] webgcs: Monitoring test message 40
2025-09-09T05:02:52.790454Z [INFO] webgcs: Monitoring test message 41
2025-09-09T05:02:52.790457Z [INFO] webgcs: Monitoring test message 42
2025-09-09T05:02:52.790459Z [INFO] webgcs: Monitoring test message 43
2025-09-09T05:02:52.790462Z [INFO] webgcs: Monitoring test message 44
2025-09-09T05:02:52.790465Z [INFO] webgcs: Monitoring test message 45
2025-09-09T05:02:52.790468Z [INFO] webgcs: Monitoring test message 46
2025-09-09T05:02:52.790471Z [INFO] webgcs: Monitoring test message 47
2025-09-09T05:02:52.790474Z [INFO] webgcs: Monitoring test message 48
2025-09-09T05:02:52.790477Z [INFO] webgcs: Monitoring test message 49
2025-09-09T05:02:52.801703Z [DEBUG] webgcs: Level DEBUG message 0
2025-09-09T05:02:52.815523Z [ERROR] webgcs: Global error test 0
2025-09-09T05:02:52.815541Z [INFO] webgcs: Global info test 2
2025-09-09T05:02:52.815545Z [INFO] webgcs: Global info test 3
2025-09-09T05:02:52.815549Z [INFO] webgcs: Global info test 4
2025-09-09T05:02:52.815553Z [INFO] global_test: Telemetry update
2025-09-09T05:02:52.815556Z [INFO] webgcs: Global info test 6
2025-09-09T05:02:52.815560Z [INFO] webgcs: Global info test 7
2025-09-09T05:02:52.815563Z [INFO] webgcs: Global info test 8
2025-09-09T05:02:52.815566Z [INFO] webgcs: Global info test 9
2025-09-09T05:02:52.815569Z [ERROR] webgcs: Global error test 10
2025-09-09T05:02:52.815572Z [INFO] webgcs: Global info test 11
2025-09-09T05:02:52.815576Z [INFO] webgcs: Global info test 12
2025-09-09T05:02:52.815579Z [INFO] webgcs: Global info test 13
2025-09-09T05:02:52.815584Z [INFO] webgcs: Global info test 14
2025-09-09T05:02:52.815587Z [INFO] global_test: Telemetry update
2025-09-09T05:02:52.815591Z [INFO] webgcs: Global info test 16
2025-09-09T05:02:52.815594Z [INFO] webgcs: Global info test 17
2025-09-09T05:02:52.815597Z [INFO] webgcs: Global info test 18
2025-09-09T05:02:52.815600Z [INFO] webgcs: Global info test 19
2025-09-09T05:02:52.815605Z [ERROR] webgcs: Global error test 20
2025-09-09T05:02:52.815608Z [INFO] webgcs: Global info test 21
2025-09-09T05:02:52.815611Z [INFO] webgcs: Global info test 22
2025-09-09T05:02:52.815615Z [INFO] webgcs: Global info test 23
2025-09-09T05:02:52.815617Z [INFO] webgcs: Global info test 24
2025-09-09T05:02:52.815621Z [INFO] global_test: Telemetry update
2025-09-09T05:02:52.815624Z [INFO] webgcs: Global info test 26
2025-09-09T05:02:52.815627Z [INFO] webgcs: Global info test 27
2025-09-09T05:02:52.815630Z [INFO] webgcs: Global info test 28
2025-09-09T05:02:52.815633Z [INFO] webgcs: Global info test 29
2025-09-09T05:02:52.815636Z [ERROR] webgcs: Global error test 30
2025-09-09T05:02:52.815639Z [INFO] webgcs: Global info test 31
2025-09-09T05:02:52.815642Z [INFO] webgcs: Global info test 32
2025-09-09T05:02:52.815646Z [INFO] webgcs: Global info test 33
2025-09-09T05:02:52.815649Z [INFO] webgcs: Global info test 34
2025-09-09T05:02:52.815652Z [INFO] global_test: Telemetry update
2025-09-09T05:02:52.815655Z [INFO] webgcs: Global info test 36
2025-09-09T05:02:52.815658Z [INFO] webgcs: Global info test 37
2025-09-09T05:02:52.815661Z [INFO] webgcs: Global info test 38
2025-09-09T05:02:52.815664Z [INFO] webgcs: Global info test 39
2025-09-09T05:02:52.815669Z [ERROR] webgcs: Global error test 40
2025-09-09T05:02:52.815672Z [INFO] webgcs: Global info test 41
2025-09-09T05:02:52.815675Z [INFO] webgcs: Global info test 42
2025-09-09T05:02:52.815678Z [INFO] webgcs: Global info test 43
2025-09-09T05:02:52.815681Z [INFO] webgcs: Global info test 44
2025-09-09T05:02:52.815684Z [INFO] global_test: Telemetry update
2025-09-09T05:02:52.815687Z [INFO] webgcs: Global info test 46
2025-09-09T05:02:52.815690Z [INFO] webgcs: Global info test 47
2025-09-09T05:02:52.815693Z [INFO] webgcs: Global info test 48
2025-09-09T05:02:52.815696Z [INFO] webgcs: Global info test 49
2025-09-09T05:02:52.828381Z [INFO] webgcs: Memory test batch 0 message 0
2025-09-09T05:02:52.828695Z [INFO] webgcs: Memory test batch 0 message 101
2025-09-09T05:02:52.850981Z [INFO] webgcs: Memory test batch 1 message 900
2025-09-09T05:02:52.868245Z [INFO] webgcs: Memory test batch 2 message 900
2025-09-09T05:02:52.868251Z [INFO] webgcs: Memory test batch 2 message 901
2025-09-09T05:02:52.884836Z [INFO] webgcs: Memory test batch 3 message 600
2025-09-09T05:02:52.923338Z [INFO] webgcs: Memory test batch 5 message 800
2025-09-09T05:02:52.959250Z [INFO] webgcs: Memory test batch 7 message 700
2025-09-09T05:02:52.979820Z [INFO] webgcs: Memory test batch 8 message 900
2025-09-09T05:02:52.998037Z [INFO] webgcs: Memory test batch 9 message 900
2025-09-09T05:02:53.031367Z [INFO] webgcs: Shutdown test message 0
2025-09-09T05:02:53.032531Z [INFO] webgcs: Warmup message
2025-09-09T05:02:53.032849Z [INFO] webgcs: Performance test message 91
2025-09-09T05:02:53.032852Z [INFO] webgcs: Performance test message 92
2025-09-09T05:02:53.032855Z [INFO] webgcs: Performance test message 93
2025-09-09T05:02:53.032858Z [INFO] webgcs: Performance test message 94
2025-09-09T05:02:53.032862Z [INFO] webgcs: Performance test message 95
2025-09-09T05:02:53.032865Z [INFO] webgcs: Performance test message 96
2025-09-09T05:02:53.032868Z [INFO] webgcs: Performance test message 97
2025-09-09T05:02:53.032871Z [INFO] webgcs: Performance test message 98
2025-09-09T05:02:53.032875Z [INFO] webgcs: Performance test message 99
2025-09-09T05:02:53.032846Z [INFO] webgcs: Performance test message 90
2025-09-09T05:02:53.032849Z [INFO] webgcs: Performance test message 91
2025-09-09T05:02:53.032852Z [INFO] webgcs: Performance test message 92
2025-09-09T05:02:53.032855Z [INFO] webgcs: Performance test message 93
2025-09-09T05:02:53.032858Z [INFO] webgcs: Performance test message 94
2025-09-09T05:02:53.032862Z [INFO] webgcs: Performance test message 95
2025-09-09T05:02:53.032865Z [INFO] webgcs: Performance test message 96
2025-09-09T05:02:53.032868Z [INFO] webgcs: Performance test message 97
2025-09-09T05:02:53.032871Z [INFO] webgcs: Performance test message 98
2025-09-09T05:02:53.032875Z [INFO] webgcs: Performance test message 99
2025-09-09T05:02:53.046243Z [INFO] webgcs: Burst test message 0
2025-09-09T05:02:53.064115Z [INFO] webgcs: Thread 0 message 0
2025-09-09T05:02:53.099528Z [INFO] telemetry: Telemetry update
2025-09-09T05:02:53.111757Z [INFO] webgcs: Monitoring test message 0
2025-09-09T05:02:53.111767Z [INFO] webgcs: Monitoring test message 1
2025-09-09T05:02:53.111771Z [INFO] webgcs: Monitoring test message 2
2025-09-09T05:02:53.111775Z [INFO] webgcs: Monitoring test message 3
2025-09-09T05:02:53.111778Z [INFO] webgcs: Monitoring test message 4
2025-09-09T05:02:53.111781Z [INFO] webgcs: Monitoring test message 5
2025-09-09T05:02:53.111783Z [INFO] webgcs: Monitoring test message 6
2025-09-09T05:02:53.111786Z [INFO] webgcs: Monitoring test message 7
2025-09-09T05:02:53.111791Z [INFO] webgcs: Monitoring test message 8
2025-09-09T05:02:53.111794Z [INFO] webgcs: Monitoring test message 9
2025-09-09T05:02:53.111796Z [INFO] webgcs: Monitoring test message 10
2025-09-09T05:02:53.111799Z [INFO] webgcs: Monitoring test message 11
2025-09-09T05:02:53.111802Z [INFO] webgcs: Monitoring test message 12
2025-09-09T05:02:53.111805Z [INFO] webgcs: Monitoring test message 13
2025-09-09T05:02:53.111807Z [INFO] webgcs: Monitoring test message 14
2025-09-09T05:02:53.111810Z [INFO] webgcs: Monitoring test message 15
2025-09-09T05:02:53.111813Z [INFO] webgcs: Monitoring test message 16
2025-09-09T05:02:53.111815Z [INFO] webgcs: Monitoring test message 17
2025-09-09T05:02:53.111818Z [INFO] webgcs: Monitoring test message 18
2025-09-09T05:02:53.111820Z [INFO] webgcs: Monitoring test message 19
2025-09-09T05:02:53.111823Z [INFO] webgcs: Monitoring test message 20
2025-09-09T05:02:53.111825Z [INFO] webgcs: Monitoring test message 21
2025-09-09T05:02:53.111828Z [INFO] webgcs: Monitoring test message 22
2025-09-09T05:02:53.111831Z [INFO] webgcs: Monitoring test message 23
2025-09-09T05:02:53.111833Z [INFO] webgcs: Monitoring test message 24
2025-09-09T05:02:53.111836Z [INFO] webgcs: Monitoring test message 25
2025-09-09T05:02:53.111839Z [INFO] webgcs: Monitoring test message 26
2025-09-09T05:02:53.111841Z [INFO] webgcs: Monitoring test message 27
2025-09-09T05:02:53.111844Z [INFO] webgcs: Monitoring test message 28
2025-09-09T05:02:53.111847Z [INFO] webgcs: Monitoring test message 29
2025-09-09T05:02:53.111849Z [INFO] webgcs: Monitoring test message 30
2025-09-09T05:02:53.111852Z [INFO] webgcs: Monitoring test message 31
2025-09-09T05:02:53.111855Z [INFO] webgcs: Monitoring test message 32
2025-09-09T05:02:53.111859Z [INFO] webgcs: Monitoring test message 33
2025-09-09T05:02:53.111862Z [INFO] webgcs: Monitoring test message 34
2025-09-09T05:02:53.111865Z [INFO] webgcs: Monitoring test message 35
2025-09-09T05:02:53.111867Z [INFO] webgcs: Monitoring test message 36
2025-09-09T05:02:53.111870Z [INFO] webgcs: Monitoring test message 37
2025-09-09T05:02:53.111873Z [INFO] webgcs: Monitoring test message 38
2025-09-09T05:02:53.111875Z [INFO] webgcs: Monitoring test message 39
2025-09-09T05:02:53.111878Z [INFO] webgcs: Monitoring test message 40
2025-09-09T05:02:53.111881Z [INFO] webgcs: Monitoring test message 41
2025-09-09T05:02:53.111883Z [INFO] webgcs: Monitoring test message 42
2025-09-09T05:02:53.111886Z [INFO] webgcs: Monitoring test message 43
2025-09-09T05:02:53.111889Z [INFO] webgcs: Monitoring test message 44
2025-09-09T05:02:53.111891Z [INFO] webgcs: Monitoring test message 45
2025-09-09T05:02:53.111894Z [INFO] webgcs: Monitoring test message 46
2025-09-09T05:02:53.111896Z [INFO] webgcs: Monitoring test message 47
2025-09-09T05:02:53.111899Z [INFO] webgcs: Monitoring test message 48
2025-09-09T05:02:53.111902Z [INFO] webgcs: Monitoring test message 49
2025-09-09T05:02:53.124015Z [DEBUG] webgcs: Level DEBUG message 0
2025-09-09T05:02:53.137692Z [INFO] webgcs: Global info test 1
2025-09-09T05:02:53.137696Z [INFO] webgcs: Global info test 2
2025-09-09T05:02:53.137699Z [INFO] webgcs: Global info test 3
2025-09-09T05:02:53.137702Z [INFO] webgcs: Global info test 4
2025-09-09T05:02:53.137705Z [INFO] global_test: Telemetry update
2025-09-09T05:02:53.137709Z [INFO] webgcs: Global info test 6
2025-09-09T05:02:53.137712Z [INFO] webgcs: Global info test 7
2025-09-09T05:02:53.137715Z [INFO] webgcs: Global info test 8
2025-09-09T05:02:53.137718Z [INFO] webgcs: Global info test 9
2025-09-09T05:02:53.137721Z [ERROR] webgcs: Global error test 10
2025-09-09T05:02:53.137724Z [INFO] webgcs: Global info test 11
2025-09-09T05:02:53.137727Z [INFO] webgcs: Global info test 12
2025-09-09T05:02:53.137730Z [INFO] webgcs: Global info test 13
2025-09-09T05:02:53.137733Z [INFO] webgcs: Global info test 14
2025-09-09T05:02:53.137735Z [INFO] global_test: Telemetry update
2025-09-09T05:02:53.137739Z [INFO] webgcs: Global info test 16
2025-09-09T05:02:53.137742Z [INFO] webgcs: Global info test 17
2025-09-09T05:02:53.137745Z [INFO] webgcs: Global info test 18
2025-09-09T05:02:53.137748Z [INFO] webgcs: Global info test 19
2025-09-09T05:02:53.137751Z [ERROR] webgcs: Global error test 20
2025-09-09T05:02:53.137754Z [INFO] webgcs: Global info test 21
2025-09-09T05:02:53.137757Z [INFO] webgcs: Global info test 22
2025-09-09T05:02:53.137760Z [INFO] webgcs: Global info test 23
2025-09-09T05:02:53.137763Z [INFO] webgcs: Global info test 24
2025-09-09T05:02:53.137766Z [INFO] global_test: Telemetry update
2025-09-09T05:02:53.137769Z [INFO] webgcs: Global info test 26
2025-09-09T05:02:53.137772Z [INFO] webgcs: Global info test 27
2025-09-09T05:02:53.137775Z [INFO] webgcs: Global info test 28
2025-09-09T05:02:53.137782Z [INFO] webgcs: Global info test 29
2025-09-09T05:02:53.137786Z [ERROR] webgcs: Global error test 30
2025-09-09T05:02:53.137789Z [INFO] webgcs: Global info test 31
2025-09-09T05:02:53.137792Z [INFO] webgcs: Global info test 32
2025-09-09T05:02:53.137795Z [INFO] webgcs: Global info test 33
2025-09-09T05:02:53.137798Z [INFO] webgcs: Global info test 34
2025-09-09T05:02:53.137801Z [INFO] global_test: Telemetry update
2025-09-09T05:02:53.137804Z [INFO] webgcs: Global info test 36
2025-09-09T05:02:53.137807Z [INFO] webgcs: Global info test 37
2025-09-09T05:02:53.137810Z [INFO] webgcs: Global info test 38
2025-09-09T05:02:53.137813Z [INFO] webgcs: Global info test 39
2025-09-09T05:02:53.137816Z [ERROR] webgcs: Global error test 40
2025-09-09T05:02:53.137819Z [INFO] webgcs: Global info test 41
2025-09-09T05:02:53.137824Z [INFO] webgcs: Global info test 42
2025-09-09T05:02:53.137827Z [INFO] webgcs: Global info test 43
2025-09-09T05:02:53.137830Z [INFO] webgcs: Global info test 44
2025-09-09T05:02:53.137833Z [INFO] global_test: Telemetry update
2025-09-09T05:02:53.137836Z [INFO] webgcs: Global info test 46
2025-09-09T05:02:53.137840Z [INFO] webgcs: Global info test 47
2025-09-09T05:02:53.137844Z [INFO] webgcs: Global info test 48
2025-09-09T05:02:53.137847Z [INFO] webgcs: Global info test 49
2025-09-09T05:02:53.150289Z [INFO] webgcs: Memory test batch 0 message 0
2025-09-09T05:02:53.169946Z [INFO] webgcs: Memory test batch 1 message 800
2025-09-09T05:02:53.206550Z [INFO] webgcs: Memory test batch 3 message 700
2025-09-09T05:02:53.224294Z [INFO] webgcs: Memory test batch 4 message 800
2025-09-09T05:02:53.243594Z [INFO] webgcs: Memory test batch 5 message 800
2025-09-09T05:02:53.303712Z [INFO] webgcs: Memory test batch 8 message 900
2025-09-09T05:02:53.319671Z [INFO] webgcs: Memory test batch 9 message 700
2025-09-09T05:02:53.367275Z [INFO] webgcs: Shutdown test message 0
2025-09-09T05:04:27.658583Z [INFO] webgcs: Warmup message
2025-09-09T05:04:27.659237Z [INFO] webgcs: Performance test message 91
2025-09-09T05:04:27.659241Z [INFO] webgcs: Performance test message 92
2025-09-09T05:04:27.659245Z [INFO] webgcs: Performance test message 93
2025-09-09T05:04:27.659250Z [INFO] webgcs: Performance test message 94
2025-09-09T05:04:27.659254Z [INFO] webgcs: Performance test message 95
2025-09-09T05:04:27.659258Z [INFO] webgcs: Performance test message 96
2025-09-09T05:04:27.659263Z [INFO] webgcs: Performance test message 97
2025-09-09T05:04:27.659267Z [INFO] webgcs: Performance test message 98
2025-09-09T05:04:27.659272Z [INFO] webgcs: Performance test message 99
2025-09-09T05:04:27.659232Z [INFO] webgcs: Performance test message 90
2025-09-09T05:04:27.659237Z [INFO] webgcs: Performance test message 91
2025-09-09T05:04:27.659241Z [INFO] webgcs: Performance test message 92
2025-09-09T05:04:27.659245Z [INFO] webgcs: Performance test message 93
2025-09-09T05:04:27.659250Z [INFO] webgcs: Performance test message 94
2025-09-09T05:04:27.659254Z [INFO] webgcs: Performance test message 95
2025-09-09T05:04:27.659258Z [INFO] webgcs: Performance test message 96
2025-09-09T05:04:27.659263Z [INFO] webgcs: Performance test message 97
2025-09-09T05:04:27.659267Z [INFO] webgcs: Performance test message 98
2025-09-09T05:04:27.659272Z [INFO] webgcs: Performance test message 99
2025-09-09T05:04:27.673402Z [INFO] webgcs: Burst test message 0
2025-09-09T05:04:27.697047Z [INFO] webgcs: Thread 0 message 0
2025-09-09T05:04:27.699157Z [INFO] webgcs: Thread 5 message 1
2025-09-09T05:04:27.720951Z [INFO] telemetry: Telemetry update
2025-09-09T05:04:27.735644Z [INFO] webgcs: Monitoring test message 0
2025-09-09T05:04:27.735668Z [INFO] webgcs: Monitoring test message 1
2025-09-09T05:04:27.735676Z [INFO] webgcs: Monitoring test message 2
2025-09-09T05:04:27.735681Z [INFO] webgcs: Monitoring test message 3
2025-09-09T05:04:27.735685Z [INFO] webgcs: Monitoring test message 4
2025-09-09T05:04:27.735689Z [INFO] webgcs: Monitoring test message 5
2025-09-09T05:04:27.735693Z [INFO] webgcs: Monitoring test message 6
2025-09-09T05:04:27.735700Z [INFO] webgcs: Monitoring test message 7
2025-09-09T05:04:27.735705Z [INFO] webgcs: Monitoring test message 8
2025-09-09T05:04:27.735708Z [INFO] webgcs: Monitoring test message 9
2025-09-09T05:04:27.735712Z [INFO] webgcs: Monitoring test message 10
2025-09-09T05:04:27.735716Z [INFO] webgcs: Monitoring test message 11
2025-09-09T05:04:27.735720Z [INFO] webgcs: Monitoring test message 12
2025-09-09T05:04:27.735724Z [INFO] webgcs: Monitoring test message 13
2025-09-09T05:04:27.735728Z [INFO] webgcs: Monitoring test message 14
2025-09-09T05:04:27.735732Z [INFO] webgcs: Monitoring test message 15
2025-09-09T05:04:27.735735Z [INFO] webgcs: Monitoring test message 16
2025-09-09T05:04:27.735739Z [INFO] webgcs: Monitoring test message 17
2025-09-09T05:04:27.735743Z [INFO] webgcs: Monitoring test message 18
2025-09-09T05:04:27.735747Z [INFO] webgcs: Monitoring test message 19
2025-09-09T05:04:27.735751Z [INFO] webgcs: Monitoring test message 20
2025-09-09T05:04:27.735755Z [INFO] webgcs: Monitoring test message 21
2025-09-09T05:04:27.735759Z [INFO] webgcs: Monitoring test message 22
2025-09-09T05:04:27.735763Z [INFO] webgcs: Monitoring test message 23
2025-09-09T05:04:27.735767Z [INFO] webgcs: Monitoring test message 24
2025-09-09T05:04:27.735771Z [INFO] webgcs: Monitoring test message 25
2025-09-09T05:04:27.735774Z [INFO] webgcs: Monitoring test message 26
2025-09-09T05:04:27.735778Z [INFO] webgcs: Monitoring test message 27
2025-09-09T05:04:27.735782Z [INFO] webgcs: Monitoring test message 28
2025-09-09T05:04:27.735786Z [INFO] webgcs: Monitoring test message 29
2025-09-09T05:04:27.735790Z [INFO] webgcs: Monitoring test message 30
2025-09-09T05:04:27.735794Z [INFO] webgcs: Monitoring test message 31
2025-09-09T05:04:27.735798Z [INFO] webgcs: Monitoring test message 32
2025-09-09T05:04:27.735803Z [INFO] webgcs: Monitoring test message 33
2025-09-09T05:04:27.735807Z [INFO] webgcs: Monitoring test message 34
2025-09-09T05:04:27.735810Z [INFO] webgcs: Monitoring test message 35
2025-09-09T05:04:27.735814Z [INFO] webgcs: Monitoring test message 36
2025-09-09T05:04:27.735818Z [INFO] webgcs: Monitoring test message 37
2025-09-09T05:04:27.735822Z [INFO] webgcs: Monitoring test message 38
2025-09-09T05:04:27.735826Z [INFO] webgcs: Monitoring test message 39
2025-09-09T05:04:27.735830Z [INFO] webgcs: Monitoring test message 40
2025-09-09T05:04:27.735834Z [INFO] webgcs: Monitoring test message 41
2025-09-09T05:04:27.735838Z [INFO] webgcs: Monitoring test message 42
2025-09-09T05:04:27.735845Z [INFO] webgcs: Monitoring test message 43
2025-09-09T05:04:27.735849Z [INFO] webgcs: Monitoring test message 44
2025-09-09T05:04:27.735853Z [INFO] webgcs: Monitoring test message 45
2025-09-09T05:04:27.735857Z [INFO] webgcs: Monitoring test message 46
2025-09-09T05:04:27.735861Z [INFO] webgcs: Monitoring test message 47
2025-09-09T05:04:27.735865Z [INFO] webgcs: Monitoring test message 48
2025-09-09T05:04:27.735869Z [INFO] webgcs: Monitoring test message 49
2025-09-09T05:04:27.748050Z [DEBUG] webgcs: Level DEBUG message 0
2025-09-09T05:04:27.750140Z [ERROR] webgcs: Global error test 0
2025-09-09T05:04:27.750165Z [INFO] webgcs: Global info test 2
2025-09-09T05:04:27.750170Z [INFO] webgcs: Global info test 3
2025-09-09T05:04:27.750175Z [INFO] webgcs: Global info test 4
2025-09-09T05:04:27.750180Z [INFO] global_test: Telemetry update
2025-09-09T05:04:27.750185Z [INFO] webgcs: Global info test 6
2025-09-09T05:04:27.750192Z [INFO] webgcs: Global info test 7
2025-09-09T05:04:27.750197Z [INFO] webgcs: Global info test 8
2025-09-09T05:04:27.750202Z [INFO] webgcs: Global info test 9
2025-09-09T05:04:27.750206Z [ERROR] webgcs: Global error test 10
2025-09-09T05:04:27.750211Z [INFO] webgcs: Global info test 11
2025-09-09T05:04:27.750215Z [INFO] webgcs: Global info test 12
2025-09-09T05:04:27.750219Z [INFO] webgcs: Global info test 13
2025-09-09T05:04:27.750223Z [INFO] webgcs: Global info test 14
2025-09-09T05:04:27.750228Z [INFO] global_test: Telemetry update
2025-09-09T05:04:27.750232Z [INFO] webgcs: Global info test 16
2025-09-09T05:04:27.750237Z [INFO] webgcs: Global info test 17
2025-09-09T05:04:27.750241Z [INFO] webgcs: Global info test 18
2025-09-09T05:04:27.750245Z [INFO] webgcs: Global info test 19
2025-09-09T05:04:27.750250Z [ERROR] webgcs: Global error test 20
2025-09-09T05:04:27.750254Z [INFO] webgcs: Global info test 21
2025-09-09T05:04:27.750258Z [INFO] webgcs: Global info test 22
2025-09-09T05:04:27.750262Z [INFO] webgcs: Global info test 23
2025-09-09T05:04:27.750266Z [INFO] webgcs: Global info test 24
2025-09-09T05:04:27.750271Z [INFO] global_test: Telemetry update
2025-09-09T05:04:27.750278Z [INFO] webgcs: Global info test 26
2025-09-09T05:04:27.750283Z [INFO] webgcs: Global info test 27
2025-09-09T05:04:27.750287Z [INFO] webgcs: Global info test 28
2025-09-09T05:04:27.750291Z [INFO] webgcs: Global info test 29
2025-09-09T05:04:27.750295Z [ERROR] webgcs: Global error test 30
2025-09-09T05:04:27.750299Z [INFO] webgcs: Global info test 31
2025-09-09T05:04:27.750303Z [INFO] webgcs: Global info test 32
2025-09-09T05:04:27.750308Z [INFO] webgcs: Global info test 33
2025-09-09T05:04:27.750313Z [INFO] webgcs: Global info test 34
2025-09-09T05:04:27.750317Z [INFO] global_test: Telemetry update
2025-09-09T05:04:27.750323Z [INFO] webgcs: Global info test 36
2025-09-09T05:04:27.750327Z [INFO] webgcs: Global info test 37
2025-09-09T05:04:27.750331Z [INFO] webgcs: Global info test 38
2025-09-09T05:04:27.750336Z [INFO] webgcs: Global info test 39
2025-09-09T05:04:27.750340Z [ERROR] webgcs: Global error test 40
2025-09-09T05:04:27.750344Z [INFO] webgcs: Global info test 41
2025-09-09T05:04:27.750348Z [INFO] webgcs: Global info test 42
2025-09-09T05:04:27.750353Z [INFO] webgcs: Global info test 43
2025-09-09T05:04:27.750357Z [INFO] webgcs: Global info test 44
2025-09-09T05:04:27.750361Z [INFO] global_test: Telemetry update
2025-09-09T05:04:27.750366Z [INFO] webgcs: Global info test 46
2025-09-09T05:04:27.750370Z [INFO] webgcs: Global info test 47
2025-09-09T05:04:27.750374Z [INFO] webgcs: Global info test 48
2025-09-09T05:04:27.750378Z [INFO] webgcs: Global info test 49
2025-09-09T05:04:27.762449Z [INFO] webgcs: Memory test batch 0 message 0
2025-09-09T05:04:27.790509Z [INFO] webgcs: Memory test batch 1 message 600
2025-09-09T05:04:27.790518Z [INFO] webgcs: Memory test batch 1 message 601
2025-09-09T05:04:27.812227Z [INFO] webgcs: Memory test batch 2 message 600
2025-09-09T05:04:27.855948Z [INFO] webgcs: Memory test batch 4 message 700
2025-09-09T05:04:27.898961Z [INFO] webgcs: Memory test batch 6 message 600
2025-09-09T05:04:27.920593Z [INFO] webgcs: Memory test batch 7 message 700
2025-09-09T05:04:27.939973Z [INFO] webgcs: Memory test batch 8 message 600
2025-09-09T05:04:27.964625Z [INFO] webgcs: Memory test batch 9 message 800
2025-09-09T05:04:28.009778Z [INFO] webgcs: Shutdown test message 0
2025-09-09T05:04:28.011406Z [INFO] webgcs: Warmup message
2025-09-09T05:04:28.011831Z [INFO] webgcs: Performance test message 91
2025-09-09T05:04:28.011835Z [INFO] webgcs: Performance test message 92
2025-09-09T05:04:28.011839Z [INFO] webgcs: Performance test message 93
2025-09-09T05:04:28.011844Z [INFO] webgcs: Performance test message 94
2025-09-09T05:04:28.011848Z [INFO] webgcs: Performance test message 95
2025-09-09T05:04:28.011852Z [INFO] webgcs: Performance test message 96
2025-09-09T05:04:28.011857Z [INFO] webgcs: Performance test message 97
2025-09-09T05:04:28.011861Z [INFO] webgcs: Performance test message 98
2025-09-09T05:04:28.011866Z [INFO] webgcs: Performance test message 99
2025-09-09T05:04:28.011827Z [INFO] webgcs: Performance test message 90
2025-09-09T05:04:28.011831Z [INFO] webgcs: Performance test message 91
2025-09-09T05:04:28.011835Z [INFO] webgcs: Performance test message 92
2025-09-09T05:04:28.011839Z [INFO] webgcs: Performance test message 93
2025-09-09T05:04:28.011844Z [INFO] webgcs: Performance test message 94
2025-09-09T05:04:28.011848Z [INFO] webgcs: Performance test message 95
2025-09-09T05:04:28.011852Z [INFO] webgcs: Performance test message 96
2025-09-09T05:04:28.011857Z [INFO] webgcs: Performance test message 97
2025-09-09T05:04:28.011861Z [INFO] webgcs: Performance test message 98
2025-09-09T05:04:28.011866Z [INFO] webgcs: Performance test message 99
2025-09-09T05:04:28.025756Z [INFO] webgcs: Burst test message 0
2025-09-09T05:04:28.027551Z [INFO] webgcs: Burst test message 101
2025-09-09T05:04:28.027555Z [INFO] webgcs: Burst test message 102
2025-09-09T05:04:28.027559Z [INFO] webgcs: Burst test message 103
2025-09-09T05:04:28.027564Z [INFO] webgcs: Burst test message 104
2025-09-09T05:04:28.027568Z [INFO] webgcs: Burst test message 105
2025-09-09T05:04:28.048176Z [INFO] webgcs: Thread 0 message 0
2025-09-09T05:04:28.069994Z [INFO] telemetry: Telemetry update
2025-09-09T05:04:28.082151Z [INFO] webgcs: Monitoring test message 0
2025-09-09T05:04:28.082165Z [INFO] webgcs: Monitoring test message 1
2025-09-09T05:04:28.082170Z [INFO] webgcs: Monitoring test message 2
2025-09-09T05:04:28.082173Z [INFO] webgcs: Monitoring test message 3
2025-09-09T05:04:28.082177Z [INFO] webgcs: Monitoring test message 4
2025-09-09T05:04:28.082181Z [INFO] webgcs: Monitoring test message 5
2025-09-09T05:04:28.082184Z [INFO] webgcs: Monitoring test message 6
2025-09-09T05:04:28.082188Z [INFO] webgcs: Monitoring test message 7
2025-09-09T05:04:28.082191Z [INFO] webgcs: Monitoring test message 8
2025-09-09T05:04:28.082195Z [INFO] webgcs: Monitoring test message 9
2025-09-09T05:04:28.082201Z [INFO] webgcs: Monitoring test message 10
2025-09-09T05:04:28.082205Z [INFO] webgcs: Monitoring test message 11
2025-09-09T05:04:28.082208Z [INFO] webgcs: Monitoring test message 12
2025-09-09T05:04:28.082212Z [INFO] webgcs: Monitoring test message 13
2025-09-09T05:04:28.082215Z [INFO] webgcs: Monitoring test message 14
2025-09-09T05:04:28.082219Z [INFO] webgcs: Monitoring test message 15
2025-09-09T05:04:28.082222Z [INFO] webgcs: Monitoring test message 16
2025-09-09T05:04:28.082227Z [INFO] webgcs: Monitoring test message 17
2025-09-09T05:04:28.082231Z [INFO] webgcs: Monitoring test message 18
2025-09-09T05:04:28.082234Z [INFO] webgcs: Monitoring test message 19
2025-09-09T05:04:28.082237Z [INFO] webgcs: Monitoring test message 20
2025-09-09T05:04:28.082241Z [INFO] webgcs: Monitoring test message 21
2025-09-09T05:04:28.082244Z [INFO] webgcs: Monitoring test message 22
2025-09-09T05:04:28.082248Z [INFO] webgcs: Monitoring test message 23
2025-09-09T05:04:28.082251Z [INFO] webgcs: Monitoring test message 24
2025-09-09T05:04:28.082254Z [INFO] webgcs: Monitoring test message 25
2025-09-09T05:04:28.082258Z [INFO] webgcs: Monitoring test message 26
2025-09-09T05:04:28.082261Z [INFO] webgcs: Monitoring test message 27
2025-09-09T05:04:28.082265Z [INFO] webgcs: Monitoring test message 28
2025-09-09T05:04:28.082268Z [INFO] webgcs: Monitoring test message 29
2025-09-09T05:04:28.082271Z [INFO] webgcs: Monitoring test message 30
2025-09-09T05:04:28.082274Z [INFO] webgcs: Monitoring test message 31
2025-09-09T05:04:28.082278Z [INFO] webgcs: Monitoring test message 32
2025-09-09T05:04:28.082283Z [INFO] webgcs: Monitoring test message 33
2025-09-09T05:04:28.082286Z [INFO] webgcs: Monitoring test message 34
2025-09-09T05:04:28.082290Z [INFO] webgcs: Monitoring test message 35
2025-09-09T05:04:28.082293Z [INFO] webgcs: Monitoring test message 36
2025-09-09T05:04:28.082297Z [INFO] webgcs: Monitoring test message 37
2025-09-09T05:04:28.082300Z [INFO] webgcs: Monitoring test message 38
2025-09-09T05:04:28.082303Z [INFO] webgcs: Monitoring test message 39
2025-09-09T05:04:28.082307Z [INFO] webgcs: Monitoring test message 40
2025-09-09T05:04:28.082311Z [INFO] webgcs: Monitoring test message 41
2025-09-09T05:04:28.082314Z [INFO] webgcs: Monitoring test message 42
2025-09-09T05:04:28.082319Z [INFO] webgcs: Monitoring test message 43
2025-09-09T05:04:28.082322Z [INFO] webgcs: Monitoring test message 44
2025-09-09T05:04:28.082326Z [INFO] webgcs: Monitoring test message 45
2025-09-09T05:04:28.082329Z [INFO] webgcs: Monitoring test message 46
2025-09-09T05:04:28.082333Z [INFO] webgcs: Monitoring test message 47
2025-09-09T05:04:28.082336Z [INFO] webgcs: Monitoring test message 48
2025-09-09T05:04:28.082340Z [INFO] webgcs: Monitoring test message 49
2025-09-09T05:04:28.095693Z [DEBUG] webgcs: Level DEBUG message 0
2025-09-09T05:04:28.108363Z [INFO] webgcs: Global info test 1
2025-09-09T05:04:28.108370Z [INFO] webgcs: Global info test 2
2025-09-09T05:04:28.108375Z [INFO] webgcs: Global info test 3
2025-09-09T05:04:28.108380Z [INFO] webgcs: Global info test 4
2025-09-09T05:04:28.108387Z [INFO] global_test: Telemetry update
2025-09-09T05:04:28.108393Z [INFO] webgcs: Global info test 6
2025-09-09T05:04:28.108398Z [INFO] webgcs: Global info test 7
2025-09-09T05:04:28.108402Z [INFO] webgcs: Global info test 8
2025-09-09T05:04:28.108407Z [INFO] webgcs: Global info test 9
2025-09-09T05:04:28.108411Z [ERROR] webgcs: Global error test 10
2025-09-09T05:04:28.108416Z [INFO] webgcs: Global info test 11
2025-09-09T05:04:28.108420Z [INFO] webgcs: Global info test 12
2025-09-09T05:04:28.108425Z [INFO] webgcs: Global info test 13
2025-09-09T05:04:28.108429Z [INFO] webgcs: Global info test 14
2025-09-09T05:04:28.108435Z [INFO] global_test: Telemetry update
2025-09-09T05:04:28.108440Z [INFO] webgcs: Global info test 16
2025-09-09T05:04:28.108445Z [INFO] webgcs: Global info test 17
2025-09-09T05:04:28.108449Z [INFO] webgcs: Global info test 18
2025-09-09T05:04:28.108453Z [INFO] webgcs: Global info test 19
2025-09-09T05:04:28.108458Z [ERROR] webgcs: Global error test 20
2025-09-09T05:04:28.108462Z [INFO] webgcs: Global info test 21
2025-09-09T05:04:28.108466Z [INFO] webgcs: Global info test 22
2025-09-09T05:04:28.108470Z [INFO] webgcs: Global info test 23
2025-09-09T05:04:28.108475Z [INFO] webgcs: Global info test 24
2025-09-09T05:04:28.108479Z [INFO] global_test: Telemetry update
2025-09-09T05:04:28.108484Z [INFO] webgcs: Global info test 26
2025-09-09T05:04:28.108488Z [INFO] webgcs: Global info test 27
2025-09-09T05:04:28.108492Z [INFO] webgcs: Global info test 28
2025-09-09T05:04:28.108496Z [INFO] webgcs: Global info test 29
2025-09-09T05:04:28.108501Z [ERROR] webgcs: Global error test 30
2025-09-09T05:04:28.108505Z [INFO] webgcs: Global info test 31
2025-09-09T05:04:28.108509Z [INFO] webgcs: Global info test 32
2025-09-09T05:04:28.108514Z [INFO] webgcs: Global info test 33
2025-09-09T05:04:28.108518Z [INFO] webgcs: Global info test 34
2025-09-09T05:04:28.108522Z [INFO] global_test: Telemetry update
2025-09-09T05:04:28.108527Z [INFO] webgcs: Global info test 36
2025-09-09T05:04:28.108531Z [INFO] webgcs: Global info test 37
2025-09-09T05:04:28.108535Z [INFO] webgcs: Global info test 38
2025-09-09T05:04:28.108540Z [INFO] webgcs: Global info test 39
2025-09-09T05:04:28.108546Z [ERROR] webgcs: Global error test 40
2025-09-09T05:04:28.108550Z [INFO] webgcs: Global info test 41
2025-09-09T05:04:28.108555Z [INFO] webgcs: Global info test 42
2025-09-09T05:04:28.108559Z [INFO] webgcs: Global info test 43
2025-09-09T05:04:28.108563Z [INFO] webgcs: Global info test 44
2025-09-09T05:04:28.108568Z [INFO] global_test: Telemetry update
2025-09-09T05:04:28.108572Z [INFO] webgcs: Global info test 46
2025-09-09T05:04:28.108577Z [INFO] webgcs: Global info test 47
2025-09-09T05:04:28.108581Z [INFO] webgcs: Global info test 48
2025-09-09T05:04:28.108587Z [INFO] webgcs: Global info test 49
2025-09-09T05:04:28.121484Z [INFO] webgcs: Memory test batch 0 message 0
2025-09-09T05:04:28.164314Z [INFO] webgcs: Memory test batch 1 message 600
2025-09-09T05:04:28.186832Z [INFO] webgcs: Memory test batch 2 message 700
2025-09-09T05:04:28.253139Z [INFO] webgcs: Memory test batch 5 message 600
2025-09-09T05:04:28.274789Z [INFO] webgcs: Memory test batch 6 message 600
2025-09-09T05:04:28.295096Z [INFO] webgcs: Memory test batch 7 message 600
2025-09-09T05:04:28.341823Z [INFO] webgcs: Memory test batch 9 message 700
2025-09-09T05:04:28.394896Z [INFO] webgcs: Shutdown test message 0
2025-09-09T05:06:22.620020Z [INFO] webgcs: Warmup message
2025-09-09T05:06:22.620413Z [INFO] webgcs: Performance test message 91
2025-09-09T05:06:22.620415Z [INFO] webgcs: Performance test message 92
2025-09-09T05:06:22.620418Z [INFO] webgcs: Performance test message 93
2025-09-09T05:06:22.620421Z [INFO] webgcs: Performance test message 94
2025-09-09T05:06:22.620423Z [INFO] webgcs: Performance test message 95
2025-09-09T05:06:22.620425Z [INFO] webgcs: Performance test message 96
2025-09-09T05:06:22.620428Z [INFO] webgcs: Performance test message 97
2025-09-09T05:06:22.620431Z [INFO] webgcs: Performance test message 98
2025-09-09T05:06:22.620433Z [INFO] webgcs: Performance test message 99
2025-09-09T05:06:22.620410Z [INFO] webgcs: Performance test message 90
2025-09-09T05:06:22.620413Z [INFO] webgcs: Performance test message 91
2025-09-09T05:06:22.620415Z [INFO] webgcs: Performance test message 92
2025-09-09T05:06:22.620418Z [INFO] webgcs: Performance test message 93
2025-09-09T05:06:22.620421Z [INFO] webgcs: Performance test message 94
2025-09-09T05:06:22.620423Z [INFO] webgcs: Performance test message 95
2025-09-09T05:06:22.620425Z [INFO] webgcs: Performance test message 96
2025-09-09T05:06:22.620428Z [INFO] webgcs: Performance test message 97
2025-09-09T05:06:22.620431Z [INFO] webgcs: Performance test message 98
2025-09-09T05:06:22.620433Z [INFO] webgcs: Performance test message 99
2025-09-09T05:06:22.634296Z [INFO] webgcs: Burst test message 0
2025-09-09T05:06:22.652111Z [INFO] webgcs: Thread 0 message 0
2025-09-09T05:06:22.654639Z [INFO] webgcs: Thread 6 message 0
2025-09-09T05:06:22.671583Z [INFO] telemetry: Telemetry update
2025-09-09T05:06:22.685462Z [INFO] webgcs: Monitoring test message 0
2025-09-09T05:06:22.685475Z [INFO] webgcs: Monitoring test message 1
2025-09-09T05:06:22.685478Z [INFO] webgcs: Monitoring test message 2
2025-09-09T05:06:22.685481Z [INFO] webgcs: Monitoring test message 3
2025-09-09T05:06:22.685484Z [INFO] webgcs: Monitoring test message 4
2025-09-09T05:06:22.685486Z [INFO] webgcs: Monitoring test message 5
2025-09-09T05:06:22.685489Z [INFO] webgcs: Monitoring test message 6
2025-09-09T05:06:22.685491Z [INFO] webgcs: Monitoring test message 7
2025-09-09T05:06:22.685495Z [INFO] webgcs: Monitoring test message 8
2025-09-09T05:06:22.685498Z [INFO] webgcs: Monitoring test message 9
2025-09-09T05:06:22.685500Z [INFO] webgcs: Monitoring test message 10
2025-09-09T05:06:22.685503Z [INFO] webgcs: Monitoring test message 11
2025-09-09T05:06:22.685505Z [INFO] webgcs: Monitoring test message 12
2025-09-09T05:06:22.685507Z [INFO] webgcs: Monitoring test message 13
2025-09-09T05:06:22.685509Z [INFO] webgcs: Monitoring test message 14
2025-09-09T05:06:22.685512Z [INFO] webgcs: Monitoring test message 15
2025-09-09T05:06:22.685514Z [INFO] webgcs: Monitoring test message 16
2025-09-09T05:06:22.685516Z [INFO] webgcs: Monitoring test message 17
2025-09-09T05:06:22.685519Z [INFO] webgcs: Monitoring test message 18
2025-09-09T05:06:22.685521Z [INFO] webgcs: Monitoring test message 19
2025-09-09T05:06:22.685523Z [INFO] webgcs: Monitoring test message 20
2025-09-09T05:06:22.685525Z [INFO] webgcs: Monitoring test message 21
2025-09-09T05:06:22.685528Z [INFO] webgcs: Monitoring test message 22
2025-09-09T05:06:22.685530Z [INFO] webgcs: Monitoring test message 23
2025-09-09T05:06:22.685532Z [INFO] webgcs: Monitoring test message 24
2025-09-09T05:06:22.685534Z [INFO] webgcs: Monitoring test message 25
2025-09-09T05:06:22.685537Z [INFO] webgcs: Monitoring test message 26
2025-09-09T05:06:22.685539Z [INFO] webgcs: Monitoring test message 27
2025-09-09T05:06:22.685541Z [INFO] webgcs: Monitoring test message 28
2025-09-09T05:06:22.685543Z [INFO] webgcs: Monitoring test message 29
2025-09-09T05:06:22.685546Z [INFO] webgcs: Monitoring test message 30
2025-09-09T05:06:22.685548Z [INFO] webgcs: Monitoring test message 31
2025-09-09T05:06:22.685550Z [INFO] webgcs: Monitoring test message 32
2025-09-09T05:06:22.685553Z [INFO] webgcs: Monitoring test message 33
2025-09-09T05:06:22.685556Z [INFO] webgcs: Monitoring test message 34
2025-09-09T05:06:22.685558Z [INFO] webgcs: Monitoring test message 35
2025-09-09T05:06:22.685560Z [INFO] webgcs: Monitoring test message 36
2025-09-09T05:06:22.685562Z [INFO] webgcs: Monitoring test message 37
2025-09-09T05:06:22.685565Z [INFO] webgcs: Monitoring test message 38
2025-09-09T05:06:22.685567Z [INFO] webgcs: Monitoring test message 39
2025-09-09T05:06:22.685569Z [INFO] webgcs: Monitoring test message 40
2025-09-09T05:06:22.685573Z [INFO] webgcs: Monitoring test message 41
2025-09-09T05:06:22.685576Z [INFO] webgcs: Monitoring test message 42
2025-09-09T05:06:22.685578Z [INFO] webgcs: Monitoring test message 43
2025-09-09T05:06:22.685580Z [INFO] webgcs: Monitoring test message 44
2025-09-09T05:06:22.685583Z [INFO] webgcs: Monitoring test message 45
2025-09-09T05:06:22.685588Z [INFO] webgcs: Monitoring test message 46
2025-09-09T05:06:22.685591Z [INFO] webgcs: Monitoring test message 47
2025-09-09T05:06:22.685593Z [INFO] webgcs: Monitoring test message 48
2025-09-09T05:06:22.685595Z [INFO] webgcs: Monitoring test message 49
2025-09-09T05:06:22.696598Z [DEBUG] webgcs: Level DEBUG message 0
2025-09-09T05:06:22.709881Z [ERROR] webgcs: Global error test 0
2025-09-09T05:06:22.709901Z [INFO] webgcs: Global info test 2
2025-09-09T05:06:22.709904Z [INFO] webgcs: Global info test 3
2025-09-09T05:06:22.709907Z [INFO] webgcs: Global info test 4
2025-09-09T05:06:22.709910Z [INFO] global_test: Telemetry update
2025-09-09T05:06:22.709913Z [INFO] webgcs: Global info test 6
2025-09-09T05:06:22.709915Z [INFO] webgcs: Global info test 7
2025-09-09T05:06:22.709918Z [INFO] webgcs: Global info test 8
2025-09-09T05:06:22.709920Z [INFO] webgcs: Global info test 9
2025-09-09T05:06:22.709923Z [ERROR] webgcs: Global error test 10
2025-09-09T05:06:22.709925Z [INFO] webgcs: Global info test 11
2025-09-09T05:06:22.709928Z [INFO] webgcs: Global info test 12
2025-09-09T05:06:22.709930Z [INFO] webgcs: Global info test 13
2025-09-09T05:06:22.709932Z [INFO] webgcs: Global info test 14
2025-09-09T05:06:22.709936Z [INFO] global_test: Telemetry update
2025-09-09T05:06:22.709939Z [INFO] webgcs: Global info test 16
2025-09-09T05:06:22.709942Z [INFO] webgcs: Global info test 17
2025-09-09T05:06:22.709944Z [INFO] webgcs: Global info test 18
2025-09-09T05:06:22.709947Z [INFO] webgcs: Global info test 19
2025-09-09T05:06:22.709949Z [ERROR] webgcs: Global error test 20
2025-09-09T05:06:22.709952Z [INFO] webgcs: Global info test 21
2025-09-09T05:06:22.709956Z [INFO] webgcs: Global info test 22
2025-09-09T05:06:22.709959Z [INFO] webgcs: Global info test 23
2025-09-09T05:06:22.709961Z [INFO] webgcs: Global info test 24
2025-09-09T05:06:22.709965Z [INFO] global_test: Telemetry update
2025-09-09T05:06:22.709967Z [INFO] webgcs: Global info test 26
2025-09-09T05:06:22.709970Z [INFO] webgcs: Global info test 27
2025-09-09T05:06:22.709972Z [INFO] webgcs: Global info test 28
2025-09-09T05:06:22.709975Z [INFO] webgcs: Global info test 29
2025-09-09T05:06:22.709977Z [ERROR] webgcs: Global error test 30
2025-09-09T05:06:22.709980Z [INFO] webgcs: Global info test 31
2025-09-09T05:06:22.709982Z [INFO] webgcs: Global info test 32
2025-09-09T05:06:22.709985Z [INFO] webgcs: Global info test 33
2025-09-09T05:06:22.709987Z [INFO] webgcs: Global info test 34
2025-09-09T05:06:22.709990Z [INFO] global_test: Telemetry update
2025-09-09T05:06:22.709994Z [INFO] webgcs: Global info test 36
2025-09-09T05:06:22.709996Z [INFO] webgcs: Global info test 37
2025-09-09T05:06:22.709998Z [INFO] webgcs: Global info test 38
2025-09-09T05:06:22.710001Z [INFO] webgcs: Global info test 39
2025-09-09T05:06:22.710003Z [ERROR] webgcs: Global error test 40
2025-09-09T05:06:22.710006Z [INFO] webgcs: Global info test 41
2025-09-09T05:06:22.710008Z [INFO] webgcs: Global info test 42
2025-09-09T05:06:22.710011Z [INFO] webgcs: Global info test 43
2025-09-09T05:06:22.710013Z [INFO] webgcs: Global info test 44
2025-09-09T05:06:22.710015Z [INFO] global_test: Telemetry update
2025-09-09T05:06:22.710018Z [INFO] webgcs: Global info test 46
2025-09-09T05:06:22.710020Z [INFO] webgcs: Global info test 47
2025-09-09T05:06:22.710022Z [INFO] webgcs: Global info test 48
2025-09-09T05:06:22.710025Z [INFO] webgcs: Global info test 49
2025-09-09T05:06:22.722999Z [INFO] webgcs: Memory test batch 0 message 0
2025-09-09T05:06:22.770939Z [INFO] webgcs: Memory test batch 2 message 400
2025-09-09T05:06:22.881430Z [INFO] webgcs: Memory test batch 8 message 900
2025-09-09T05:06:22.932370Z [INFO] webgcs: Shutdown test message 0
2025-09-09T05:06:22.933395Z [INFO] webgcs: Warmup message
2025-09-09T05:06:22.933651Z [INFO] webgcs: Performance test message 91
2025-09-09T05:06:22.933654Z [INFO] webgcs: Performance test message 92
2025-09-09T05:06:22.933657Z [INFO] webgcs: Performance test message 93
2025-09-09T05:06:22.933659Z [INFO] webgcs: Performance test message 94
2025-09-09T05:06:22.933662Z [INFO] webgcs: Performance test message 95
2025-09-09T05:06:22.933664Z [INFO] webgcs: Performance test message 96
2025-09-09T05:06:22.933667Z [INFO] webgcs: Performance test message 97
2025-09-09T05:06:22.933670Z [INFO] webgcs: Performance test message 98
2025-09-09T05:06:22.933672Z [INFO] webgcs: Performance test message 99
2025-09-09T05:06:22.933649Z [INFO] webgcs: Performance test message 90
2025-09-09T05:06:22.933651Z [INFO] webgcs: Performance test message 91
2025-09-09T05:06:22.933654Z [INFO] webgcs: Performance test message 92
2025-09-09T05:06:22.933657Z [INFO] webgcs: Performance test message 93
2025-09-09T05:06:22.933659Z [INFO] webgcs: Performance test message 94
2025-09-09T05:06:22.933662Z [INFO] webgcs: Performance test message 95
2025-09-09T05:06:22.933664Z [INFO] webgcs: Performance test message 96
2025-09-09T05:06:22.933667Z [INFO] webgcs: Performance test message 97
2025-09-09T05:06:22.933670Z [INFO] webgcs: Performance test message 98
2025-09-09T05:06:22.933672Z [INFO] webgcs: Performance test message 99
2025-09-09T05:06:22.946241Z [INFO] webgcs: Burst test message 0
2025-09-09T05:06:22.946581Z [INFO] webgcs: Burst test message 101
2025-09-09T05:06:22.946584Z [INFO] webgcs: Burst test message 102
2025-09-09T05:06:22.964112Z [INFO] webgcs: Thread 0 message 0
2025-09-09T05:06:22.983711Z [INFO] telemetry: Telemetry update
2025-09-09T05:06:22.997490Z [INFO] webgcs: Monitoring test message 0
2025-09-09T05:06:22.997502Z [INFO] webgcs: Monitoring test message 1
2025-09-09T05:06:22.997506Z [INFO] webgcs: Monitoring test message 2
2025-09-09T05:06:22.997509Z [INFO] webgcs: Monitoring test message 3
2025-09-09T05:06:22.997511Z [INFO] webgcs: Monitoring test message 4
2025-09-09T05:06:22.997514Z [INFO] webgcs: Monitoring test message 5
2025-09-09T05:06:22.997516Z [INFO] webgcs: Monitoring test message 6
2025-09-09T05:06:22.997519Z [INFO] webgcs: Monitoring test message 7
2025-09-09T05:06:22.997533Z [INFO] webgcs: Monitoring test message 8
2025-09-09T05:06:22.997536Z [INFO] webgcs: Monitoring test message 9
2025-09-09T05:06:22.997538Z [INFO] webgcs: Monitoring test message 10
2025-09-09T05:06:22.997541Z [INFO] webgcs: Monitoring test message 11
2025-09-09T05:06:22.997543Z [INFO] webgcs: Monitoring test message 12
2025-09-09T05:06:22.997545Z [INFO] webgcs: Monitoring test message 13
2025-09-09T05:06:22.997548Z [INFO] webgcs: Monitoring test message 14
2025-09-09T05:06:22.997551Z [INFO] webgcs: Monitoring test message 15
2025-09-09T05:06:22.997554Z [INFO] webgcs: Monitoring test message 16
2025-09-09T05:06:22.997556Z [INFO] webgcs: Monitoring test message 17
2025-09-09T05:06:22.997559Z [INFO] webgcs: Monitoring test message 18
2025-09-09T05:06:22.997561Z [INFO] webgcs: Monitoring test message 19
2025-09-09T05:06:22.997563Z [INFO] webgcs: Monitoring test message 20
2025-09-09T05:06:22.997566Z [INFO] webgcs: Monitoring test message 21
2025-09-09T05:06:22.997568Z [INFO] webgcs: Monitoring test message 22
2025-09-09T05:06:22.997570Z [INFO] webgcs: Monitoring test message 23
2025-09-09T05:06:22.997573Z [INFO] webgcs: Monitoring test message 24
2025-09-09T05:06:22.997575Z [INFO] webgcs: Monitoring test message 25
2025-09-09T05:06:22.997577Z [INFO] webgcs: Monitoring test message 26
2025-09-09T05:06:22.997579Z [INFO] webgcs: Monitoring test message 27
2025-09-09T05:06:22.997582Z [INFO] webgcs: Monitoring test message 28
2025-09-09T05:06:22.997584Z [INFO] webgcs: Monitoring test message 29
2025-09-09T05:06:22.997586Z [INFO] webgcs: Monitoring test message 30
2025-09-09T05:06:22.997589Z [INFO] webgcs: Monitoring test message 31
2025-09-09T05:06:22.997591Z [INFO] webgcs: Monitoring test message 32
2025-09-09T05:06:22.997594Z [INFO] webgcs: Monitoring test message 33
2025-09-09T05:06:22.997597Z [INFO] webgcs: Monitoring test message 34
2025-09-09T05:06:22.997599Z [INFO] webgcs: Monitoring test message 35
2025-09-09T05:06:22.997601Z [INFO] webgcs: Monitoring test message 36
2025-09-09T05:06:22.997603Z [INFO] webgcs: Monitoring test message 37
2025-09-09T05:06:22.997606Z [INFO] webgcs: Monitoring test message 38
2025-09-09T05:06:22.997608Z [INFO] webgcs: Monitoring test message 39
2025-09-09T05:06:22.997611Z [INFO] webgcs: Monitoring test message 40
2025-09-09T05:06:22.997613Z [INFO] webgcs: Monitoring test message 41
2025-09-09T05:06:22.997615Z [INFO] webgcs: Monitoring test message 42
2025-09-09T05:06:22.997618Z [INFO] webgcs: Monitoring test message 43
2025-09-09T05:06:22.997624Z [INFO] webgcs: Monitoring test message 44
2025-09-09T05:06:22.997626Z [INFO] webgcs: Monitoring test message 45
2025-09-09T05:06:22.997628Z [INFO] webgcs: Monitoring test message 46
2025-09-09T05:06:22.997631Z [INFO] webgcs: Monitoring test message 47
2025-09-09T05:06:22.997633Z [INFO] webgcs: Monitoring test message 48
2025-09-09T05:06:22.997635Z [INFO] webgcs: Monitoring test message 49
2025-09-09T05:06:23.011047Z [DEBUG] webgcs: Level DEBUG message 0
2025-09-09T05:06:23.023561Z [INFO] webgcs: Global info test 1
2025-09-09T05:06:23.023566Z [INFO] webgcs: Global info test 2
2025-09-09T05:06:23.023569Z [INFO] webgcs: Global info test 3
2025-09-09T05:06:23.023572Z [INFO] webgcs: Global info test 4
2025-09-09T05:06:23.023575Z [INFO] global_test: Telemetry update
2025-09-09T05:06:23.023580Z [INFO] webgcs: Global info test 6
2025-09-09T05:06:23.023583Z [INFO] webgcs: Global info test 7
2025-09-09T05:06:23.023586Z [INFO] webgcs: Global info test 8
2025-09-09T05:06:23.023589Z [INFO] webgcs: Global info test 9
2025-09-09T05:06:23.023591Z [ERROR] webgcs: Global error test 10
2025-09-09T05:06:23.023594Z [INFO] webgcs: Global info test 11
2025-09-09T05:06:23.023596Z [INFO] webgcs: Global info test 12
2025-09-09T05:06:23.023599Z [INFO] webgcs: Global info test 13
2025-09-09T05:06:23.023601Z [INFO] webgcs: Global info test 14
2025-09-09T05:06:23.023604Z [INFO] global_test: Telemetry update
2025-09-09T05:06:23.023607Z [INFO] webgcs: Global info test 16
2025-09-09T05:06:23.023610Z [INFO] webgcs: Global info test 17
2025-09-09T05:06:23.023613Z [INFO] webgcs: Global info test 18
2025-09-09T05:06:23.023615Z [INFO] webgcs: Global info test 19
2025-09-09T05:06:23.023618Z [ERROR] webgcs: Global error test 20
2025-09-09T05:06:23.023620Z [INFO] webgcs: Global info test 21
2025-09-09T05:06:23.023623Z [INFO] webgcs: Global info test 22
2025-09-09T05:06:23.023626Z [INFO] webgcs: Global info test 23
2025-09-09T05:06:23.023628Z [INFO] webgcs: Global info test 24
2025-09-09T05:06:23.023631Z [INFO] global_test: Telemetry update
2025-09-09T05:06:23.023634Z [INFO] webgcs: Global info test 26
2025-09-09T05:06:23.023636Z [INFO] webgcs: Global info test 27
2025-09-09T05:06:23.023639Z [INFO] webgcs: Global info test 28
2025-09-09T05:06:23.023641Z [INFO] webgcs: Global info test 29
2025-09-09T05:06:23.023644Z [ERROR] webgcs: Global error test 30
2025-09-09T05:06:23.023647Z [INFO] webgcs: Global info test 31
2025-09-09T05:06:23.023649Z [INFO] webgcs: Global info test 32
2025-09-09T05:06:23.023652Z [INFO] webgcs: Global info test 33
2025-09-09T05:06:23.023655Z [INFO] webgcs: Global info test 34
2025-09-09T05:06:23.023658Z [INFO] global_test: Telemetry update
2025-09-09T05:06:23.023660Z [INFO] webgcs: Global info test 36
2025-09-09T05:06:23.023663Z [INFO] webgcs: Global info test 37
2025-09-09T05:06:23.023666Z [INFO] webgcs: Global info test 38
2025-09-09T05:06:23.023668Z [INFO] webgcs: Global info test 39
2025-09-09T05:06:23.023673Z [ERROR] webgcs: Global error test 40
2025-09-09T05:06:23.023675Z [INFO] webgcs: Global info test 41
2025-09-09T05:06:23.023678Z [INFO] webgcs: Global info test 42
2025-09-09T05:06:23.023681Z [INFO] webgcs: Global info test 43
2025-09-09T05:06:23.023683Z [INFO] webgcs: Global info test 44
2025-09-09T05:06:23.023686Z [INFO] global_test: Telemetry update
2025-09-09T05:06:23.023689Z [INFO] webgcs: Global info test 46
2025-09-09T05:06:23.023693Z [INFO] webgcs: Global info test 47
2025-09-09T05:06:23.023696Z [INFO] webgcs: Global info test 48
2025-09-09T05:06:23.023698Z [INFO] webgcs: Global info test 49
2025-09-09T05:06:23.034960Z [INFO] webgcs: Memory test batch 0 message 0
2025-09-09T05:06:23.128360Z [INFO] webgcs: Memory test batch 4 message 800
2025-09-09T05:06:23.165670Z [INFO] webgcs: Memory test batch 6 message 800
2025-09-09T05:06:23.165675Z [INFO] webgcs: Memory test batch 6 message 801
2025-09-09T05:06:23.203617Z [INFO] webgcs: Memory test batch 8 message 800
2025-09-09T05:06:23.269283Z [INFO] webgcs: Shutdown test message 0
2025-09-09T05:07:06.963295Z [INFO] webgcs: Warmup message
2025-09-09T05:07:06.963866Z [INFO] webgcs: Performance test message 91
2025-09-09T05:07:06.963869Z [INFO] webgcs: Performance test message 92
2025-09-09T05:07:06.963873Z [INFO] webgcs: Performance test message 93
2025-09-09T05:07:06.963876Z [INFO] webgcs: Performance test message 94
2025-09-09T05:07:06.963880Z [INFO] webgcs: Performance test message 95
2025-09-09T05:07:06.963883Z [INFO] webgcs: Performance test message 96
2025-09-09T05:07:06.963886Z [INFO] webgcs: Performance test message 97
2025-09-09T05:07:06.963890Z [INFO] webgcs: Performance test message 98
2025-09-09T05:07:06.963893Z [INFO] webgcs: Performance test message 99
2025-09-09T05:07:06.963863Z [INFO] webgcs: Performance test message 90
2025-09-09T05:07:06.963866Z [INFO] webgcs: Performance test message 91
2025-09-09T05:07:06.963869Z [INFO] webgcs: Performance test message 92
2025-09-09T05:07:06.963873Z [INFO] webgcs: Performance test message 93
2025-09-09T05:07:06.963876Z [INFO] webgcs: Performance test message 94
2025-09-09T05:07:06.963880Z [INFO] webgcs: Performance test message 95
2025-09-09T05:07:06.963883Z [INFO] webgcs: Performance test message 96
2025-09-09T05:07:06.963886Z [INFO] webgcs: Performance test message 97
2025-09-09T05:07:06.963890Z [INFO] webgcs: Performance test message 98
2025-09-09T05:07:06.963893Z [INFO] webgcs: Performance test message 99
2025-09-09T05:07:06.977776Z [INFO] webgcs: Burst test message 0
2025-09-09T05:07:06.978148Z [INFO] webgcs: Burst test message 101
2025-09-09T05:07:06.978151Z [INFO] webgcs: Burst test message 102
2025-09-09T05:07:06.999853Z [INFO] webgcs: Thread 0 message 0
2025-09-09T05:07:07.000365Z [INFO] webgcs: Thread 1 message 1
2025-09-09T05:07:07.019696Z [INFO] telemetry: Telemetry update
2025-09-09T05:07:07.031658Z [INFO] webgcs: Monitoring test message 0
2025-09-09T05:07:07.031675Z [INFO] webgcs: Monitoring test message 1
2025-09-09T05:07:07.031680Z [INFO] webgcs: Monitoring test message 2
2025-09-09T05:07:07.031683Z [INFO] webgcs: Monitoring test message 3
2025-09-09T05:07:07.031687Z [INFO] webgcs: Monitoring test message 4
2025-09-09T05:07:07.031690Z [INFO] webgcs: Monitoring test message 5
2025-09-09T05:07:07.031693Z [INFO] webgcs: Monitoring test message 6
2025-09-09T05:07:07.031696Z [INFO] webgcs: Monitoring test message 7
2025-09-09T05:07:07.031699Z [INFO] webgcs: Monitoring test message 8
2025-09-09T05:07:07.031703Z [INFO] webgcs: Monitoring test message 9
2025-09-09T05:07:07.031710Z [INFO] webgcs: Monitoring test message 10
2025-09-09T05:07:07.031714Z [INFO] webgcs: Monitoring test message 11
2025-09-09T05:07:07.031717Z [INFO] webgcs: Monitoring test message 12
2025-09-09T05:07:07.031720Z [INFO] webgcs: Monitoring test message 13
2025-09-09T05:07:07.031723Z [INFO] webgcs: Monitoring test message 14
2025-09-09T05:07:07.031726Z [INFO] webgcs: Monitoring test message 15
2025-09-09T05:07:07.031729Z [INFO] webgcs: Monitoring test message 16
2025-09-09T05:07:07.031732Z [INFO] webgcs: Monitoring test message 17
2025-09-09T05:07:07.031736Z [INFO] webgcs: Monitoring test message 18
2025-09-09T05:07:07.031739Z [INFO] webgcs: Monitoring test message 19
2025-09-09T05:07:07.031742Z [INFO] webgcs: Monitoring test message 20
2025-09-09T05:07:07.031745Z [INFO] webgcs: Monitoring test message 21
2025-09-09T05:07:07.031748Z [INFO] webgcs: Monitoring test message 22
2025-09-09T05:07:07.031751Z [INFO] webgcs: Monitoring test message 23
2025-09-09T05:07:07.031754Z [INFO] webgcs: Monitoring test message 24
2025-09-09T05:07:07.031757Z [INFO] webgcs: Monitoring test message 25
2025-09-09T05:07:07.031760Z [INFO] webgcs: Monitoring test message 26
2025-09-09T05:07:07.031763Z [INFO] webgcs: Monitoring test message 27
2025-09-09T05:07:07.031766Z [INFO] webgcs: Monitoring test message 28
2025-09-09T05:07:07.031770Z [INFO] webgcs: Monitoring test message 29
2025-09-09T05:07:07.031773Z [INFO] webgcs: Monitoring test message 30
2025-09-09T05:07:07.031776Z [INFO] webgcs: Monitoring test message 31
2025-09-09T05:07:07.031779Z [INFO] webgcs: Monitoring test message 32
2025-09-09T05:07:07.031784Z [INFO] webgcs: Monitoring test message 33
2025-09-09T05:07:07.031788Z [INFO] webgcs: Monitoring test message 34
2025-09-09T05:07:07.031791Z [INFO] webgcs: Monitoring test message 35
2025-09-09T05:07:07.031794Z [INFO] webgcs: Monitoring test message 36
2025-09-09T05:07:07.031797Z [INFO] webgcs: Monitoring test message 37
2025-09-09T05:07:07.031800Z [INFO] webgcs: Monitoring test message 38
2025-09-09T05:07:07.031803Z [INFO] webgcs: Monitoring test message 39
2025-09-09T05:07:07.031811Z [INFO] webgcs: Monitoring test message 40
2025-09-09T05:07:07.031814Z [INFO] webgcs: Monitoring test message 41
2025-09-09T05:07:07.031818Z [INFO] webgcs: Monitoring test message 42
2025-09-09T05:07:07.031821Z [INFO] webgcs: Monitoring test message 43
2025-09-09T05:07:07.031824Z [INFO] webgcs: Monitoring test message 44
2025-09-09T05:07:07.031827Z [INFO] webgcs: Monitoring test message 45
2025-09-09T05:07:07.031831Z [INFO] webgcs: Monitoring test message 46
2025-09-09T05:07:07.031834Z [INFO] webgcs: Monitoring test message 47
2025-09-09T05:07:07.031837Z [INFO] webgcs: Monitoring test message 48
2025-09-09T05:07:07.031840Z [INFO] webgcs: Monitoring test message 49
2025-09-09T05:07:07.044130Z [DEBUG] webgcs: Level DEBUG message 0
2025-09-09T05:07:07.056195Z [ERROR] webgcs: Global error test 0
2025-09-09T05:07:07.056219Z [INFO] webgcs: Global info test 2
2025-09-09T05:07:07.056223Z [INFO] webgcs: Global info test 3
2025-09-09T05:07:07.056227Z [INFO] webgcs: Global info test 4
2025-09-09T05:07:07.056232Z [INFO] global_test: Telemetry update
2025-09-09T05:07:07.056236Z [INFO] webgcs: Global info test 6
2025-09-09T05:07:07.056240Z [INFO] webgcs: Global info test 7
2025-09-09T05:07:07.056243Z [INFO] webgcs: Global info test 8
2025-09-09T05:07:07.056246Z [INFO] webgcs: Global info test 9
2025-09-09T05:07:07.056250Z [ERROR] webgcs: Global error test 10
2025-09-09T05:07:07.056254Z [INFO] webgcs: Global info test 11
2025-09-09T05:07:07.056257Z [INFO] webgcs: Global info test 12
2025-09-09T05:07:07.056260Z [INFO] webgcs: Global info test 13
2025-09-09T05:07:07.056264Z [INFO] webgcs: Global info test 14
2025-09-09T05:07:07.056267Z [INFO] global_test: Telemetry update
2025-09-09T05:07:07.056271Z [INFO] webgcs: Global info test 16
2025-09-09T05:07:07.056274Z [INFO] webgcs: Global info test 17
2025-09-09T05:07:07.056278Z [INFO] webgcs: Global info test 18
2025-09-09T05:07:07.056281Z [INFO] webgcs: Global info test 19
2025-09-09T05:07:07.056287Z [ERROR] webgcs: Global error test 20
2025-09-09T05:07:07.056292Z [INFO] webgcs: Global info test 21
2025-09-09T05:07:07.056296Z [INFO] webgcs: Global info test 22
2025-09-09T05:07:07.056299Z [INFO] webgcs: Global info test 23
2025-09-09T05:07:07.056303Z [INFO] webgcs: Global info test 24
2025-09-09T05:07:07.056306Z [INFO] global_test: Telemetry update
2025-09-09T05:07:07.056310Z [INFO] webgcs: Global info test 26
2025-09-09T05:07:07.056313Z [INFO] webgcs: Global info test 27
2025-09-09T05:07:07.056316Z [INFO] webgcs: Global info test 28
2025-09-09T05:07:07.056320Z [INFO] webgcs: Global info test 29
2025-09-09T05:07:07.056323Z [ERROR] webgcs: Global error test 30
2025-09-09T05:07:07.056326Z [INFO] webgcs: Global info test 31
2025-09-09T05:07:07.056330Z [INFO] webgcs: Global info test 32
2025-09-09T05:07:07.056336Z [INFO] webgcs: Global info test 33
2025-09-09T05:07:07.056340Z [INFO] webgcs: Global info test 34
2025-09-09T05:07:07.056343Z [INFO] global_test: Telemetry update
2025-09-09T05:07:07.056348Z [INFO] webgcs: Global info test 36
2025-09-09T05:07:07.056352Z [INFO] webgcs: Global info test 37
2025-09-09T05:07:07.056355Z [INFO] webgcs: Global info test 38
2025-09-09T05:07:07.056358Z [INFO] webgcs: Global info test 39
2025-09-09T05:07:07.056362Z [ERROR] webgcs: Global error test 40
2025-09-09T05:07:07.056365Z [INFO] webgcs: Global info test 41
2025-09-09T05:07:07.056369Z [INFO] webgcs: Global info test 42
2025-09-09T05:07:07.056372Z [INFO] webgcs: Global info test 43
2025-09-09T05:07:07.056375Z [INFO] webgcs: Global info test 44
2025-09-09T05:07:07.056378Z [INFO] global_test: Telemetry update
2025-09-09T05:07:07.056382Z [INFO] webgcs: Global info test 46
2025-09-09T05:07:07.056385Z [INFO] webgcs: Global info test 47
2025-09-09T05:07:07.056389Z [INFO] webgcs: Global info test 48
2025-09-09T05:07:07.056392Z [INFO] webgcs: Global info test 49
2025-09-09T05:07:07.067051Z [INFO] webgcs: Memory test batch 0 message 0
2025-09-09T05:07:07.091359Z [INFO] webgcs: Memory test batch 1 message 600
2025-09-09T05:07:07.113959Z [INFO] webgcs: Memory test batch 2 message 700
2025-09-09T05:07:07.135435Z [INFO] webgcs: Memory test batch 3 message 800
2025-09-09T05:07:07.153197Z [INFO] webgcs: Memory test batch 4 message 500
2025-09-09T05:07:07.172815Z [INFO] webgcs: Memory test batch 5 message 600
2025-09-09T05:07:07.194646Z [INFO] webgcs: Memory test batch 6 message 800
2025-09-09T05:07:07.214476Z [INFO] webgcs: Memory test batch 7 message 700
2025-09-09T05:07:07.255152Z [INFO] webgcs: Memory test batch 9 message 800
2025-09-09T05:07:07.296118Z [INFO] webgcs: Shutdown test message 0
2025-09-09T05:07:07.297503Z [INFO] webgcs: Warmup message
2025-09-09T05:07:07.297851Z [INFO] webgcs: Performance test message 91
2025-09-09T05:07:07.297855Z [INFO] webgcs: Performance test message 92
2025-09-09T05:07:07.297858Z [INFO] webgcs: Performance test message 93
2025-09-09T05:07:07.297862Z [INFO] webgcs: Performance test message 94
2025-09-09T05:07:07.297865Z [INFO] webgcs: Performance test message 95
2025-09-09T05:07:07.297869Z [INFO] webgcs: Performance test message 96
2025-09-09T05:07:07.297872Z [INFO] webgcs: Performance test message 97
2025-09-09T05:07:07.297876Z [INFO] webgcs: Performance test message 98
2025-09-09T05:07:07.297880Z [INFO] webgcs: Performance test message 99
2025-09-09T05:07:07.297848Z [INFO] webgcs: Performance test message 90
2025-09-09T05:07:07.297851Z [INFO] webgcs: Performance test message 91
2025-09-09T05:07:07.297855Z [INFO] webgcs: Performance test message 92
2025-09-09T05:07:07.297858Z [INFO] webgcs: Performance test message 93
2025-09-09T05:07:07.297862Z [INFO] webgcs: Performance test message 94
2025-09-09T05:07:07.297865Z [INFO] webgcs: Performance test message 95
2025-09-09T05:07:07.297869Z [INFO] webgcs: Performance test message 96
2025-09-09T05:07:07.297872Z [INFO] webgcs: Performance test message 97
2025-09-09T05:07:07.297876Z [INFO] webgcs: Performance test message 98
2025-09-09T05:07:07.297880Z [INFO] webgcs: Performance test message 99
2025-09-09T05:07:07.311630Z [INFO] webgcs: Burst test message 0
2025-09-09T05:07:07.331118Z [INFO] webgcs: Thread 0 message 0
2025-09-09T05:07:07.352583Z [INFO] telemetry: Telemetry update
2025-09-09T05:07:07.366508Z [INFO] webgcs: Monitoring test message 0
2025-09-09T05:07:07.366521Z [INFO] webgcs: Monitoring test message 1
2025-09-09T05:07:07.366526Z [INFO] webgcs: Monitoring test message 2
2025-09-09T05:07:07.366530Z [INFO] webgcs: Monitoring test message 3
2025-09-09T05:07:07.366533Z [INFO] webgcs: Monitoring test message 4
2025-09-09T05:07:07.366536Z [INFO] webgcs: Monitoring test message 5
2025-09-09T05:07:07.366539Z [INFO] webgcs: Monitoring test message 6
2025-09-09T05:07:07.366545Z [INFO] webgcs: Monitoring test message 7
2025-09-09T05:07:07.366548Z [INFO] webgcs: Monitoring test message 8
2025-09-09T05:07:07.366551Z [INFO] webgcs: Monitoring test message 9
2025-09-09T05:07:07.366554Z [INFO] webgcs: Monitoring test message 10
2025-09-09T05:07:07.366558Z [INFO] webgcs: Monitoring test message 11
2025-09-09T05:07:07.366561Z [INFO] webgcs: Monitoring test message 12
2025-09-09T05:07:07.366564Z [INFO] webgcs: Monitoring test message 13
2025-09-09T05:07:07.366566Z [INFO] webgcs: Monitoring test message 14
2025-09-09T05:07:07.366569Z [INFO] webgcs: Monitoring test message 15
2025-09-09T05:07:07.366572Z [INFO] webgcs: Monitoring test message 16
2025-09-09T05:07:07.366575Z [INFO] webgcs: Monitoring test message 17
2025-09-09T05:07:07.366578Z [INFO] webgcs: Monitoring test message 18
2025-09-09T05:07:07.366581Z [INFO] webgcs: Monitoring test message 19
2025-09-09T05:07:07.366583Z [INFO] webgcs: Monitoring test message 20
2025-09-09T05:07:07.366586Z [INFO] webgcs: Monitoring test message 21
2025-09-09T05:07:07.366589Z [INFO] webgcs: Monitoring test message 22
2025-09-09T05:07:07.366592Z [INFO] webgcs: Monitoring test message 23
2025-09-09T05:07:07.366594Z [INFO] webgcs: Monitoring test message 24
2025-09-09T05:07:07.366597Z [INFO] webgcs: Monitoring test message 25
2025-09-09T05:07:07.366600Z [INFO] webgcs: Monitoring test message 26
2025-09-09T05:07:07.366603Z [INFO] webgcs: Monitoring test message 27
2025-09-09T05:07:07.366606Z [INFO] webgcs: Monitoring test message 28
2025-09-09T05:07:07.366609Z [INFO] webgcs: Monitoring test message 29
2025-09-09T05:07:07.366611Z [INFO] webgcs: Monitoring test message 30
2025-09-09T05:07:07.366614Z [INFO] webgcs: Monitoring test message 31
2025-09-09T05:07:07.366617Z [INFO] webgcs: Monitoring test message 32
2025-09-09T05:07:07.366621Z [INFO] webgcs: Monitoring test message 33
2025-09-09T05:07:07.366624Z [INFO] webgcs: Monitoring test message 34
2025-09-09T05:07:07.366627Z [INFO] webgcs: Monitoring test message 35
2025-09-09T05:07:07.366629Z [INFO] webgcs: Monitoring test message 36
2025-09-09T05:07:07.366632Z [INFO] webgcs: Monitoring test message 37
2025-09-09T05:07:07.366635Z [INFO] webgcs: Monitoring test message 38
2025-09-09T05:07:07.366638Z [INFO] webgcs: Monitoring test message 39
2025-09-09T05:07:07.366641Z [INFO] webgcs: Monitoring test message 40
2025-09-09T05:07:07.366645Z [INFO] webgcs: Monitoring test message 41
2025-09-09T05:07:07.366648Z [INFO] webgcs: Monitoring test message 42
2025-09-09T05:07:07.366651Z [INFO] webgcs: Monitoring test message 43
2025-09-09T05:07:07.366654Z [INFO] webgcs: Monitoring test message 44
2025-09-09T05:07:07.366657Z [INFO] webgcs: Monitoring test message 45
2025-09-09T05:07:07.366661Z [INFO] webgcs: Monitoring test message 46
2025-09-09T05:07:07.366664Z [INFO] webgcs: Monitoring test message 47
2025-09-09T05:07:07.366667Z [INFO] webgcs: Monitoring test message 48
2025-09-09T05:07:07.366670Z [INFO] webgcs: Monitoring test message 49
2025-09-09T05:07:07.380172Z [DEBUG] webgcs: Level DEBUG message 0
2025-09-09T05:07:07.395121Z [INFO] webgcs: Global info test 1
2025-09-09T05:07:07.395126Z [INFO] webgcs: Global info test 2
2025-09-09T05:07:07.395130Z [INFO] webgcs: Global info test 3
2025-09-09T05:07:07.395133Z [INFO] webgcs: Global info test 4
2025-09-09T05:07:07.395137Z [INFO] global_test: Telemetry update
2025-09-09T05:07:07.395141Z [INFO] webgcs: Global info test 6
2025-09-09T05:07:07.395144Z [INFO] webgcs: Global info test 7
2025-09-09T05:07:07.395159Z [INFO] webgcs: Global info test 8
2025-09-09T05:07:07.395163Z [INFO] webgcs: Global info test 9
2025-09-09T05:07:07.395166Z [ERROR] webgcs: Global error test 10
2025-09-09T05:07:07.395170Z [INFO] webgcs: Global info test 11
2025-09-09T05:07:07.395173Z [INFO] webgcs: Global info test 12
2025-09-09T05:07:07.395176Z [INFO] webgcs: Global info test 13
2025-09-09T05:07:07.395180Z [INFO] webgcs: Global info test 14
2025-09-09T05:07:07.395183Z [INFO] global_test: Telemetry update
2025-09-09T05:07:07.395186Z [INFO] webgcs: Global info test 16
2025-09-09T05:07:07.395190Z [INFO] webgcs: Global info test 17
2025-09-09T05:07:07.395193Z [INFO] webgcs: Global info test 18
2025-09-09T05:07:07.395196Z [INFO] webgcs: Global info test 19
2025-09-09T05:07:07.395200Z [ERROR] webgcs: Global error test 20
2025-09-09T05:07:07.395203Z [INFO] webgcs: Global info test 21
2025-09-09T05:07:07.395206Z [INFO] webgcs: Global info test 22
2025-09-09T05:07:07.395209Z [INFO] webgcs: Global info test 23
2025-09-09T05:07:07.395213Z [INFO] webgcs: Global info test 24
2025-09-09T05:07:07.395216Z [INFO] global_test: Telemetry update
2025-09-09T05:07:07.395219Z [INFO] webgcs: Global info test 26
2025-09-09T05:07:07.395222Z [INFO] webgcs: Global info test 27
2025-09-09T05:07:07.395225Z [INFO] webgcs: Global info test 28
2025-09-09T05:07:07.395228Z [INFO] webgcs: Global info test 29
2025-09-09T05:07:07.395232Z [ERROR] webgcs: Global error test 30
2025-09-09T05:07:07.395235Z [INFO] webgcs: Global info test 31
2025-09-09T05:07:07.395238Z [INFO] webgcs: Global info test 32
2025-09-09T05:07:07.395241Z [INFO] webgcs: Global info test 33
2025-09-09T05:07:07.395244Z [INFO] webgcs: Global info test 34
2025-09-09T05:07:07.395248Z [INFO] global_test: Telemetry update
2025-09-09T05:07:07.395251Z [INFO] webgcs: Global info test 36
2025-09-09T05:07:07.395254Z [INFO] webgcs: Global info test 37
2025-09-09T05:07:07.395257Z [INFO] webgcs: Global info test 38
2025-09-09T05:07:07.395260Z [INFO] webgcs: Global info test 39
2025-09-09T05:07:07.395265Z [ERROR] webgcs: Global error test 40
2025-09-09T05:07:07.395268Z [INFO] webgcs: Global info test 41
2025-09-09T05:07:07.395272Z [INFO] webgcs: Global info test 42
2025-09-09T05:07:07.395276Z [INFO] webgcs: Global info test 43
2025-09-09T05:07:07.395279Z [INFO] webgcs: Global info test 44
2025-09-09T05:07:07.395282Z [INFO] global_test: Telemetry update
2025-09-09T05:07:07.395286Z [INFO] webgcs: Global info test 46
2025-09-09T05:07:07.395290Z [INFO] webgcs: Global info test 47
2025-09-09T05:07:07.395293Z [INFO] webgcs: Global info test 48
2025-09-09T05:07:07.395296Z [INFO] webgcs: Global info test 49
2025-09-09T05:07:07.406444Z [INFO] webgcs: Memory test batch 0 message 0
2025-09-09T05:07:07.447065Z [INFO] webgcs: Memory test batch 1 message 800
2025-09-09T05:07:07.465988Z [INFO] webgcs: Memory test batch 2 message 800
2025-09-09T05:07:07.484901Z [INFO] webgcs: Memory test batch 3 message 800
2025-09-09T05:07:07.524681Z [INFO] webgcs: Memory test batch 5 message 700
2025-09-09T05:07:07.544708Z [INFO] webgcs: Memory test batch 6 message 800
2025-09-09T05:07:07.563029Z [INFO] webgcs: Memory test batch 7 message 800
2025-09-09T05:07:07.583423Z [INFO] webgcs: Memory test batch 8 message 600
2025-09-09T05:07:07.604261Z [INFO] webgcs: Memory test batch 9 message 900
2025-09-09T05:07:07.650917Z [INFO] webgcs: Shutdown test message 0
2025-09-09T16:25:42.346536Z [INFO] webgcs: Warmup message
2025-09-09T16:25:42.347191Z [INFO] webgcs: Performance test message 91
2025-09-09T16:25:42.347196Z [INFO] webgcs: Performance test message 92
2025-09-09T16:25:42.347201Z [INFO] webgcs: Performance test message 93
2025-09-09T16:25:42.347205Z [INFO] webgcs: Performance test message 94
2025-09-09T16:25:42.347209Z [INFO] webgcs: Performance test message 95
2025-09-09T16:25:42.347214Z [INFO] webgcs: Performance test message 96
2025-09-09T16:25:42.347218Z [INFO] webgcs: Performance test message 97
2025-09-09T16:25:42.347223Z [INFO] webgcs: Performance test message 98
2025-09-09T16:25:42.347228Z [INFO] webgcs: Performance test message 99
2025-09-09T16:25:42.347187Z [INFO] webgcs: Performance test message 90
2025-09-09T16:25:42.347191Z [INFO] webgcs: Performance test message 91
2025-09-09T16:25:42.347196Z [INFO] webgcs: Performance test message 92
2025-09-09T16:25:42.347201Z [INFO] webgcs: Performance test message 93
2025-09-09T16:25:42.347205Z [INFO] webgcs: Performance test message 94
2025-09-09T16:25:42.347209Z [INFO] webgcs: Performance test message 95
2025-09-09T16:25:42.347214Z [INFO] webgcs: Performance test message 96
2025-09-09T16:25:42.347218Z [INFO] webgcs: Performance test message 97
2025-09-09T16:25:42.347223Z [INFO] webgcs: Performance test message 98
2025-09-09T16:25:42.347228Z [INFO] webgcs: Performance test message 99
2025-09-09T16:25:42.359618Z [INFO] webgcs: Burst test message 0
2025-09-09T16:25:42.360083Z [INFO] webgcs: Burst test message 101
2025-09-09T16:25:42.360087Z [INFO] webgcs: Burst test message 102
2025-09-09T16:25:42.360091Z [INFO] webgcs: Burst test message 103
2025-09-09T16:25:42.385095Z [INFO] webgcs: Thread 0 message 0
2025-09-09T16:25:42.387158Z [INFO] webgcs: Thread 5 message 1
2025-09-09T16:25:42.406073Z [INFO] telemetry: Telemetry update
2025-09-09T16:25:42.420209Z [INFO] webgcs: Monitoring test message 0
2025-09-09T16:25:42.420223Z [INFO] webgcs: Monitoring test message 1
2025-09-09T16:25:42.420229Z [INFO] webgcs: Monitoring test message 2
2025-09-09T16:25:42.420233Z [INFO] webgcs: Monitoring test message 3
2025-09-09T16:25:42.420237Z [INFO] webgcs: Monitoring test message 4
2025-09-09T16:25:42.420241Z [INFO] webgcs: Monitoring test message 5
2025-09-09T16:25:42.420244Z [INFO] webgcs: Monitoring test message 6
2025-09-09T16:25:42.420248Z [INFO] webgcs: Monitoring test message 7
2025-09-09T16:25:42.420251Z [INFO] webgcs: Monitoring test message 8
2025-09-09T16:25:42.420255Z [INFO] webgcs: Monitoring test message 9
2025-09-09T16:25:42.420259Z [INFO] webgcs: Monitoring test message 10
2025-09-09T16:25:42.420262Z [INFO] webgcs: Monitoring test message 11
2025-09-09T16:25:42.420265Z [INFO] webgcs: Monitoring test message 12
2025-09-09T16:25:42.420269Z [INFO] webgcs: Monitoring test message 13
2025-09-09T16:25:42.420272Z [INFO] webgcs: Monitoring test message 14
2025-09-09T16:25:42.420278Z [INFO] webgcs: Monitoring test message 15
2025-09-09T16:25:42.420282Z [INFO] webgcs: Monitoring test message 16
2025-09-09T16:25:42.420285Z [INFO] webgcs: Monitoring test message 17
2025-09-09T16:25:42.420289Z [INFO] webgcs: Monitoring test message 18
2025-09-09T16:25:42.420292Z [INFO] webgcs: Monitoring test message 19
2025-09-09T16:25:42.420296Z [INFO] webgcs: Monitoring test message 20
2025-09-09T16:25:42.420299Z [INFO] webgcs: Monitoring test message 21
2025-09-09T16:25:42.420302Z [INFO] webgcs: Monitoring test message 22
2025-09-09T16:25:42.420306Z [INFO] webgcs: Monitoring test message 23
2025-09-09T16:25:42.420309Z [INFO] webgcs: Monitoring test message 24
2025-09-09T16:25:42.420312Z [INFO] webgcs: Monitoring test message 25
2025-09-09T16:25:42.420316Z [INFO] webgcs: Monitoring test message 26
2025-09-09T16:25:42.420319Z [INFO] webgcs: Monitoring test message 27
2025-09-09T16:25:42.420323Z [INFO] webgcs: Monitoring test message 28
2025-09-09T16:25:42.420326Z [INFO] webgcs: Monitoring test message 29
2025-09-09T16:25:42.420329Z [INFO] webgcs: Monitoring test message 30
2025-09-09T16:25:42.420333Z [INFO] webgcs: Monitoring test message 31
2025-09-09T16:25:42.420336Z [INFO] webgcs: Monitoring test message 32
2025-09-09T16:25:42.420340Z [INFO] webgcs: Monitoring test message 33
2025-09-09T16:25:42.420344Z [INFO] webgcs: Monitoring test message 34
2025-09-09T16:25:42.420349Z [INFO] webgcs: Monitoring test message 35
2025-09-09T16:25:42.420352Z [INFO] webgcs: Monitoring test message 36
2025-09-09T16:25:42.420356Z [INFO] webgcs: Monitoring test message 37
2025-09-09T16:25:42.420359Z [INFO] webgcs: Monitoring test message 38
2025-09-09T16:25:42.420363Z [INFO] webgcs: Monitoring test message 39
2025-09-09T16:25:42.420367Z [INFO] webgcs: Monitoring test message 40
2025-09-09T16:25:42.420370Z [INFO] webgcs: Monitoring test message 41
2025-09-09T16:25:42.420373Z [INFO] webgcs: Monitoring test message 42
2025-09-09T16:25:42.420377Z [INFO] webgcs: Monitoring test message 43
2025-09-09T16:25:42.420380Z [INFO] webgcs: Monitoring test message 44
2025-09-09T16:25:42.420384Z [INFO] webgcs: Monitoring test message 45
2025-09-09T16:25:42.420387Z [INFO] webgcs: Monitoring test message 46
2025-09-09T16:25:42.420390Z [INFO] webgcs: Monitoring test message 47
2025-09-09T16:25:42.420394Z [INFO] webgcs: Monitoring test message 48
2025-09-09T16:25:42.420397Z [INFO] webgcs: Monitoring test message 49
2025-09-09T16:25:42.433975Z [DEBUG] webgcs: Level DEBUG message 0
2025-09-09T16:25:42.448471Z [ERROR] webgcs: Global error test 0
2025-09-09T16:25:42.448496Z [INFO] webgcs: Global info test 2
2025-09-09T16:25:42.448500Z [INFO] webgcs: Global info test 3
2025-09-09T16:25:42.448504Z [INFO] webgcs: Global info test 4
2025-09-09T16:25:42.448509Z [INFO] global_test: Telemetry update
2025-09-09T16:25:42.448513Z [INFO] webgcs: Global info test 6
2025-09-09T16:25:42.448517Z [INFO] webgcs: Global info test 7
2025-09-09T16:25:42.448521Z [INFO] webgcs: Global info test 8
2025-09-09T16:25:42.448525Z [INFO] webgcs: Global info test 9
2025-09-09T16:25:42.448529Z [ERROR] webgcs: Global error test 10
2025-09-09T16:25:42.448533Z [INFO] webgcs: Global info test 11
2025-09-09T16:25:42.448536Z [INFO] webgcs: Global info test 12
2025-09-09T16:25:42.448540Z [INFO] webgcs: Global info test 13
2025-09-09T16:25:42.448544Z [INFO] webgcs: Global info test 14
2025-09-09T16:25:42.448548Z [INFO] global_test: Telemetry update
2025-09-09T16:25:42.448552Z [INFO] webgcs: Global info test 16
2025-09-09T16:25:42.448556Z [INFO] webgcs: Global info test 17
2025-09-09T16:25:42.448560Z [INFO] webgcs: Global info test 18
2025-09-09T16:25:42.448563Z [INFO] webgcs: Global info test 19
2025-09-09T16:25:42.448567Z [ERROR] webgcs: Global error test 20
2025-09-09T16:25:42.448576Z [INFO] webgcs: Global info test 21
2025-09-09T16:25:42.448579Z [INFO] webgcs: Global info test 22
2025-09-09T16:25:42.448585Z [INFO] webgcs: Global info test 23
2025-09-09T16:25:42.448588Z [INFO] webgcs: Global info test 24
2025-09-09T16:25:42.448593Z [INFO] global_test: Telemetry update
2025-09-09T16:25:42.448597Z [INFO] webgcs: Global info test 26
2025-09-09T16:25:42.448601Z [INFO] webgcs: Global info test 27
2025-09-09T16:25:42.448604Z [INFO] webgcs: Global info test 28
2025-09-09T16:25:42.448608Z [INFO] webgcs: Global info test 29
2025-09-09T16:25:42.448613Z [ERROR] webgcs: Global error test 30
2025-09-09T16:25:42.448617Z [INFO] webgcs: Global info test 31
2025-09-09T16:25:42.448620Z [INFO] webgcs: Global info test 32
2025-09-09T16:25:42.448625Z [INFO] webgcs: Global info test 33
2025-09-09T16:25:42.448628Z [INFO] webgcs: Global info test 34
2025-09-09T16:25:42.448632Z [INFO] global_test: Telemetry update
2025-09-09T16:25:42.448636Z [INFO] webgcs: Global info test 36
2025-09-09T16:25:42.448639Z [INFO] webgcs: Global info test 37
2025-09-09T16:25:42.448643Z [INFO] webgcs: Global info test 38
2025-09-09T16:25:42.448647Z [INFO] webgcs: Global info test 39
2025-09-09T16:25:42.448650Z [ERROR] webgcs: Global error test 40
2025-09-09T16:25:42.448654Z [INFO] webgcs: Global info test 41
2025-09-09T16:25:42.448658Z [INFO] webgcs: Global info test 42
2025-09-09T16:25:42.448661Z [INFO] webgcs: Global info test 43
2025-09-09T16:25:42.448665Z [INFO] webgcs: Global info test 44
2025-09-09T16:25:42.448668Z [INFO] global_test: Telemetry update
2025-09-09T16:25:42.448672Z [INFO] webgcs: Global info test 46
2025-09-09T16:25:42.448676Z [INFO] webgcs: Global info test 47
2025-09-09T16:25:42.448680Z [INFO] webgcs: Global info test 48
2025-09-09T16:25:42.448683Z [INFO] webgcs: Global info test 49
2025-09-09T16:25:42.461394Z [INFO] webgcs: Memory test batch 0 message 0
2025-09-09T16:25:42.486512Z [INFO] webgcs: Memory test batch 1 message 600
2025-09-09T16:25:42.508813Z [INFO] webgcs: Memory test batch 2 message 700
2025-09-09T16:25:42.589325Z [INFO] webgcs: Memory test batch 6 message 600
2025-09-09T16:25:42.610540Z [INFO] webgcs: Memory test batch 7 message 600
2025-09-09T16:25:42.650465Z [INFO] webgcs: Memory test batch 9 message 500
2025-09-09T16:25:42.708283Z [INFO] webgcs: Shutdown test message 0
2025-09-09T16:25:42.709847Z [INFO] webgcs: Warmup message
2025-09-09T16:25:42.709864Z [INFO] webgcs: Warmup message
2025-09-09T16:25:42.709869Z [INFO] webgcs: Warmup message
2025-09-09T16:25:42.710250Z [INFO] webgcs: Performance test message 93
2025-09-09T16:25:42.710253Z [INFO] webgcs: Performance test message 94
2025-09-09T16:25:42.710257Z [INFO] webgcs: Performance test message 95
2025-09-09T16:25:42.710261Z [INFO] webgcs: Performance test message 96
2025-09-09T16:25:42.710265Z [INFO] webgcs: Performance test message 97
2025-09-09T16:25:42.710270Z [INFO] webgcs: Performance test message 98
2025-09-09T16:25:42.710273Z [INFO] webgcs: Performance test message 99
2025-09-09T16:25:42.710238Z [INFO] webgcs: Performance test message 90
2025-09-09T16:25:42.710242Z [INFO] webgcs: Performance test message 91
2025-09-09T16:25:42.710246Z [INFO] webgcs: Performance test message 92
2025-09-09T16:25:42.710250Z [INFO] webgcs: Performance test message 93
2025-09-09T16:25:42.710253Z [INFO] webgcs: Performance test message 94
2025-09-09T16:25:42.710257Z [INFO] webgcs: Performance test message 95
2025-09-09T16:25:42.710261Z [INFO] webgcs: Performance test message 96
2025-09-09T16:25:42.710265Z [INFO] webgcs: Performance test message 97
2025-09-09T16:25:42.710270Z [INFO] webgcs: Performance test message 98
2025-09-09T16:25:42.710273Z [INFO] webgcs: Performance test message 99
2025-09-09T16:25:42.723930Z [INFO] webgcs: Burst test message 0
2025-09-09T16:25:42.724421Z [INFO] webgcs: Burst test message 101
2025-09-09T16:25:42.745452Z [INFO] webgcs: Thread 0 message 0
2025-09-09T16:25:42.769826Z [INFO] telemetry: Telemetry update
2025-09-09T16:25:42.781951Z [INFO] webgcs: Monitoring test message 0
2025-09-09T16:25:42.781967Z [INFO] webgcs: Monitoring test message 1
2025-09-09T16:25:42.781972Z [INFO] webgcs: Monitoring test message 2
2025-09-09T16:25:42.781976Z [INFO] webgcs: Monitoring test message 3
2025-09-09T16:25:42.781980Z [INFO] webgcs: Monitoring test message 4
2025-09-09T16:25:42.781983Z [INFO] webgcs: Monitoring test message 5
2025-09-09T16:25:42.781987Z [INFO] webgcs: Monitoring test message 6
2025-09-09T16:25:42.781990Z [INFO] webgcs: Monitoring test message 7
2025-09-09T16:25:42.781994Z [INFO] webgcs: Monitoring test message 8
2025-09-09T16:25:42.781997Z [INFO] webgcs: Monitoring test message 9
2025-09-09T16:25:42.782000Z [INFO] webgcs: Monitoring test message 10
2025-09-09T16:25:42.782004Z [INFO] webgcs: Monitoring test message 11
2025-09-09T16:25:42.782007Z [INFO] webgcs: Monitoring test message 12
2025-09-09T16:25:42.782010Z [INFO] webgcs: Monitoring test message 13
2025-09-09T16:25:42.782014Z [INFO] webgcs: Monitoring test message 14
2025-09-09T16:25:42.782017Z [INFO] webgcs: Monitoring test message 15
2025-09-09T16:25:42.782021Z [INFO] webgcs: Monitoring test message 16
2025-09-09T16:25:42.782024Z [INFO] webgcs: Monitoring test message 17
2025-09-09T16:25:42.782027Z [INFO] webgcs: Monitoring test message 18
2025-09-09T16:25:42.782031Z [INFO] webgcs: Monitoring test message 19
2025-09-09T16:25:42.782034Z [INFO] webgcs: Monitoring test message 20
2025-09-09T16:25:42.782037Z [INFO] webgcs: Monitoring test message 21
2025-09-09T16:25:42.782041Z [INFO] webgcs: Monitoring test message 22
2025-09-09T16:25:42.782044Z [INFO] webgcs: Monitoring test message 23
2025-09-09T16:25:42.782050Z [INFO] webgcs: Monitoring test message 24
2025-09-09T16:25:42.782053Z [INFO] webgcs: Monitoring test message 25
2025-09-09T16:25:42.782057Z [INFO] webgcs: Monitoring test message 26
2025-09-09T16:25:42.782060Z [INFO] webgcs: Monitoring test message 27
2025-09-09T16:25:42.782063Z [INFO] webgcs: Monitoring test message 28
2025-09-09T16:25:42.782066Z [INFO] webgcs: Monitoring test message 29
2025-09-09T16:25:42.782070Z [INFO] webgcs: Monitoring test message 30
2025-09-09T16:25:42.782073Z [INFO] webgcs: Monitoring test message 31
2025-09-09T16:25:42.782077Z [INFO] webgcs: Monitoring test message 32
2025-09-09T16:25:42.782081Z [INFO] webgcs: Monitoring test message 33
2025-09-09T16:25:42.782084Z [INFO] webgcs: Monitoring test message 34
2025-09-09T16:25:42.782088Z [INFO] webgcs: Monitoring test message 35
2025-09-09T16:25:42.782091Z [INFO] webgcs: Monitoring test message 36
2025-09-09T16:25:42.782095Z [INFO] webgcs: Monitoring test message 37
2025-09-09T16:25:42.782103Z [INFO] webgcs: Monitoring test message 38
2025-09-09T16:25:42.782107Z [INFO] webgcs: Monitoring test message 39
2025-09-09T16:25:42.782111Z [INFO] webgcs: Monitoring test message 40
2025-09-09T16:25:42.782114Z [INFO] webgcs: Monitoring test message 41
2025-09-09T16:25:42.782118Z [INFO] webgcs: Monitoring test message 42
2025-09-09T16:25:42.782121Z [INFO] webgcs: Monitoring test message 43
2025-09-09T16:25:42.782124Z [INFO] webgcs: Monitoring test message 44
2025-09-09T16:25:42.782128Z [INFO] webgcs: Monitoring test message 45
2025-09-09T16:25:42.782131Z [INFO] webgcs: Monitoring test message 46
2025-09-09T16:25:42.782135Z [INFO] webgcs: Monitoring test message 47
2025-09-09T16:25:42.782138Z [INFO] webgcs: Monitoring test message 48
2025-09-09T16:25:42.782142Z [INFO] webgcs: Monitoring test message 49
2025-09-09T16:25:42.793854Z [DEBUG] webgcs: Level DEBUG message 0
2025-09-09T16:25:42.806009Z [INFO] webgcs: Global info test 1
2025-09-09T16:25:42.806015Z [INFO] webgcs: Global info test 2
2025-09-09T16:25:42.806020Z [INFO] webgcs: Global info test 3
2025-09-09T16:25:42.806024Z [INFO] webgcs: Global info test 4
2025-09-09T16:25:42.806028Z [INFO] global_test: Telemetry update
2025-09-09T16:25:42.806033Z [INFO] webgcs: Global info test 6
2025-09-09T16:25:42.806037Z [INFO] webgcs: Global info test 7
2025-09-09T16:25:42.806041Z [INFO] webgcs: Global info test 8
2025-09-09T16:25:42.806045Z [INFO] webgcs: Global info test 9
2025-09-09T16:25:42.806049Z [ERROR] webgcs: Global error test 10
2025-09-09T16:25:42.806053Z [INFO] webgcs: Global info test 11
2025-09-09T16:25:42.806057Z [INFO] webgcs: Global info test 12
2025-09-09T16:25:42.806063Z [INFO] webgcs: Global info test 13
2025-09-09T16:25:42.806067Z [INFO] webgcs: Global info test 14
2025-09-09T16:25:42.806072Z [INFO] global_test: Telemetry update
2025-09-09T16:25:42.806078Z [INFO] webgcs: Global info test 16
2025-09-09T16:25:42.806082Z [INFO] webgcs: Global info test 17
2025-09-09T16:25:42.806086Z [INFO] webgcs: Global info test 18
2025-09-09T16:25:42.806090Z [INFO] webgcs: Global info test 19
2025-09-09T16:25:42.806094Z [ERROR] webgcs: Global error test 20
2025-09-09T16:25:42.806098Z [INFO] webgcs: Global info test 21
2025-09-09T16:25:42.806102Z [INFO] webgcs: Global info test 22
2025-09-09T16:25:42.806106Z [INFO] webgcs: Global info test 23
2025-09-09T16:25:42.806110Z [INFO] webgcs: Global info test 24
2025-09-09T16:25:42.806114Z [INFO] global_test: Telemetry update
2025-09-09T16:25:42.806118Z [INFO] webgcs: Global info test 26
2025-09-09T16:25:42.806123Z [INFO] webgcs: Global info test 27
2025-09-09T16:25:42.806127Z [INFO] webgcs: Global info test 28
2025-09-09T16:25:42.806131Z [INFO] webgcs: Global info test 29
2025-09-09T16:25:42.806135Z [ERROR] webgcs: Global error test 30
2025-09-09T16:25:42.806139Z [INFO] webgcs: Global info test 31
2025-09-09T16:25:42.806143Z [INFO] webgcs: Global info test 32
2025-09-09T16:25:42.806147Z [INFO] webgcs: Global info test 33
2025-09-09T16:25:42.806151Z [INFO] webgcs: Global info test 34
2025-09-09T16:25:42.806155Z [INFO] global_test: Telemetry update
2025-09-09T16:25:42.806161Z [INFO] webgcs: Global info test 36
2025-09-09T16:25:42.806164Z [INFO] webgcs: Global info test 37
2025-09-09T16:25:42.806168Z [INFO] webgcs: Global info test 38
2025-09-09T16:25:42.806172Z [INFO] webgcs: Global info test 39
2025-09-09T16:25:42.806177Z [ERROR] webgcs: Global error test 40
2025-09-09T16:25:42.806181Z [INFO] webgcs: Global info test 41
2025-09-09T16:25:42.806184Z [INFO] webgcs: Global info test 42
2025-09-09T16:25:42.806188Z [INFO] webgcs: Global info test 43
2025-09-09T16:25:42.806192Z [INFO] webgcs: Global info test 44
2025-09-09T16:25:42.806196Z [INFO] global_test: Telemetry update
2025-09-09T16:25:42.806200Z [INFO] webgcs: Global info test 46
2025-09-09T16:25:42.806205Z [INFO] webgcs: Global info test 47
2025-09-09T16:25:42.806209Z [INFO] webgcs: Global info test 48
2025-09-09T16:25:42.806213Z [INFO] webgcs: Global info test 49
2025-09-09T16:25:42.819483Z [INFO] webgcs: Memory test batch 0 message 0
2025-09-09T16:25:42.840482Z [INFO] webgcs: Memory test batch 1 message 100
2025-09-09T16:25:42.866519Z [INFO] webgcs: Memory test batch 1 message 901
2025-09-09T16:25:42.866527Z [INFO] webgcs: Memory test batch 1 message 902
2025-09-09T16:25:42.885380Z [INFO] webgcs: Memory test batch 2 message 600
2025-09-09T16:25:42.904299Z [INFO] webgcs: Memory test batch 3 message 600
2025-09-09T16:25:42.942598Z [INFO] webgcs: Memory test batch 5 message 500
2025-09-09T16:25:42.965901Z [INFO] webgcs: Memory test batch 6 message 700
2025-09-09T16:25:42.987129Z [INFO] webgcs: Memory test batch 7 message 700
2025-09-09T16:25:43.008640Z [INFO] webgcs: Memory test batch 8 message 700
2025-09-09T16:25:43.026741Z [INFO] webgcs: Memory test batch 9 message 400
2025-09-09T16:25:43.074277Z [INFO] webgcs: Shutdown test message 0
2025-09-09T16:26:46.041161Z [INFO] webgcs: Warmup message
2025-09-09T16:26:46.041639Z [INFO] webgcs: Performance test message 91
2025-09-09T16:26:46.041642Z [INFO] webgcs: Performance test message 92
2025-09-09T16:26:46.041645Z [INFO] webgcs: Performance test message 93
2025-09-09T16:26:46.041648Z [INFO] webgcs: Performance test message 94
2025-09-09T16:26:46.041651Z [INFO] webgcs: Performance test message 95
2025-09-09T16:26:46.041654Z [INFO] webgcs: Performance test message 96
2025-09-09T16:26:46.041657Z [INFO] webgcs: Performance test message 97
2025-09-09T16:26:46.041661Z [INFO] webgcs: Performance test message 98
2025-09-09T16:26:46.041664Z [INFO] webgcs: Performance test message 99
2025-09-09T16:26:46.041636Z [INFO] webgcs: Performance test message 90
2025-09-09T16:26:46.041639Z [INFO] webgcs: Performance test message 91
2025-09-09T16:26:46.041642Z [INFO] webgcs: Performance test message 92
2025-09-09T16:26:46.041645Z [INFO] webgcs: Performance test message 93
2025-09-09T16:26:46.041648Z [INFO] webgcs: Performance test message 94
2025-09-09T16:26:46.041651Z [INFO] webgcs: Performance test message 95
2025-09-09T16:26:46.041654Z [INFO] webgcs: Performance test message 96
2025-09-09T16:26:46.041657Z [INFO] webgcs: Performance test message 97
2025-09-09T16:26:46.041661Z [INFO] webgcs: Performance test message 98
2025-09-09T16:26:46.041664Z [INFO] webgcs: Performance test message 99
2025-09-09T16:26:46.055413Z [INFO] webgcs: Burst test message 0
2025-09-09T16:26:46.055759Z [INFO] webgcs: Burst test message 101
2025-09-09T16:26:46.075096Z [INFO] webgcs: Thread 0 message 0
2025-09-09T16:26:46.094678Z [INFO] telemetry: Telemetry update
2025-09-09T16:26:46.108310Z [INFO] webgcs: Monitoring test message 0
2025-09-09T16:26:46.108324Z [INFO] webgcs: Monitoring test message 1
2025-09-09T16:26:46.108330Z [INFO] webgcs: Monitoring test message 2
2025-09-09T16:26:46.108334Z [INFO] webgcs: Monitoring test message 3
2025-09-09T16:26:46.108337Z [INFO] webgcs: Monitoring test message 4
2025-09-09T16:26:46.108340Z [INFO] webgcs: Monitoring test message 5
2025-09-09T16:26:46.108343Z [INFO] webgcs: Monitoring test message 6
2025-09-09T16:26:46.108345Z [INFO] webgcs: Monitoring test message 7
2025-09-09T16:26:46.108348Z [INFO] webgcs: Monitoring test message 8
2025-09-09T16:26:46.108351Z [INFO] webgcs: Monitoring test message 9
2025-09-09T16:26:46.108354Z [INFO] webgcs: Monitoring test message 10
2025-09-09T16:26:46.108357Z [INFO] webgcs: Monitoring test message 11
2025-09-09T16:26:46.108359Z [INFO] webgcs: Monitoring test message 12
2025-09-09T16:26:46.108362Z [INFO] webgcs: Monitoring test message 13
2025-09-09T16:26:46.108365Z [INFO] webgcs: Monitoring test message 14
2025-09-09T16:26:46.108371Z [INFO] webgcs: Monitoring test message 15
2025-09-09T16:26:46.108374Z [INFO] webgcs: Monitoring test message 16
2025-09-09T16:26:46.108377Z [INFO] webgcs: Monitoring test message 17
2025-09-09T16:26:46.108379Z [INFO] webgcs: Monitoring test message 18
2025-09-09T16:26:46.108382Z [INFO] webgcs: Monitoring test message 19
2025-09-09T16:26:46.108385Z [INFO] webgcs: Monitoring test message 20
2025-09-09T16:26:46.108387Z [INFO] webgcs: Monitoring test message 21
2025-09-09T16:26:46.108390Z [INFO] webgcs: Monitoring test message 22
2025-09-09T16:26:46.108393Z [INFO] webgcs: Monitoring test message 23
2025-09-09T16:26:46.108396Z [INFO] webgcs: Monitoring test message 24
2025-09-09T16:26:46.108398Z [INFO] webgcs: Monitoring test message 25
2025-09-09T16:26:46.108401Z [INFO] webgcs: Monitoring test message 26
2025-09-09T16:26:46.108404Z [INFO] webgcs: Monitoring test message 27
2025-09-09T16:26:46.108407Z [INFO] webgcs: Monitoring test message 28
2025-09-09T16:26:46.108410Z [INFO] webgcs: Monitoring test message 29
2025-09-09T16:26:46.108412Z [INFO] webgcs: Monitoring test message 30
2025-09-09T16:26:46.108415Z [INFO] webgcs: Monitoring test message 31
2025-09-09T16:26:46.108418Z [INFO] webgcs: Monitoring test message 32
2025-09-09T16:26:46.108422Z [INFO] webgcs: Monitoring test message 33
2025-09-09T16:26:46.108425Z [INFO] webgcs: Monitoring test message 34
2025-09-09T16:26:46.108429Z [INFO] webgcs: Monitoring test message 35
2025-09-09T16:26:46.108432Z [INFO] webgcs: Monitoring test message 36
2025-09-09T16:26:46.108435Z [INFO] webgcs: Monitoring test message 37
2025-09-09T16:26:46.108438Z [INFO] webgcs: Monitoring test message 38
2025-09-09T16:26:46.108441Z [INFO] webgcs: Monitoring test message 39
2025-09-09T16:26:46.108444Z [INFO] webgcs: Monitoring test message 40
2025-09-09T16:26:46.108447Z [INFO] webgcs: Monitoring test message 41
2025-09-09T16:26:46.108450Z [INFO] webgcs: Monitoring test message 42
2025-09-09T16:26:46.108452Z [INFO] webgcs: Monitoring test message 43
2025-09-09T16:26:46.108455Z [INFO] webgcs: Monitoring test message 44
2025-09-09T16:26:46.108458Z [INFO] webgcs: Monitoring test message 45
2025-09-09T16:26:46.108461Z [INFO] webgcs: Monitoring test message 46
2025-09-09T16:26:46.108464Z [INFO] webgcs: Monitoring test message 47
2025-09-09T16:26:46.108467Z [INFO] webgcs: Monitoring test message 48
2025-09-09T16:26:46.108470Z [INFO] webgcs: Monitoring test message 49
2025-09-09T16:26:46.120353Z [DEBUG] webgcs: Level DEBUG message 0
2025-09-09T16:26:46.134312Z [ERROR] webgcs: Global error test 0
2025-09-09T16:26:46.134328Z [INFO] webgcs: Global info test 2
2025-09-09T16:26:46.134332Z [INFO] webgcs: Global info test 3
2025-09-09T16:26:46.134336Z [INFO] webgcs: Global info test 4
2025-09-09T16:26:46.134339Z [INFO] global_test: Telemetry update
2025-09-09T16:26:46.134343Z [INFO] webgcs: Global info test 6
2025-09-09T16:26:46.134346Z [INFO] webgcs: Global info test 7
2025-09-09T16:26:46.134349Z [INFO] webgcs: Global info test 8
2025-09-09T16:26:46.134352Z [INFO] webgcs: Global info test 9
2025-09-09T16:26:46.134355Z [ERROR] webgcs: Global error test 10
2025-09-09T16:26:46.134358Z [INFO] webgcs: Global info test 11
2025-09-09T16:26:46.134361Z [INFO] webgcs: Global info test 12
2025-09-09T16:26:46.134364Z [INFO] webgcs: Global info test 13
2025-09-09T16:26:46.134367Z [INFO] webgcs: Global info test 14
2025-09-09T16:26:46.134371Z [INFO] global_test: Telemetry update
2025-09-09T16:26:46.134374Z [INFO] webgcs: Global info test 16
2025-09-09T16:26:46.134377Z [INFO] webgcs: Global info test 17
2025-09-09T16:26:46.134380Z [INFO] webgcs: Global info test 18
2025-09-09T16:26:46.134383Z [INFO] webgcs: Global info test 19
2025-09-09T16:26:46.134386Z [ERROR] webgcs: Global error test 20
2025-09-09T16:26:46.134390Z [INFO] webgcs: Global info test 21
2025-09-09T16:26:46.134394Z [INFO] webgcs: Global info test 22
2025-09-09T16:26:46.134398Z [INFO] webgcs: Global info test 23
2025-09-09T16:26:46.134401Z [INFO] webgcs: Global info test 24
2025-09-09T16:26:46.134405Z [INFO] global_test: Telemetry update
2025-09-09T16:26:46.134409Z [INFO] webgcs: Global info test 26
2025-09-09T16:26:46.134412Z [INFO] webgcs: Global info test 27
2025-09-09T16:26:46.134415Z [INFO] webgcs: Global info test 28
2025-09-09T16:26:46.134418Z [INFO] webgcs: Global info test 29
2025-09-09T16:26:46.134422Z [ERROR] webgcs: Global error test 30
2025-09-09T16:26:46.134425Z [INFO] webgcs: Global info test 31
2025-09-09T16:26:46.134428Z [INFO] webgcs: Global info test 32
2025-09-09T16:26:46.134432Z [INFO] webgcs: Global info test 33
2025-09-09T16:26:46.134435Z [INFO] webgcs: Global info test 34
2025-09-09T16:26:46.134438Z [INFO] global_test: Telemetry update
2025-09-09T16:26:46.134441Z [INFO] webgcs: Global info test 36
2025-09-09T16:26:46.134444Z [INFO] webgcs: Global info test 37
2025-09-09T16:26:46.134447Z [INFO] webgcs: Global info test 38
2025-09-09T16:26:46.134450Z [INFO] webgcs: Global info test 39
2025-09-09T16:26:46.134453Z [ERROR] webgcs: Global error test 40
2025-09-09T16:26:46.134456Z [INFO] webgcs: Global info test 41
2025-09-09T16:26:46.134459Z [INFO] webgcs: Global info test 42
2025-09-09T16:26:46.134462Z [INFO] webgcs: Global info test 43
2025-09-09T16:26:46.134465Z [INFO] webgcs: Global info test 44
2025-09-09T16:26:46.134469Z [INFO] global_test: Telemetry update
2025-09-09T16:26:46.134472Z [INFO] webgcs: Global info test 46
2025-09-09T16:26:46.134475Z [INFO] webgcs: Global info test 47
2025-09-09T16:26:46.134478Z [INFO] webgcs: Global info test 48
2025-09-09T16:26:46.134481Z [INFO] webgcs: Global info test 49
2025-09-09T16:26:46.146637Z [INFO] webgcs: Memory test batch 0 message 0
2025-09-09T16:26:46.168939Z [INFO] webgcs: Memory test batch 1 message 600
2025-09-09T16:26:46.190666Z [INFO] webgcs: Memory test batch 2 message 900
2025-09-09T16:26:46.207369Z [INFO] webgcs: Memory test batch 3 message 700
2025-09-09T16:26:46.207375Z [INFO] webgcs: Memory test batch 3 message 701
2025-09-09T16:26:46.227718Z [INFO] webgcs: Memory test batch 4 message 800
2025-09-09T16:26:46.263431Z [INFO] webgcs: Memory test batch 6 message 800
2025-09-09T16:26:46.282950Z [INFO] webgcs: Memory test batch 7 message 800
2025-09-09T16:26:46.282956Z [INFO] webgcs: Memory test batch 7 message 801
2025-09-09T16:26:46.303326Z [INFO] webgcs: Memory test batch 8 message 900
2025-09-09T16:26:46.321940Z [INFO] webgcs: Memory test batch 9 message 600
2025-09-09T16:26:46.358834Z [INFO] webgcs: Shutdown test message 0
2025-09-09T16:26:46.360060Z [INFO] webgcs: Warmup message
2025-09-09T16:26:46.360371Z [INFO] webgcs: Performance test message 91
2025-09-09T16:26:46.360374Z [INFO] webgcs: Performance test message 92
2025-09-09T16:26:46.360377Z [INFO] webgcs: Performance test message 93
2025-09-09T16:26:46.360380Z [INFO] webgcs: Performance test message 94
2025-09-09T16:26:46.360383Z [INFO] webgcs: Performance test message 95
2025-09-09T16:26:46.360386Z [INFO] webgcs: Performance test message 96
2025-09-09T16:26:46.360389Z [INFO] webgcs: Performance test message 97
2025-09-09T16:26:46.360393Z [INFO] webgcs: Performance test message 98
2025-09-09T16:26:46.360396Z [INFO] webgcs: Performance test message 99
2025-09-09T16:26:46.360368Z [INFO] webgcs: Performance test message 90
2025-09-09T16:26:46.360371Z [INFO] webgcs: Performance test message 91
2025-09-09T16:26:46.360374Z [INFO] webgcs: Performance test message 92
2025-09-09T16:26:46.360377Z [INFO] webgcs: Performance test message 93
2025-09-09T16:26:46.360380Z [INFO] webgcs: Performance test message 94
2025-09-09T16:26:46.360383Z [INFO] webgcs: Performance test message 95
2025-09-09T16:26:46.360386Z [INFO] webgcs: Performance test message 96
2025-09-09T16:26:46.360389Z [INFO] webgcs: Performance test message 97
2025-09-09T16:26:46.360393Z [INFO] webgcs: Performance test message 98
2025-09-09T16:26:46.360396Z [INFO] webgcs: Performance test message 99
2025-09-09T16:26:46.373848Z [INFO] webgcs: Burst test message 0
2025-09-09T16:26:46.374249Z [INFO] webgcs: Burst test message 101
2025-09-09T16:26:46.374252Z [INFO] webgcs: Burst test message 102
2025-09-09T16:26:46.394997Z [INFO] webgcs: Thread 0 message 0
2025-09-09T16:26:46.415654Z [INFO] telemetry: Telemetry update
2025-09-09T16:26:46.416996Z [INFO] webgcs: Monitoring test message 0
2025-09-09T16:26:46.417006Z [INFO] webgcs: Monitoring test message 1
2025-09-09T16:26:46.417010Z [INFO] webgcs: Monitoring test message 2
2025-09-09T16:26:46.417013Z [INFO] webgcs: Monitoring test message 3
2025-09-09T16:26:46.417016Z [INFO] webgcs: Monitoring test message 4
2025-09-09T16:26:46.417019Z [INFO] webgcs: Monitoring test message 5
2025-09-09T16:26:46.417022Z [INFO] webgcs: Monitoring test message 6
2025-09-09T16:26:46.417025Z [INFO] webgcs: Monitoring test message 7
2025-09-09T16:26:46.417028Z [INFO] webgcs: Monitoring test message 8
2025-09-09T16:26:46.417030Z [INFO] webgcs: Monitoring test message 9
2025-09-09T16:26:46.417033Z [INFO] webgcs: Monitoring test message 10
2025-09-09T16:26:46.417036Z [INFO] webgcs: Monitoring test message 11
2025-09-09T16:26:46.417039Z [INFO] webgcs: Monitoring test message 12
2025-09-09T16:26:46.417041Z [INFO] webgcs: Monitoring test message 13
2025-09-09T16:26:46.417044Z [INFO] webgcs: Monitoring test message 14
2025-09-09T16:26:46.417047Z [INFO] webgcs: Monitoring test message 15
2025-09-09T16:26:46.417049Z [INFO] webgcs: Monitoring test message 16
2025-09-09T16:26:46.417052Z [INFO] webgcs: Monitoring test message 17
2025-09-09T16:26:46.417055Z [INFO] webgcs: Monitoring test message 18
2025-09-09T16:26:46.417058Z [INFO] webgcs: Monitoring test message 19
2025-09-09T16:26:46.417060Z [INFO] webgcs: Monitoring test message 20
2025-09-09T16:26:46.417063Z [INFO] webgcs: Monitoring test message 21
2025-09-09T16:26:46.417066Z [INFO] webgcs: Monitoring test message 22
2025-09-09T16:26:46.417068Z [INFO] webgcs: Monitoring test message 23
2025-09-09T16:26:46.417073Z [INFO] webgcs: Monitoring test message 24
2025-09-09T16:26:46.417076Z [INFO] webgcs: Monitoring test message 25
2025-09-09T16:26:46.417079Z [INFO] webgcs: Monitoring test message 26
2025-09-09T16:26:46.417082Z [INFO] webgcs: Monitoring test message 27
2025-09-09T16:26:46.417084Z [INFO] webgcs: Monitoring test message 28
2025-09-09T16:26:46.417087Z [INFO] webgcs: Monitoring test message 29
2025-09-09T16:26:46.417090Z [INFO] webgcs: Monitoring test message 30
2025-09-09T16:26:46.417092Z [INFO] webgcs: Monitoring test message 31
2025-09-09T16:26:46.417095Z [INFO] webgcs: Monitoring test message 32
2025-09-09T16:26:46.417099Z [INFO] webgcs: Monitoring test message 33
2025-09-09T16:26:46.417101Z [INFO] webgcs: Monitoring test message 34
2025-09-09T16:26:46.417104Z [INFO] webgcs: Monitoring test message 35
2025-09-09T16:26:46.417107Z [INFO] webgcs: Monitoring test message 36
2025-09-09T16:26:46.417110Z [INFO] webgcs: Monitoring test message 37
2025-09-09T16:26:46.417112Z [INFO] webgcs: Monitoring test message 38
2025-09-09T16:26:46.417117Z [INFO] webgcs: Monitoring test message 39
2025-09-09T16:26:46.417120Z [INFO] webgcs: Monitoring test message 40
2025-09-09T16:26:46.417123Z [INFO] webgcs: Monitoring test message 41
2025-09-09T16:26:46.417126Z [INFO] webgcs: Monitoring test message 42
2025-09-09T16:26:46.417129Z [INFO] webgcs: Monitoring test message 43
2025-09-09T16:26:46.417132Z [INFO] webgcs: Monitoring test message 44
2025-09-09T16:26:46.417134Z [INFO] webgcs: Monitoring test message 45
2025-09-09T16:26:46.417137Z [INFO] webgcs: Monitoring test message 46
2025-09-09T16:26:46.417140Z [INFO] webgcs: Monitoring test message 47
2025-09-09T16:26:46.417143Z [INFO] webgcs: Monitoring test message 48
2025-09-09T16:26:46.417146Z [INFO] webgcs: Monitoring test message 49
2025-09-09T16:26:46.428780Z [DEBUG] webgcs: Level DEBUG message 0
2025-09-09T16:26:46.440994Z [INFO] webgcs: Global info test 1
2025-09-09T16:26:46.440998Z [INFO] webgcs: Global info test 2
2025-09-09T16:26:46.441001Z [INFO] webgcs: Global info test 3
2025-09-09T16:26:46.441005Z [INFO] webgcs: Global info test 4
2025-09-09T16:26:46.441009Z [INFO] global_test: Telemetry update
2025-09-09T16:26:46.441012Z [INFO] webgcs: Global info test 6
2025-09-09T16:26:46.441016Z [INFO] webgcs: Global info test 7
2025-09-09T16:26:46.441019Z [INFO] webgcs: Global info test 8
2025-09-09T16:26:46.441022Z [INFO] webgcs: Global info test 9
2025-09-09T16:26:46.441025Z [ERROR] webgcs: Global error test 10
2025-09-09T16:26:46.441028Z [INFO] webgcs: Global info test 11
2025-09-09T16:26:46.441032Z [INFO] webgcs: Global info test 12
2025-09-09T16:26:46.441037Z [INFO] webgcs: Global info test 13
2025-09-09T16:26:46.441040Z [INFO] webgcs: Global info test 14
2025-09-09T16:26:46.441043Z [INFO] global_test: Telemetry update
2025-09-09T16:26:46.441047Z [INFO] webgcs: Global info test 16
2025-09-09T16:26:46.441050Z [INFO] webgcs: Global info test 17
2025-09-09T16:26:46.441055Z [INFO] webgcs: Global info test 18
2025-09-09T16:26:46.441059Z [INFO] webgcs: Global info test 19
2025-09-09T16:26:46.441062Z [ERROR] webgcs: Global error test 20
2025-09-09T16:26:46.441065Z [INFO] webgcs: Global info test 21
2025-09-09T16:26:46.441068Z [INFO] webgcs: Global info test 22
2025-09-09T16:26:46.441072Z [INFO] webgcs: Global info test 23
2025-09-09T16:26:46.441075Z [INFO] webgcs: Global info test 24
2025-09-09T16:26:46.441078Z [INFO] global_test: Telemetry update
2025-09-09T16:26:46.441081Z [INFO] webgcs: Global info test 26
2025-09-09T16:26:46.441084Z [INFO] webgcs: Global info test 27
2025-09-09T16:26:46.441089Z [INFO] webgcs: Global info test 28
2025-09-09T16:26:46.441092Z [INFO] webgcs: Global info test 29
2025-09-09T16:26:46.441095Z [ERROR] webgcs: Global error test 30
2025-09-09T16:26:46.441099Z [INFO] webgcs: Global info test 31
2025-09-09T16:26:46.441102Z [INFO] webgcs: Global info test 32
2025-09-09T16:26:46.441105Z [INFO] webgcs: Global info test 33
2025-09-09T16:26:46.441108Z [INFO] webgcs: Global info test 34
2025-09-09T16:26:46.441111Z [INFO] global_test: Telemetry update
2025-09-09T16:26:46.441119Z [INFO] webgcs: Global info test 36
2025-09-09T16:26:46.441122Z [INFO] webgcs: Global info test 37
2025-09-09T16:26:46.441125Z [INFO] webgcs: Global info test 38
2025-09-09T16:26:46.441128Z [INFO] webgcs: Global info test 39
2025-09-09T16:26:46.441132Z [ERROR] webgcs: Global error test 40
2025-09-09T16:26:46.441135Z [INFO] webgcs: Global info test 41
2025-09-09T16:26:46.441138Z [INFO] webgcs: Global info test 42
2025-09-09T16:26:46.441141Z [INFO] webgcs: Global info test 43
2025-09-09T16:26:46.441144Z [INFO] webgcs: Global info test 44
2025-09-09T16:26:46.441147Z [INFO] global_test: Telemetry update
2025-09-09T16:26:46.441150Z [INFO] webgcs: Global info test 46
2025-09-09T16:26:46.441154Z [INFO] webgcs: Global info test 47
2025-09-09T16:26:46.441157Z [INFO] webgcs: Global info test 48
2025-09-09T16:26:46.441160Z [INFO] webgcs: Global info test 49
2025-09-09T16:26:46.453877Z [INFO] webgcs: Memory test batch 0 message 0
2025-09-09T16:26:46.471179Z [INFO] webgcs: Memory test batch 1 message 100
2025-09-09T16:26:46.509658Z [INFO] webgcs: Memory test batch 2 message 800
2025-09-09T16:26:46.527209Z [INFO] webgcs: Memory test batch 3 message 800
2025-09-09T16:26:46.545500Z [INFO] webgcs: Memory test batch 4 message 800
2025-09-09T16:26:46.565881Z [INFO] webgcs: Memory test batch 5 message 800
2025-09-09T16:26:46.638878Z [INFO] webgcs: Memory test batch 9 message 600
2025-09-09T16:26:46.685403Z [INFO] webgcs: Shutdown test message 0
2025-09-09T16:31:31.326977Z [INFO] webgcs: Warmup message
2025-09-09T16:31:31.327447Z [INFO] webgcs: Performance test message 91
2025-09-09T16:31:31.327450Z [INFO] webgcs: Performance test message 92
2025-09-09T16:31:31.327453Z [INFO] webgcs: Performance test message 93
2025-09-09T16:31:31.327456Z [INFO] webgcs: Performance test message 94
2025-09-09T16:31:31.327460Z [INFO] webgcs: Performance test message 95
2025-09-09T16:31:31.327463Z [INFO] webgcs: Performance test message 96
2025-09-09T16:31:31.327466Z [INFO] webgcs: Performance test message 97
2025-09-09T16:31:31.327469Z [INFO] webgcs: Performance test message 98
2025-09-09T16:31:31.327472Z [INFO] webgcs: Performance test message 99
2025-09-09T16:31:31.327444Z [INFO] webgcs: Performance test message 90
2025-09-09T16:31:31.327447Z [INFO] webgcs: Performance test message 91
2025-09-09T16:31:31.327450Z [INFO] webgcs: Performance test message 92
2025-09-09T16:31:31.327453Z [INFO] webgcs: Performance test message 93
2025-09-09T16:31:31.327456Z [INFO] webgcs: Performance test message 94
2025-09-09T16:31:31.327460Z [INFO] webgcs: Performance test message 95
2025-09-09T16:31:31.327463Z [INFO] webgcs: Performance test message 96
2025-09-09T16:31:31.327466Z [INFO] webgcs: Performance test message 97
2025-09-09T16:31:31.327469Z [INFO] webgcs: Performance test message 98
2025-09-09T16:31:31.327472Z [INFO] webgcs: Performance test message 99
2025-09-09T16:31:31.339265Z [INFO] webgcs: Burst test message 0
2025-09-09T16:31:31.339598Z [INFO] webgcs: Burst test message 101
2025-09-09T16:31:31.339601Z [INFO] webgcs: Burst test message 102
2025-09-09T16:31:31.339604Z [INFO] webgcs: Burst test message 103
2025-09-09T16:31:31.360237Z [INFO] webgcs: Thread 0 message 0
2025-09-09T16:31:31.363465Z [INFO] webgcs: Thread 6 message 0
2025-09-09T16:31:31.379925Z [INFO] telemetry: Telemetry update
2025-09-09T16:31:31.393670Z [INFO] webgcs: Monitoring test message 0
2025-09-09T16:31:31.393680Z [INFO] webgcs: Monitoring test message 1
2025-09-09T16:31:31.393684Z [INFO] webgcs: Monitoring test message 2
2025-09-09T16:31:31.393687Z [INFO] webgcs: Monitoring test message 3
2025-09-09T16:31:31.393690Z [INFO] webgcs: Monitoring test message 4
2025-09-09T16:31:31.393693Z [INFO] webgcs: Monitoring test message 5
2025-09-09T16:31:31.393696Z [INFO] webgcs: Monitoring test message 6
2025-09-09T16:31:31.393698Z [INFO] webgcs: Monitoring test message 7
2025-09-09T16:31:31.393701Z [INFO] webgcs: Monitoring test message 8
2025-09-09T16:31:31.393704Z [INFO] webgcs: Monitoring test message 9
2025-09-09T16:31:31.393707Z [INFO] webgcs: Monitoring test message 10
2025-09-09T16:31:31.393709Z [INFO] webgcs: Monitoring test message 11
2025-09-09T16:31:31.393712Z [INFO] webgcs: Monitoring test message 12
2025-09-09T16:31:31.393718Z [INFO] webgcs: Monitoring test message 13
2025-09-09T16:31:31.393720Z [INFO] webgcs: Monitoring test message 14
2025-09-09T16:31:31.393723Z [INFO] webgcs: Monitoring test message 15
2025-09-09T16:31:31.393726Z [INFO] webgcs: Monitoring test message 16
2025-09-09T16:31:31.393729Z [INFO] webgcs: Monitoring test message 17
2025-09-09T16:31:31.393732Z [INFO] webgcs: Monitoring test message 18
2025-09-09T16:31:31.393734Z [INFO] webgcs: Monitoring test message 19
2025-09-09T16:31:31.393737Z [INFO] webgcs: Monitoring test message 20
2025-09-09T16:31:31.393740Z [INFO] webgcs: Monitoring test message 21
2025-09-09T16:31:31.393742Z [INFO] webgcs: Monitoring test message 22
2025-09-09T16:31:31.393745Z [INFO] webgcs: Monitoring test message 23
2025-09-09T16:31:31.393748Z [INFO] webgcs: Monitoring test message 24
2025-09-09T16:31:31.393751Z [INFO] webgcs: Monitoring test message 25
2025-09-09T16:31:31.393753Z [INFO] webgcs: Monitoring test message 26
2025-09-09T16:31:31.393756Z [INFO] webgcs: Monitoring test message 27
2025-09-09T16:31:31.393759Z [INFO] webgcs: Monitoring test message 28
2025-09-09T16:31:31.393762Z [INFO] webgcs: Monitoring test message 29
2025-09-09T16:31:31.393764Z [INFO] webgcs: Monitoring test message 30
2025-09-09T16:31:31.393767Z [INFO] webgcs: Monitoring test message 31
2025-09-09T16:31:31.393770Z [INFO] webgcs: Monitoring test message 32
2025-09-09T16:31:31.393773Z [INFO] webgcs: Monitoring test message 33
2025-09-09T16:31:31.393776Z [INFO] webgcs: Monitoring test message 34
2025-09-09T16:31:31.393783Z [INFO] webgcs: Monitoring test message 35
2025-09-09T16:31:31.393786Z [INFO] webgcs: Monitoring test message 36
2025-09-09T16:31:31.393789Z [INFO] webgcs: Monitoring test message 37
2025-09-09T16:31:31.393792Z [INFO] webgcs: Monitoring test message 38
2025-09-09T16:31:31.393794Z [INFO] webgcs: Monitoring test message 39
2025-09-09T16:31:31.393797Z [INFO] webgcs: Monitoring test message 40
2025-09-09T16:31:31.393800Z [INFO] webgcs: Monitoring test message 41
2025-09-09T16:31:31.393803Z [INFO] webgcs: Monitoring test message 42
2025-09-09T16:31:31.393805Z [INFO] webgcs: Monitoring test message 43
2025-09-09T16:31:31.393808Z [INFO] webgcs: Monitoring test message 44
2025-09-09T16:31:31.393811Z [INFO] webgcs: Monitoring test message 45
2025-09-09T16:31:31.393814Z [INFO] webgcs: Monitoring test message 46
2025-09-09T16:31:31.393817Z [INFO] webgcs: Monitoring test message 47
2025-09-09T16:31:31.393819Z [INFO] webgcs: Monitoring test message 48
2025-09-09T16:31:31.393822Z [INFO] webgcs: Monitoring test message 49
2025-09-09T16:31:31.407137Z [DEBUG] webgcs: Level DEBUG message 0
2025-09-09T16:31:31.420977Z [ERROR] webgcs: Global error test 0
2025-09-09T16:31:31.420993Z [INFO] webgcs: Global info test 2
2025-09-09T16:31:31.420997Z [INFO] webgcs: Global info test 3
2025-09-09T16:31:31.421000Z [INFO] webgcs: Global info test 4
2025-09-09T16:31:31.421004Z [INFO] global_test: Telemetry update
2025-09-09T16:31:31.421007Z [INFO] webgcs: Global info test 6
2025-09-09T16:31:31.421011Z [INFO] webgcs: Global info test 7
2025-09-09T16:31:31.421014Z [INFO] webgcs: Global info test 8
2025-09-09T16:31:31.421017Z [INFO] webgcs: Global info test 9
2025-09-09T16:31:31.421020Z [ERROR] webgcs: Global error test 10
2025-09-09T16:31:31.421023Z [INFO] webgcs: Global info test 11
2025-09-09T16:31:31.421026Z [INFO] webgcs: Global info test 12
2025-09-09T16:31:31.421034Z [INFO] webgcs: Global info test 13
2025-09-09T16:31:31.421038Z [INFO] webgcs: Global info test 14
2025-09-09T16:31:31.421041Z [INFO] global_test: Telemetry update
2025-09-09T16:31:31.421045Z [INFO] webgcs: Global info test 16
2025-09-09T16:31:31.421049Z [INFO] webgcs: Global info test 17
2025-09-09T16:31:31.421052Z [INFO] webgcs: Global info test 18
2025-09-09T16:31:31.421055Z [INFO] webgcs: Global info test 19
2025-09-09T16:31:31.421058Z [ERROR] webgcs: Global error test 20
2025-09-09T16:31:31.421061Z [INFO] webgcs: Global info test 21
2025-09-09T16:31:31.421064Z [INFO] webgcs: Global info test 22
2025-09-09T16:31:31.421117Z [INFO] webgcs: Global info test 23
2025-09-09T16:31:31.421121Z [INFO] webgcs: Global info test 24
2025-09-09T16:31:31.421125Z [INFO] global_test: Telemetry update
2025-09-09T16:31:31.421128Z [INFO] webgcs: Global info test 26
2025-09-09T16:31:31.421131Z [INFO] webgcs: Global info test 27
2025-09-09T16:31:31.421134Z [INFO] webgcs: Global info test 28
2025-09-09T16:31:31.421137Z [INFO] webgcs: Global info test 29
2025-09-09T16:31:31.421142Z [ERROR] webgcs: Global error test 30
2025-09-09T16:31:31.421145Z [INFO] webgcs: Global info test 31
2025-09-09T16:31:31.421148Z [INFO] webgcs: Global info test 32
2025-09-09T16:31:31.421152Z [INFO] webgcs: Global info test 33
2025-09-09T16:31:31.421155Z [INFO] webgcs: Global info test 34
2025-09-09T16:31:31.421158Z [INFO] global_test: Telemetry update
2025-09-09T16:31:31.421162Z [INFO] webgcs: Global info test 36
2025-09-09T16:31:31.421165Z [INFO] webgcs: Global info test 37
2025-09-09T16:31:31.421168Z [INFO] webgcs: Global info test 38
2025-09-09T16:31:31.421171Z [INFO] webgcs: Global info test 39
2025-09-09T16:31:31.421174Z [ERROR] webgcs: Global error test 40
2025-09-09T16:31:31.421177Z [INFO] webgcs: Global info test 41
2025-09-09T16:31:31.421180Z [INFO] webgcs: Global info test 42
2025-09-09T16:31:31.421183Z [INFO] webgcs: Global info test 43
2025-09-09T16:31:31.421186Z [INFO] webgcs: Global info test 44
2025-09-09T16:31:31.421189Z [INFO] global_test: Telemetry update
2025-09-09T16:31:31.421192Z [INFO] webgcs: Global info test 46
2025-09-09T16:31:31.421196Z [INFO] webgcs: Global info test 47
2025-09-09T16:31:31.421199Z [INFO] webgcs: Global info test 48
2025-09-09T16:31:31.421202Z [INFO] webgcs: Global info test 49
2025-09-09T16:31:31.433008Z [INFO] webgcs: Memory test batch 0 message 0
2025-09-09T16:31:31.456177Z [INFO] webgcs: Memory test batch 1 message 800
2025-09-09T16:31:31.475248Z [INFO] webgcs: Memory test batch 2 message 900
2025-09-09T16:31:31.475254Z [INFO] webgcs: Memory test batch 2 message 901
2025-09-09T16:31:31.494292Z [INFO] webgcs: Memory test batch 3 message 900
2025-09-09T16:31:31.529486Z [INFO] webgcs: Memory test batch 5 message 800
2025-09-09T16:31:31.529492Z [INFO] webgcs: Memory test batch 5 message 801
2025-09-09T16:31:31.568151Z [INFO] webgcs: Memory test batch 7 message 900
2025-09-09T16:31:31.585484Z [INFO] webgcs: Memory test batch 8 message 900
2025-09-09T16:31:31.603953Z [INFO] webgcs: Memory test batch 9 message 600
2025-09-09T16:31:31.639421Z [INFO] webgcs: Shutdown test message 0
2025-09-09T16:31:31.640549Z [INFO] webgcs: Warmup message
2025-09-09T16:31:31.640844Z [INFO] webgcs: Performance test message 91
2025-09-09T16:31:31.640847Z [INFO] webgcs: Performance test message 92
2025-09-09T16:31:31.640850Z [INFO] webgcs: Performance test message 93
2025-09-09T16:31:31.640853Z [INFO] webgcs: Performance test message 94
2025-09-09T16:31:31.640856Z [INFO] webgcs: Performance test message 95
2025-09-09T16:31:31.640859Z [INFO] webgcs: Performance test message 96
2025-09-09T16:31:31.640862Z [INFO] webgcs: Performance test message 97
2025-09-09T16:31:31.640868Z [INFO] webgcs: Performance test message 98
2025-09-09T16:31:31.640871Z [INFO] webgcs: Performance test message 99
2025-09-09T16:31:31.640841Z [INFO] webgcs: Performance test message 90
2025-09-09T16:31:31.640844Z [INFO] webgcs: Performance test message 91
2025-09-09T16:31:31.640847Z [INFO] webgcs: Performance test message 92
2025-09-09T16:31:31.640850Z [INFO] webgcs: Performance test message 93
2025-09-09T16:31:31.640853Z [INFO] webgcs: Performance test message 94
2025-09-09T16:31:31.640856Z [INFO] webgcs: Performance test message 95
2025-09-09T16:31:31.640859Z [INFO] webgcs: Performance test message 96
2025-09-09T16:31:31.640862Z [INFO] webgcs: Performance test message 97
2025-09-09T16:31:31.640868Z [INFO] webgcs: Performance test message 98
2025-09-09T16:31:31.640871Z [INFO] webgcs: Performance test message 99
2025-09-09T16:31:31.653501Z [INFO] webgcs: Burst test message 0
2025-09-09T16:31:31.673935Z [INFO] webgcs: Thread 0 message 0
2025-09-09T16:31:31.674284Z [INFO] webgcs: Thread 2 message 1
2025-09-09T16:31:31.674288Z [INFO] webgcs: Thread 2 message 2
2025-09-09T16:31:31.674291Z [INFO] webgcs: Thread 2 message 3
2025-09-09T16:31:31.693571Z [INFO] telemetry: Telemetry update
2025-09-09T16:31:31.707263Z [INFO] webgcs: Monitoring test message 0
2025-09-09T16:31:31.707274Z [INFO] webgcs: Monitoring test message 1
2025-09-09T16:31:31.707278Z [INFO] webgcs: Monitoring test message 2
2025-09-09T16:31:31.707281Z [INFO] webgcs: Monitoring test message 3
2025-09-09T16:31:31.707284Z [INFO] webgcs: Monitoring test message 4
2025-09-09T16:31:31.707286Z [INFO] webgcs: Monitoring test message 5
2025-09-09T16:31:31.707289Z [INFO] webgcs: Monitoring test message 6
2025-09-09T16:31:31.707292Z [INFO] webgcs: Monitoring test message 7
2025-09-09T16:31:31.707294Z [INFO] webgcs: Monitoring test message 8
2025-09-09T16:31:31.707297Z [INFO] webgcs: Monitoring test message 9
2025-09-09T16:31:31.707299Z [INFO] webgcs: Monitoring test message 10
2025-09-09T16:31:31.707302Z [INFO] webgcs: Monitoring test message 11
2025-09-09T16:31:31.707305Z [INFO] webgcs: Monitoring test message 12
2025-09-09T16:31:31.707307Z [INFO] webgcs: Monitoring test message 13
2025-09-09T16:31:31.707310Z [INFO] webgcs: Monitoring test message 14
2025-09-09T16:31:31.707312Z [INFO] webgcs: Monitoring test message 15
2025-09-09T16:31:31.707315Z [INFO] webgcs: Monitoring test message 16
2025-09-09T16:31:31.707317Z [INFO] webgcs: Monitoring test message 17
2025-09-09T16:31:31.707320Z [INFO] webgcs: Monitoring test message 18
2025-09-09T16:31:31.707322Z [INFO] webgcs: Monitoring test message 19
2025-09-09T16:31:31.707325Z [INFO] webgcs: Monitoring test message 20
2025-09-09T16:31:31.707327Z [INFO] webgcs: Monitoring test message 21
2025-09-09T16:31:31.707330Z [INFO] webgcs: Monitoring test message 22
2025-09-09T16:31:31.707332Z [INFO] webgcs: Monitoring test message 23
2025-09-09T16:31:31.707337Z [INFO] webgcs: Monitoring test message 24
2025-09-09T16:31:31.707340Z [INFO] webgcs: Monitoring test message 25
2025-09-09T16:31:31.707342Z [INFO] webgcs: Monitoring test message 26
2025-09-09T16:31:31.707345Z [INFO] webgcs: Monitoring test message 27
2025-09-09T16:31:31.707347Z [INFO] webgcs: Monitoring test message 28
2025-09-09T16:31:31.707350Z [INFO] webgcs: Monitoring test message 29
2025-09-09T16:31:31.707352Z [INFO] webgcs: Monitoring test message 30
2025-09-09T16:31:31.707355Z [INFO] webgcs: Monitoring test message 31
2025-09-09T16:31:31.707357Z [INFO] webgcs: Monitoring test message 32
2025-09-09T16:31:31.707360Z [INFO] webgcs: Monitoring test message 33
2025-09-09T16:31:31.707363Z [INFO] webgcs: Monitoring test message 34
2025-09-09T16:31:31.707366Z [INFO] webgcs: Monitoring test message 35
2025-09-09T16:31:31.707370Z [INFO] webgcs: Monitoring test message 36
2025-09-09T16:31:31.707372Z [INFO] webgcs: Monitoring test message 37
2025-09-09T16:31:31.707375Z [INFO] webgcs: Monitoring test message 38
2025-09-09T16:31:31.707377Z [INFO] webgcs: Monitoring test message 39
2025-09-09T16:31:31.707380Z [INFO] webgcs: Monitoring test message 40
2025-09-09T16:31:31.707383Z [INFO] webgcs: Monitoring test message 41
2025-09-09T16:31:31.707385Z [INFO] webgcs: Monitoring test message 42
2025-09-09T16:31:31.707388Z [INFO] webgcs: Monitoring test message 43
2025-09-09T16:31:31.707390Z [INFO] webgcs: Monitoring test message 44
2025-09-09T16:31:31.707393Z [INFO] webgcs: Monitoring test message 45
2025-09-09T16:31:31.707395Z [INFO] webgcs: Monitoring test message 46
2025-09-09T16:31:31.707398Z [INFO] webgcs: Monitoring test message 47
2025-09-09T16:31:31.707401Z [INFO] webgcs: Monitoring test message 48
2025-09-09T16:31:31.707403Z [INFO] webgcs: Monitoring test message 49
2025-09-09T16:31:31.720599Z [DEBUG] webgcs: Level DEBUG message 0
2025-09-09T16:31:31.732681Z [INFO] webgcs: Global info test 1
2025-09-09T16:31:31.732686Z [INFO] webgcs: Global info test 2
2025-09-09T16:31:31.732689Z [INFO] webgcs: Global info test 3
2025-09-09T16:31:31.732692Z [INFO] webgcs: Global info test 4
2025-09-09T16:31:31.732696Z [INFO] global_test: Telemetry update
2025-09-09T16:31:31.732699Z [INFO] webgcs: Global info test 6
2025-09-09T16:31:31.732702Z [INFO] webgcs: Global info test 7
2025-09-09T16:31:31.732705Z [INFO] webgcs: Global info test 8
2025-09-09T16:31:31.732708Z [INFO] webgcs: Global info test 9
2025-09-09T16:31:31.732712Z [ERROR] webgcs: Global error test 10
2025-09-09T16:31:31.732717Z [INFO] webgcs: Global info test 11
2025-09-09T16:31:31.732721Z [INFO] webgcs: Global info test 12
2025-09-09T16:31:31.732725Z [INFO] webgcs: Global info test 13
2025-09-09T16:31:31.732728Z [INFO] webgcs: Global info test 14
2025-09-09T16:31:31.732731Z [INFO] global_test: Telemetry update
2025-09-09T16:31:31.732734Z [INFO] webgcs: Global info test 16
2025-09-09T16:31:31.732737Z [INFO] webgcs: Global info test 17
2025-09-09T16:31:31.732740Z [INFO] webgcs: Global info test 18
2025-09-09T16:31:31.732743Z [INFO] webgcs: Global info test 19
2025-09-09T16:31:31.732747Z [ERROR] webgcs: Global error test 20
2025-09-09T16:31:31.732750Z [INFO] webgcs: Global info test 21
2025-09-09T16:31:31.732753Z [INFO] webgcs: Global info test 22
2025-09-09T16:31:31.732756Z [INFO] webgcs: Global info test 23
2025-09-09T16:31:31.732759Z [INFO] webgcs: Global info test 24
2025-09-09T16:31:31.732762Z [INFO] global_test: Telemetry update
2025-09-09T16:31:31.732765Z [INFO] webgcs: Global info test 26
2025-09-09T16:31:31.732768Z [INFO] webgcs: Global info test 27
2025-09-09T16:31:31.732771Z [INFO] webgcs: Global info test 28
2025-09-09T16:31:31.732774Z [INFO] webgcs: Global info test 29
2025-09-09T16:31:31.732776Z [ERROR] webgcs: Global error test 30
2025-09-09T16:31:31.732779Z [INFO] webgcs: Global info test 31
2025-09-09T16:31:31.732782Z [INFO] webgcs: Global info test 32
2025-09-09T16:31:31.732785Z [INFO] webgcs: Global info test 33
2025-09-09T16:31:31.732788Z [INFO] webgcs: Global info test 34
2025-09-09T16:31:31.732792Z [INFO] global_test: Telemetry update
2025-09-09T16:31:31.732795Z [INFO] webgcs: Global info test 36
2025-09-09T16:31:31.732798Z [INFO] webgcs: Global info test 37
2025-09-09T16:31:31.732801Z [INFO] webgcs: Global info test 38
2025-09-09T16:31:31.732804Z [INFO] webgcs: Global info test 39
2025-09-09T16:31:31.732807Z [ERROR] webgcs: Global error test 40
2025-09-09T16:31:31.732810Z [INFO] webgcs: Global info test 41
2025-09-09T16:31:31.732813Z [INFO] webgcs: Global info test 42
2025-09-09T16:31:31.732816Z [INFO] webgcs: Global info test 43
2025-09-09T16:31:31.732819Z [INFO] webgcs: Global info test 44
2025-09-09T16:31:31.732822Z [INFO] global_test: Telemetry update
2025-09-09T16:31:31.732825Z [INFO] webgcs: Global info test 46
2025-09-09T16:31:31.732828Z [INFO] webgcs: Global info test 47
2025-09-09T16:31:31.732831Z [INFO] webgcs: Global info test 48
2025-09-09T16:31:31.732834Z [INFO] webgcs: Global info test 49
2025-09-09T16:31:31.743372Z [INFO] webgcs: Memory test batch 0 message 0
2025-09-09T16:31:31.762007Z [INFO] webgcs: Memory test batch 1 message 100
2025-09-09T16:31:31.815441Z [INFO] webgcs: Memory test batch 3 message 900
2025-09-09T16:31:31.851901Z [INFO] webgcs: Memory test batch 5 message 800
2025-09-09T16:31:31.870814Z [INFO] webgcs: Memory test batch 6 message 900
2025-09-09T16:31:31.889387Z [INFO] webgcs: Memory test batch 7 message 800
2025-09-09T16:31:31.926119Z [INFO] webgcs: Memory test batch 9 message 700
2025-09-09T16:31:31.967837Z [INFO] webgcs: Shutdown test message 0
2025-09-09T16:34:32.236284Z [INFO] webgcs: Warmup message
2025-09-09T16:34:32.236931Z [INFO] webgcs: Performance test message 91
2025-09-09T16:34:32.236935Z [INFO] webgcs: Performance test message 92
2025-09-09T16:34:32.236941Z [INFO] webgcs: Performance test message 93
2025-09-09T16:34:32.236946Z [INFO] webgcs: Performance test message 94
2025-09-09T16:34:32.236951Z [INFO] webgcs: Performance test message 95
2025-09-09T16:34:32.236955Z [INFO] webgcs: Performance test message 96
2025-09-09T16:34:32.236959Z [INFO] webgcs: Performance test message 97
2025-09-09T16:34:32.236964Z [INFO] webgcs: Performance test message 98
2025-09-09T16:34:32.236969Z [INFO] webgcs: Performance test message 99
2025-09-09T16:34:32.236926Z [INFO] webgcs: Performance test message 90
2025-09-09T16:34:32.236931Z [INFO] webgcs: Performance test message 91
2025-09-09T16:34:32.236935Z [INFO] webgcs: Performance test message 92
2025-09-09T16:34:32.236941Z [INFO] webgcs: Performance test message 93
2025-09-09T16:34:32.236946Z [INFO] webgcs: Performance test message 94
2025-09-09T16:34:32.236951Z [INFO] webgcs: Performance test message 95
2025-09-09T16:34:32.236955Z [INFO] webgcs: Performance test message 96
2025-09-09T16:34:32.236959Z [INFO] webgcs: Performance test message 97
2025-09-09T16:34:32.236964Z [INFO] webgcs: Performance test message 98
2025-09-09T16:34:32.236969Z [INFO] webgcs: Performance test message 99
2025-09-09T16:34:32.250367Z [INFO] webgcs: Burst test message 0
2025-09-09T16:34:32.250830Z [INFO] webgcs: Burst test message 101
2025-09-09T16:34:32.250834Z [INFO] webgcs: Burst test message 102
2025-09-09T16:34:32.250839Z [INFO] webgcs: Burst test message 103
2025-09-09T16:34:32.250843Z [INFO] webgcs: Burst test message 104
2025-09-09T16:34:32.250847Z [INFO] webgcs: Burst test message 105
2025-09-09T16:34:32.250854Z [INFO] webgcs: Burst test message 106
2025-09-09T16:34:32.262032Z [INFO] webgcs: Thread 0 message 0
2025-09-09T16:34:32.263924Z [INFO] webgcs: Thread 3 message 0
2025-09-09T16:34:32.263942Z [INFO] webgcs: Thread 3 message 1
2025-09-09T16:34:32.263950Z [INFO] webgcs: Thread 3 message 2
2025-09-09T16:34:32.283762Z [INFO] telemetry: Telemetry update
2025-09-09T16:34:32.295353Z [INFO] webgcs: Monitoring test message 0
2025-09-09T16:34:32.295371Z [INFO] webgcs: Monitoring test message 1
2025-09-09T16:34:32.295377Z [INFO] webgcs: Monitoring test message 2
2025-09-09T16:34:32.295381Z [INFO] webgcs: Monitoring test message 3
2025-09-09T16:34:32.295385Z [INFO] webgcs: Monitoring test message 4
2025-09-09T16:34:32.295389Z [INFO] webgcs: Monitoring test message 5
2025-09-09T16:34:32.295393Z [INFO] webgcs: Monitoring test message 6
2025-09-09T16:34:32.295396Z [INFO] webgcs: Monitoring test message 7
2025-09-09T16:34:32.295399Z [INFO] webgcs: Monitoring test message 8
2025-09-09T16:34:32.295403Z [INFO] webgcs: Monitoring test message 9
2025-09-09T16:34:32.295406Z [INFO] webgcs: Monitoring test message 10
2025-09-09T16:34:32.295410Z [INFO] webgcs: Monitoring test message 11
2025-09-09T16:34:32.295413Z [INFO] webgcs: Monitoring test message 12
2025-09-09T16:34:32.295416Z [INFO] webgcs: Monitoring test message 13
2025-09-09T16:34:32.295420Z [INFO] webgcs: Monitoring test message 14
2025-09-09T16:34:32.295423Z [INFO] webgcs: Monitoring test message 15
2025-09-09T16:34:32.295427Z [INFO] webgcs: Monitoring test message 16
2025-09-09T16:34:32.295430Z [INFO] webgcs: Monitoring test message 17
2025-09-09T16:34:32.295436Z [INFO] webgcs: Monitoring test message 18
2025-09-09T16:34:32.295440Z [INFO] webgcs: Monitoring test message 19
2025-09-09T16:34:32.295443Z [INFO] webgcs: Monitoring test message 20
2025-09-09T16:34:32.295446Z [INFO] webgcs: Monitoring test message 21
2025-09-09T16:34:32.295450Z [INFO] webgcs: Monitoring test message 22
2025-09-09T16:34:32.295453Z [INFO] webgcs: Monitoring test message 23
2025-09-09T16:34:32.295456Z [INFO] webgcs: Monitoring test message 24
2025-09-09T16:34:32.295460Z [INFO] webgcs: Monitoring test message 25
2025-09-09T16:34:32.295463Z [INFO] webgcs: Monitoring test message 26
2025-09-09T16:34:32.295466Z [INFO] webgcs: Monitoring test message 27
2025-09-09T16:34:32.295470Z [INFO] webgcs: Monitoring test message 28
2025-09-09T16:34:32.295473Z [INFO] webgcs: Monitoring test message 29
2025-09-09T16:34:32.295476Z [INFO] webgcs: Monitoring test message 30
2025-09-09T16:34:32.295480Z [INFO] webgcs: Monitoring test message 31
2025-09-09T16:34:32.295483Z [INFO] webgcs: Monitoring test message 32
2025-09-09T16:34:32.295488Z [INFO] webgcs: Monitoring test message 33
2025-09-09T16:34:32.295491Z [INFO] webgcs: Monitoring test message 34
2025-09-09T16:34:32.295495Z [INFO] webgcs: Monitoring test message 35
2025-09-09T16:34:32.295500Z [INFO] webgcs: Monitoring test message 36
2025-09-09T16:34:32.295503Z [INFO] webgcs: Monitoring test message 37
2025-09-09T16:34:32.295507Z [INFO] webgcs: Monitoring test message 38
2025-09-09T16:34:32.295510Z [INFO] webgcs: Monitoring test message 39
2025-09-09T16:34:32.295514Z [INFO] webgcs: Monitoring test message 40
2025-09-09T16:34:32.295517Z [INFO] webgcs: Monitoring test message 41
2025-09-09T16:34:32.295520Z [INFO] webgcs: Monitoring test message 42
2025-09-09T16:34:32.295524Z [INFO] webgcs: Monitoring test message 43
2025-09-09T16:34:32.295527Z [INFO] webgcs: Monitoring test message 44
2025-09-09T16:34:32.295531Z [INFO] webgcs: Monitoring test message 45
2025-09-09T16:34:32.295534Z [INFO] webgcs: Monitoring test message 46
2025-09-09T16:34:32.295537Z [INFO] webgcs: Monitoring test message 47
2025-09-09T16:34:32.295541Z [INFO] webgcs: Monitoring test message 48
2025-09-09T16:34:32.295544Z [INFO] webgcs: Monitoring test message 49
2025-09-09T16:34:32.306540Z [DEBUG] webgcs: Level DEBUG message 0
2025-09-09T16:34:32.320673Z [ERROR] webgcs: Global error test 0
2025-09-09T16:34:32.320693Z [INFO] webgcs: Global info test 2
2025-09-09T16:34:32.320697Z [INFO] webgcs: Global info test 3
2025-09-09T16:34:32.320701Z [INFO] webgcs: Global info test 4
2025-09-09T16:34:32.320706Z [INFO] global_test: Telemetry update
2025-09-09T16:34:32.320711Z [INFO] webgcs: Global info test 6
2025-09-09T16:34:32.320715Z [INFO] webgcs: Global info test 7
2025-09-09T16:34:32.320718Z [INFO] webgcs: Global info test 8
2025-09-09T16:34:32.320722Z [INFO] webgcs: Global info test 9
2025-09-09T16:34:32.320726Z [ERROR] webgcs: Global error test 10
2025-09-09T16:34:32.320730Z [INFO] webgcs: Global info test 11
2025-09-09T16:34:32.320734Z [INFO] webgcs: Global info test 12
2025-09-09T16:34:32.320737Z [INFO] webgcs: Global info test 13
2025-09-09T16:34:32.320741Z [INFO] webgcs: Global info test 14
2025-09-09T16:34:32.320745Z [INFO] global_test: Telemetry update
2025-09-09T16:34:32.320749Z [INFO] webgcs: Global info test 16
2025-09-09T16:34:32.320753Z [INFO] webgcs: Global info test 17
2025-09-09T16:34:32.320756Z [INFO] webgcs: Global info test 18
2025-09-09T16:34:32.320760Z [INFO] webgcs: Global info test 19
2025-09-09T16:34:32.320764Z [ERROR] webgcs: Global error test 20
2025-09-09T16:34:32.320768Z [INFO] webgcs: Global info test 21
2025-09-09T16:34:32.320771Z [INFO] webgcs: Global info test 22
2025-09-09T16:34:32.320775Z [INFO] webgcs: Global info test 23
2025-09-09T16:34:32.320781Z [INFO] webgcs: Global info test 24
2025-09-09T16:34:32.320785Z [INFO] global_test: Telemetry update
2025-09-09T16:34:32.320789Z [INFO] webgcs: Global info test 26
2025-09-09T16:34:32.320793Z [INFO] webgcs: Global info test 27
2025-09-09T16:34:32.320796Z [INFO] webgcs: Global info test 28
2025-09-09T16:34:32.320800Z [INFO] webgcs: Global info test 29
2025-09-09T16:34:32.320804Z [ERROR] webgcs: Global error test 30
2025-09-09T16:34:32.320809Z [INFO] webgcs: Global info test 31
2025-09-09T16:34:32.320813Z [INFO] webgcs: Global info test 32
2025-09-09T16:34:32.320819Z [INFO] webgcs: Global info test 33
2025-09-09T16:34:32.320823Z [INFO] webgcs: Global info test 34
2025-09-09T16:34:32.320829Z [INFO] global_test: Telemetry update
2025-09-09T16:34:32.320833Z [INFO] webgcs: Global info test 36
2025-09-09T16:34:32.320836Z [INFO] webgcs: Global info test 37
2025-09-09T16:34:32.320840Z [INFO] webgcs: Global info test 38
2025-09-09T16:34:32.320844Z [INFO] webgcs: Global info test 39
2025-09-09T16:34:32.320848Z [ERROR] webgcs: Global error test 40
2025-09-09T16:34:32.320852Z [INFO] webgcs: Global info test 41
2025-09-09T16:34:32.320855Z [INFO] webgcs: Global info test 42
2025-09-09T16:34:32.320859Z [INFO] webgcs: Global info test 43
2025-09-09T16:34:32.320863Z [INFO] webgcs: Global info test 44
2025-09-09T16:34:32.320866Z [INFO] global_test: Telemetry update
2025-09-09T16:34:32.320870Z [INFO] webgcs: Global info test 46
2025-09-09T16:34:32.320874Z [INFO] webgcs: Global info test 47
2025-09-09T16:34:32.320878Z [INFO] webgcs: Global info test 48
2025-09-09T16:34:32.320881Z [INFO] webgcs: Global info test 49
2025-09-09T16:34:32.332185Z [INFO] webgcs: Memory test batch 0 message 0
2025-09-09T16:34:32.354416Z [INFO] webgcs: Memory test batch 1 message 500
2025-09-09T16:34:32.354424Z [INFO] webgcs: Memory test batch 1 message 501
2025-09-09T16:34:32.377603Z [INFO] webgcs: Memory test batch 2 message 700
2025-09-09T16:34:32.377610Z [INFO] webgcs: Memory test batch 2 message 701
2025-09-09T16:34:32.377618Z [INFO] webgcs: Memory test batch 2 message 702
2025-09-09T16:34:32.377626Z [INFO] webgcs: Memory test batch 2 message 703
2025-09-09T16:34:32.377633Z [INFO] webgcs: Memory test batch 2 message 704
2025-09-09T16:34:32.440798Z [INFO] webgcs: Memory test batch 5 message 400
2025-09-09T16:34:32.440807Z [INFO] webgcs: Memory test batch 5 message 401
2025-09-09T16:34:32.462667Z [INFO] webgcs: Memory test batch 6 message 500
2025-09-09T16:34:32.485560Z [INFO] webgcs: Memory test batch 7 message 600
2025-09-09T16:34:32.506565Z [INFO] webgcs: Memory test batch 8 message 500
2025-09-09T16:34:32.529053Z [INFO] webgcs: Memory test batch 9 message 500
2025-09-09T16:34:32.588016Z [INFO] webgcs: Shutdown test message 0
2025-09-09T16:34:32.590359Z [INFO] webgcs: Warmup message
2025-09-09T16:34:32.591122Z [INFO] webgcs: Performance test message 91
2025-09-09T16:34:32.591126Z [INFO] webgcs: Performance test message 92
2025-09-09T16:34:32.591131Z [INFO] webgcs: Performance test message 93
2025-09-09T16:34:32.591135Z [INFO] webgcs: Performance test message 94
2025-09-09T16:34:32.591140Z [INFO] webgcs: Performance test message 95
2025-09-09T16:34:32.591144Z [INFO] webgcs: Performance test message 96
2025-09-09T16:34:32.591148Z [INFO] webgcs: Performance test message 97
2025-09-09T16:34:32.591153Z [INFO] webgcs: Performance test message 98
2025-09-09T16:34:32.591158Z [INFO] webgcs: Performance test message 99
2025-09-09T16:34:32.591117Z [INFO] webgcs: Performance test message 90
2025-09-09T16:34:32.591122Z [INFO] webgcs: Performance test message 91
2025-09-09T16:34:32.591126Z [INFO] webgcs: Performance test message 92
2025-09-09T16:34:32.591131Z [INFO] webgcs: Performance test message 93
2025-09-09T16:34:32.591135Z [INFO] webgcs: Performance test message 94
2025-09-09T16:34:32.591140Z [INFO] webgcs: Performance test message 95
2025-09-09T16:34:32.591144Z [INFO] webgcs: Performance test message 96
2025-09-09T16:34:32.591148Z [INFO] webgcs: Performance test message 97
2025-09-09T16:34:32.591153Z [INFO] webgcs: Performance test message 98
2025-09-09T16:34:32.591158Z [INFO] webgcs: Performance test message 99
2025-09-09T16:34:32.605244Z [INFO] webgcs: Burst test message 0
2025-09-09T16:34:32.629904Z [INFO] webgcs: Thread 0 message 0
2025-09-09T16:34:32.631779Z [INFO] webgcs: Thread 5 message 1
2025-09-09T16:34:32.631785Z [INFO] webgcs: Thread 5 message 2
2025-09-09T16:34:32.651255Z [INFO] telemetry: Telemetry update
2025-09-09T16:34:32.665506Z [INFO] webgcs: Monitoring test message 0
2025-09-09T16:34:32.665523Z [INFO] webgcs: Monitoring test message 1
2025-09-09T16:34:32.665529Z [INFO] webgcs: Monitoring test message 2
2025-09-09T16:34:32.665533Z [INFO] webgcs: Monitoring test message 3
2025-09-09T16:34:32.665537Z [INFO] webgcs: Monitoring test message 4
2025-09-09T16:34:32.665540Z [INFO] webgcs: Monitoring test message 5
2025-09-09T16:34:32.665544Z [INFO] webgcs: Monitoring test message 6
2025-09-09T16:34:32.665547Z [INFO] webgcs: Monitoring test message 7
2025-09-09T16:34:32.665551Z [INFO] webgcs: Monitoring test message 8
2025-09-09T16:34:32.665554Z [INFO] webgcs: Monitoring test message 9
2025-09-09T16:34:32.665558Z [INFO] webgcs: Monitoring test message 10
2025-09-09T16:34:32.665561Z [INFO] webgcs: Monitoring test message 11
2025-09-09T16:34:32.665564Z [INFO] webgcs: Monitoring test message 12
2025-09-09T16:34:32.665568Z [INFO] webgcs: Monitoring test message 13
2025-09-09T16:34:32.665571Z [INFO] webgcs: Monitoring test message 14
2025-09-09T16:34:32.665574Z [INFO] webgcs: Monitoring test message 15
2025-09-09T16:34:32.665578Z [INFO] webgcs: Monitoring test message 16
2025-09-09T16:34:32.665581Z [INFO] webgcs: Monitoring test message 17
2025-09-09T16:34:32.665584Z [INFO] webgcs: Monitoring test message 18
2025-09-09T16:34:32.665587Z [INFO] webgcs: Monitoring test message 19
2025-09-09T16:34:32.665591Z [INFO] webgcs: Monitoring test message 20
2025-09-09T16:34:32.665594Z [INFO] webgcs: Monitoring test message 21
2025-09-09T16:34:32.665597Z [INFO] webgcs: Monitoring test message 22
2025-09-09T16:34:32.665601Z [INFO] webgcs: Monitoring test message 23
2025-09-09T16:34:32.665604Z [INFO] webgcs: Monitoring test message 24
2025-09-09T16:34:32.665610Z [INFO] webgcs: Monitoring test message 25
2025-09-09T16:34:32.665614Z [INFO] webgcs: Monitoring test message 26
2025-09-09T16:34:32.665617Z [INFO] webgcs: Monitoring test message 27
2025-09-09T16:34:32.665620Z [INFO] webgcs: Monitoring test message 28
2025-09-09T16:34:32.665624Z [INFO] webgcs: Monitoring test message 29
2025-09-09T16:34:32.665627Z [INFO] webgcs: Monitoring test message 30
2025-09-09T16:34:32.665630Z [INFO] webgcs: Monitoring test message 31
2025-09-09T16:34:32.665634Z [INFO] webgcs: Monitoring test message 32
2025-09-09T16:34:32.665638Z [INFO] webgcs: Monitoring test message 33
2025-09-09T16:34:32.665641Z [INFO] webgcs: Monitoring test message 34
2025-09-09T16:34:32.665645Z [INFO] webgcs: Monitoring test message 35
2025-09-09T16:34:32.665648Z [INFO] webgcs: Monitoring test message 36
2025-09-09T16:34:32.665651Z [INFO] webgcs: Monitoring test message 37
2025-09-09T16:34:32.665655Z [INFO] webgcs: Monitoring test message 38
2025-09-09T16:34:32.665658Z [INFO] webgcs: Monitoring test message 39
2025-09-09T16:34:32.665662Z [INFO] webgcs: Monitoring test message 40
2025-09-09T16:34:32.665665Z [INFO] webgcs: Monitoring test message 41
2025-09-09T16:34:32.665669Z [INFO] webgcs: Monitoring test message 42
2025-09-09T16:34:32.665672Z [INFO] webgcs: Monitoring test message 43
2025-09-09T16:34:32.665676Z [INFO] webgcs: Monitoring test message 44
2025-09-09T16:34:32.665679Z [INFO] webgcs: Monitoring test message 45
2025-09-09T16:34:32.665682Z [INFO] webgcs: Monitoring test message 46
2025-09-09T16:34:32.665686Z [INFO] webgcs: Monitoring test message 47
2025-09-09T16:34:32.665689Z [INFO] webgcs: Monitoring test message 48
2025-09-09T16:34:32.665693Z [INFO] webgcs: Monitoring test message 49
2025-09-09T16:34:32.678967Z [DEBUG] webgcs: Level DEBUG message 0
2025-09-09T16:34:32.692067Z [INFO] webgcs: Global info test 1
2025-09-09T16:34:32.692075Z [INFO] webgcs: Global info test 2
2025-09-09T16:34:32.692080Z [INFO] webgcs: Global info test 3
2025-09-09T16:34:32.692084Z [INFO] webgcs: Global info test 4
2025-09-09T16:34:32.692088Z [INFO] global_test: Telemetry update
2025-09-09T16:34:32.692093Z [INFO] webgcs: Global info test 6
2025-09-09T16:34:32.692097Z [INFO] webgcs: Global info test 7
2025-09-09T16:34:32.692101Z [INFO] webgcs: Global info test 8
2025-09-09T16:34:32.692105Z [INFO] webgcs: Global info test 9
2025-09-09T16:34:32.692109Z [ERROR] webgcs: Global error test 10
2025-09-09T16:34:32.692113Z [INFO] webgcs: Global info test 11
2025-09-09T16:34:32.692117Z [INFO] webgcs: Global info test 12
2025-09-09T16:34:32.692121Z [INFO] webgcs: Global info test 13
2025-09-09T16:34:32.692126Z [INFO] webgcs: Global info test 14
2025-09-09T16:34:32.692131Z [INFO] global_test: Telemetry update
2025-09-09T16:34:32.692135Z [INFO] webgcs: Global info test 16
2025-09-09T16:34:32.692139Z [INFO] webgcs: Global info test 17
2025-09-09T16:34:32.692144Z [INFO] webgcs: Global info test 18
2025-09-09T16:34:32.692148Z [INFO] webgcs: Global info test 19
2025-09-09T16:34:32.692151Z [ERROR] webgcs: Global error test 20
2025-09-09T16:34:32.692155Z [INFO] webgcs: Global info test 21
2025-09-09T16:34:32.692159Z [INFO] webgcs: Global info test 22
2025-09-09T16:34:32.692163Z [INFO] webgcs: Global info test 23
2025-09-09T16:34:32.692167Z [INFO] webgcs: Global info test 24
2025-09-09T16:34:32.692171Z [INFO] global_test: Telemetry update
2025-09-09T16:34:32.692175Z [INFO] webgcs: Global info test 26
2025-09-09T16:34:32.692178Z [INFO] webgcs: Global info test 27
2025-09-09T16:34:32.692182Z [INFO] webgcs: Global info test 28
2025-09-09T16:34:32.692194Z [INFO] webgcs: Global info test 29
2025-09-09T16:34:32.692215Z [ERROR] webgcs: Global error test 30
2025-09-09T16:34:32.692222Z [INFO] webgcs: Global info test 31
2025-09-09T16:34:32.692227Z [INFO] webgcs: Global info test 32
2025-09-09T16:34:32.692231Z [INFO] webgcs: Global info test 33
2025-09-09T16:34:32.692235Z [INFO] webgcs: Global info test 34
2025-09-09T16:34:32.692240Z [INFO] global_test: Telemetry update
2025-09-09T16:34:32.692244Z [INFO] webgcs: Global info test 36
2025-09-09T16:34:32.692248Z [INFO] webgcs: Global info test 37
2025-09-09T16:34:32.692252Z [INFO] webgcs: Global info test 38
2025-09-09T16:34:32.692259Z [INFO] webgcs: Global info test 39
2025-09-09T16:34:32.692266Z [ERROR] webgcs: Global error test 40
2025-09-09T16:34:32.692271Z [INFO] webgcs: Global info test 41
2025-09-09T16:34:32.692275Z [INFO] webgcs: Global info test 42
2025-09-09T16:34:32.692279Z [INFO] webgcs: Global info test 43
2025-09-09T16:34:32.692283Z [INFO] webgcs: Global info test 44
2025-09-09T16:34:32.692287Z [INFO] global_test: Telemetry update
2025-09-09T16:34:32.692291Z [INFO] webgcs: Global info test 46
2025-09-09T16:34:32.692296Z [INFO] webgcs: Global info test 47
2025-09-09T16:34:32.692301Z [INFO] webgcs: Global info test 48
2025-09-09T16:34:32.692305Z [INFO] webgcs: Global info test 49
2025-09-09T16:34:32.705737Z [INFO] webgcs: Memory test batch 0 message 0
2025-09-09T16:34:32.726723Z [INFO] webgcs: Memory test batch 1 message 100
2025-09-09T16:34:32.755514Z [INFO] webgcs: Memory test batch 1 message 801
2025-09-09T16:34:32.774740Z [INFO] webgcs: Memory test batch 2 message 600
2025-09-09T16:34:32.795804Z [INFO] webgcs: Memory test batch 3 message 600
2025-09-09T16:34:32.817643Z [INFO] webgcs: Memory test batch 4 message 600
2025-09-09T16:34:32.863542Z [INFO] webgcs: Memory test batch 6 message 600
2025-09-09T16:34:32.885169Z [INFO] webgcs: Memory test batch 7 message 600
2025-09-09T16:34:32.885177Z [INFO] webgcs: Memory test batch 7 message 601
2025-09-09T16:34:32.885185Z [INFO] webgcs: Memory test batch 7 message 602
2025-09-09T16:34:32.885194Z [INFO] webgcs: Memory test batch 7 message 603
2025-09-09T16:34:32.885202Z [INFO] webgcs: Memory test batch 7 message 604
2025-09-09T16:34:32.885211Z [INFO] webgcs: Memory test batch 7 message 605
2025-09-09T16:34:32.984833Z [INFO] webgcs: Shutdown test message 0
2025-09-09T17:44:35.882762Z [INFO] webgcs: Warmup message
2025-09-09T17:44:35.883329Z [INFO] webgcs: Performance test message 91
2025-09-09T17:44:35.883333Z [INFO] webgcs: Performance test message 92
2025-09-09T17:44:35.883337Z [INFO] webgcs: Performance test message 93
2025-09-09T17:44:35.883341Z [INFO] webgcs: Performance test message 94
2025-09-09T17:44:35.883345Z [INFO] webgcs: Performance test message 95
2025-09-09T17:44:35.883349Z [INFO] webgcs: Performance test message 96
2025-09-09T17:44:35.883353Z [INFO] webgcs: Performance test message 97
2025-09-09T17:44:35.883357Z [INFO] webgcs: Performance test message 98
2025-09-09T17:44:35.883363Z [INFO] webgcs: Performance test message 99
2025-09-09T17:44:35.883326Z [INFO] webgcs: Performance test message 90
2025-09-09T17:44:35.883329Z [INFO] webgcs: Performance test message 91
2025-09-09T17:44:35.883333Z [INFO] webgcs: Performance test message 92
2025-09-09T17:44:35.883337Z [INFO] webgcs: Performance test message 93
2025-09-09T17:44:35.883341Z [INFO] webgcs: Performance test message 94
2025-09-09T17:44:35.883345Z [INFO] webgcs: Performance test message 95
2025-09-09T17:44:35.883349Z [INFO] webgcs: Performance test message 96
2025-09-09T17:44:35.883353Z [INFO] webgcs: Performance test message 97
2025-09-09T17:44:35.883357Z [INFO] webgcs: Performance test message 98
2025-09-09T17:44:35.883363Z [INFO] webgcs: Performance test message 99
2025-09-09T17:44:35.896801Z [INFO] webgcs: Burst test message 0
2025-09-09T17:44:35.917527Z [INFO] webgcs: Thread 0 message 0
2025-09-09T17:44:35.941303Z [INFO] telemetry: Telemetry update
2025-09-09T17:44:35.956016Z [INFO] webgcs: Monitoring test message 0
2025-09-09T17:44:35.956040Z [INFO] webgcs: Monitoring test message 1
2025-09-09T17:44:35.956046Z [INFO] webgcs: Monitoring test message 2
2025-09-09T17:44:35.956051Z [INFO] webgcs: Monitoring test message 3
2025-09-09T17:44:35.956055Z [INFO] webgcs: Monitoring test message 4
2025-09-09T17:44:35.956058Z [INFO] webgcs: Monitoring test message 5
2025-09-09T17:44:35.956062Z [INFO] webgcs: Monitoring test message 6
2025-09-09T17:44:35.956065Z [INFO] webgcs: Monitoring test message 7
2025-09-09T17:44:35.956069Z [INFO] webgcs: Monitoring test message 8
2025-09-09T17:44:35.956073Z [INFO] webgcs: Monitoring test message 9
2025-09-09T17:44:35.956076Z [INFO] webgcs: Monitoring test message 10
2025-09-09T17:44:35.956080Z [INFO] webgcs: Monitoring test message 11
2025-09-09T17:44:35.956083Z [INFO] webgcs: Monitoring test message 12
2025-09-09T17:44:35.956087Z [INFO] webgcs: Monitoring test message 13
2025-09-09T17:44:35.956091Z [INFO] webgcs: Monitoring test message 14
2025-09-09T17:44:35.956094Z [INFO] webgcs: Monitoring test message 15
2025-09-09T17:44:35.956098Z [INFO] webgcs: Monitoring test message 16
2025-09-09T17:44:35.956102Z [INFO] webgcs: Monitoring test message 17
2025-09-09T17:44:35.956105Z [INFO] webgcs: Monitoring test message 18
2025-09-09T17:44:35.956109Z [INFO] webgcs: Monitoring test message 19
2025-09-09T17:44:35.956112Z [INFO] webgcs: Monitoring test message 20
2025-09-09T17:44:35.956116Z [INFO] webgcs: Monitoring test message 21
2025-09-09T17:44:35.956119Z [INFO] webgcs: Monitoring test message 22
2025-09-09T17:44:35.956123Z [INFO] webgcs: Monitoring test message 23
2025-09-09T17:44:35.956126Z [INFO] webgcs: Monitoring test message 24
2025-09-09T17:44:35.956129Z [INFO] webgcs: Monitoring test message 25
2025-09-09T17:44:35.956133Z [INFO] webgcs: Monitoring test message 26
2025-09-09T17:44:35.956136Z [INFO] webgcs: Monitoring test message 27
2025-09-09T17:44:35.956140Z [INFO] webgcs: Monitoring test message 28
2025-09-09T17:44:35.956143Z [INFO] webgcs: Monitoring test message 29
2025-09-09T17:44:35.956147Z [INFO] webgcs: Monitoring test message 30
2025-09-09T17:44:35.956150Z [INFO] webgcs: Monitoring test message 31
2025-09-09T17:44:35.956154Z [INFO] webgcs: Monitoring test message 32
2025-09-09T17:44:35.956159Z [INFO] webgcs: Monitoring test message 33
2025-09-09T17:44:35.956162Z [INFO] webgcs: Monitoring test message 34
2025-09-09T17:44:35.956166Z [INFO] webgcs: Monitoring test message 35
2025-09-09T17:44:35.956177Z [INFO] webgcs: Monitoring test message 36
2025-09-09T17:44:35.956181Z [INFO] webgcs: Monitoring test message 37
2025-09-09T17:44:35.956185Z [INFO] webgcs: Monitoring test message 38
2025-09-09T17:44:35.956188Z [INFO] webgcs: Monitoring test message 39
2025-09-09T17:44:35.956192Z [INFO] webgcs: Monitoring test message 40
2025-09-09T17:44:35.956196Z [INFO] webgcs: Monitoring test message 41
2025-09-09T17:44:35.956201Z [INFO] webgcs: Monitoring test message 42
2025-09-09T17:44:35.956205Z [INFO] webgcs: Monitoring test message 43
2025-09-09T17:44:35.956208Z [INFO] webgcs: Monitoring test message 44
2025-09-09T17:44:35.956212Z [INFO] webgcs: Monitoring test message 45
2025-09-09T17:44:35.956216Z [INFO] webgcs: Monitoring test message 46
2025-09-09T17:44:35.956219Z [INFO] webgcs: Monitoring test message 47
2025-09-09T17:44:35.956223Z [INFO] webgcs: Monitoring test message 48
2025-09-09T17:44:35.956226Z [INFO] webgcs: Monitoring test message 49
2025-09-09T17:44:35.967894Z [DEBUG] webgcs: Level DEBUG message 0
2025-09-09T17:44:35.967919Z [DEBUG] webgcs: Level DEBUG message 1
2025-09-09T17:44:35.967927Z [DEBUG] webgcs: Level DEBUG message 2
2025-09-09T17:44:35.980476Z [ERROR] webgcs: Global error test 0
2025-09-09T17:44:35.980508Z [INFO] webgcs: Global info test 2
2025-09-09T17:44:35.980513Z [INFO] webgcs: Global info test 3
2025-09-09T17:44:35.980517Z [INFO] webgcs: Global info test 4
2025-09-09T17:44:35.980522Z [INFO] global_test: Telemetry update
2025-09-09T17:44:35.980526Z [INFO] webgcs: Global info test 6
2025-09-09T17:44:35.980530Z [INFO] webgcs: Global info test 7
2025-09-09T17:44:35.980534Z [INFO] webgcs: Global info test 8
2025-09-09T17:44:35.980538Z [INFO] webgcs: Global info test 9
2025-09-09T17:44:35.980542Z [ERROR] webgcs: Global error test 10
2025-09-09T17:44:35.980549Z [INFO] webgcs: Global info test 11
2025-09-09T17:44:35.980553Z [INFO] webgcs: Global info test 12
2025-09-09T17:44:35.980557Z [INFO] webgcs: Global info test 13
2025-09-09T17:44:35.980561Z [INFO] webgcs: Global info test 14
2025-09-09T17:44:35.980565Z [INFO] global_test: Telemetry update
2025-09-09T17:44:35.980569Z [INFO] webgcs: Global info test 16
2025-09-09T17:44:35.980573Z [INFO] webgcs: Global info test 17
2025-09-09T17:44:35.980576Z [INFO] webgcs: Global info test 18
2025-09-09T17:44:35.980580Z [INFO] webgcs: Global info test 19
2025-09-09T17:44:35.980584Z [ERROR] webgcs: Global error test 20
2025-09-09T17:44:35.980587Z [INFO] webgcs: Global info test 21
2025-09-09T17:44:35.980591Z [INFO] webgcs: Global info test 22
2025-09-09T17:44:35.980595Z [INFO] webgcs: Global info test 23
2025-09-09T17:44:35.980598Z [INFO] webgcs: Global info test 24
2025-09-09T17:44:35.980602Z [INFO] global_test: Telemetry update
2025-09-09T17:44:35.980606Z [INFO] webgcs: Global info test 26
2025-09-09T17:44:35.980610Z [INFO] webgcs: Global info test 27
2025-09-09T17:44:35.980613Z [INFO] webgcs: Global info test 28
2025-09-09T17:44:35.980617Z [INFO] webgcs: Global info test 29
2025-09-09T17:44:35.980620Z [ERROR] webgcs: Global error test 30
2025-09-09T17:44:35.980624Z [INFO] webgcs: Global info test 31
2025-09-09T17:44:35.980628Z [INFO] webgcs: Global info test 32
2025-09-09T17:44:35.980633Z [INFO] webgcs: Global info test 33
2025-09-09T17:44:35.980637Z [INFO] webgcs: Global info test 34
2025-09-09T17:44:35.980641Z [INFO] global_test: Telemetry update
2025-09-09T17:44:35.980644Z [INFO] webgcs: Global info test 36
2025-09-09T17:44:35.980648Z [INFO] webgcs: Global info test 37
2025-09-09T17:44:35.980651Z [INFO] webgcs: Global info test 38
2025-09-09T17:44:35.980655Z [INFO] webgcs: Global info test 39
2025-09-09T17:44:35.980660Z [ERROR] webgcs: Global error test 40
2025-09-09T17:44:35.980665Z [INFO] webgcs: Global info test 41
2025-09-09T17:44:35.980669Z [INFO] webgcs: Global info test 42
2025-09-09T17:44:35.980674Z [INFO] webgcs: Global info test 43
2025-09-09T17:44:35.980677Z [INFO] webgcs: Global info test 44
2025-09-09T17:44:35.980681Z [INFO] global_test: Telemetry update
2025-09-09T17:44:35.980685Z [INFO] webgcs: Global info test 46
2025-09-09T17:44:35.980688Z [INFO] webgcs: Global info test 47
2025-09-09T17:44:35.980692Z [INFO] webgcs: Global info test 48
2025-09-09T17:44:35.980696Z [INFO] webgcs: Global info test 49
2025-09-09T17:44:35.991849Z [INFO] webgcs: Memory test batch 0 message 0
2025-09-09T17:44:36.014531Z [INFO] webgcs: Memory test batch 1 message 500
2025-09-09T17:44:36.035066Z [INFO] webgcs: Memory test batch 2 message 500
2025-09-09T17:44:36.035074Z [INFO] webgcs: Memory test batch 2 message 501
2025-09-09T17:44:36.035082Z [INFO] webgcs: Memory test batch 2 message 502
2025-09-09T17:44:36.056868Z [INFO] webgcs: Memory test batch 3 message 500
2025-09-09T17:44:36.078471Z [INFO] webgcs: Memory test batch 4 message 600
2025-09-09T17:44:36.104919Z [INFO] webgcs: Memory test batch 5 message 700
2025-09-09T17:44:36.104937Z [INFO] webgcs: Memory test batch 5 message 701
2025-09-09T17:44:36.104947Z [INFO] webgcs: Memory test batch 5 message 702
2025-09-09T17:44:36.104955Z [INFO] webgcs: Memory test batch 5 message 703
2025-09-09T17:44:36.104964Z [INFO] webgcs: Memory test batch 5 message 704
2025-09-09T17:44:36.104972Z [INFO] webgcs: Memory test batch 5 message 705
2025-09-09T17:44:36.104980Z [INFO] webgcs: Memory test batch 5 message 706
2025-09-09T17:44:36.104988Z [INFO] webgcs: Memory test batch 5 message 707
2025-09-09T17:44:36.104996Z [INFO] webgcs: Memory test batch 5 message 708
2025-09-09T17:44:36.105014Z [INFO] webgcs: Memory test batch 5 message 709
2025-09-09T17:44:36.105023Z [INFO] webgcs: Memory test batch 5 message 710
2025-09-09T17:44:36.105031Z [INFO] webgcs: Memory test batch 5 message 711
2025-09-09T17:44:36.105039Z [INFO] webgcs: Memory test batch 5 message 712
2025-09-09T17:44:36.105047Z [INFO] webgcs: Memory test batch 5 message 713
2025-09-09T17:44:36.105057Z [INFO] webgcs: Memory test batch 5 message 714
2025-09-09T17:44:36.105072Z [INFO] webgcs: Memory test batch 5 message 715
2025-09-09T17:44:36.105081Z [INFO] webgcs: Memory test batch 5 message 716
2025-09-09T17:44:36.105089Z [INFO] webgcs: Memory test batch 5 message 717
2025-09-09T17:44:36.105097Z [INFO] webgcs: Memory test batch 5 message 718
2025-09-09T17:44:36.105107Z [INFO] webgcs: Memory test batch 5 message 719
2025-09-09T17:44:36.105115Z [INFO] webgcs: Memory test batch 5 message 720
2025-09-09T17:44:36.105123Z [INFO] webgcs: Memory test batch 5 message 721
2025-09-09T17:44:36.123860Z [INFO] webgcs: Memory test batch 6 message 400
2025-09-09T17:44:36.123868Z [INFO] webgcs: Memory test batch 6 message 401
2025-09-09T17:44:36.148569Z [INFO] webgcs: Memory test batch 7 message 400
2025-09-09T17:44:36.172567Z [INFO] webgcs: Memory test batch 8 message 700
2025-09-09T17:44:36.238987Z [INFO] webgcs: Shutdown test message 0
2025-09-09T17:44:36.240639Z [INFO] webgcs: Warmup message
2025-09-09T17:44:36.241027Z [INFO] webgcs: Performance test message 91
2025-09-09T17:44:36.241030Z [INFO] webgcs: Performance test message 92
2025-09-09T17:44:36.241034Z [INFO] webgcs: Performance test message 93
2025-09-09T17:44:36.241038Z [INFO] webgcs: Performance test message 94
2025-09-09T17:44:36.241042Z [INFO] webgcs: Performance test message 95
2025-09-09T17:44:36.241046Z [INFO] webgcs: Performance test message 96
2025-09-09T17:44:36.241050Z [INFO] webgcs: Performance test message 97
2025-09-09T17:44:36.241054Z [INFO] webgcs: Performance test message 98
2025-09-09T17:44:36.241058Z [INFO] webgcs: Performance test message 99
2025-09-09T17:44:36.241023Z [INFO] webgcs: Performance test message 90
2025-09-09T17:44:36.241027Z [INFO] webgcs: Performance test message 91
2025-09-09T17:44:36.241030Z [INFO] webgcs: Performance test message 92
2025-09-09T17:44:36.241034Z [INFO] webgcs: Performance test message 93
2025-09-09T17:44:36.241038Z [INFO] webgcs: Performance test message 94
2025-09-09T17:44:36.241042Z [INFO] webgcs: Performance test message 95
2025-09-09T17:44:36.241046Z [INFO] webgcs: Performance test message 96
2025-09-09T17:44:36.241050Z [INFO] webgcs: Performance test message 97
2025-09-09T17:44:36.241054Z [INFO] webgcs: Performance test message 98
2025-09-09T17:44:36.241058Z [INFO] webgcs: Performance test message 99
2025-09-09T17:44:36.254366Z [INFO] webgcs: Burst test message 0
2025-09-09T17:44:36.274808Z [INFO] webgcs: Thread 0 message 0
2025-09-09T17:44:36.278768Z [INFO] webgcs: Thread 6 message 0
2025-09-09T17:44:36.319981Z [INFO] telemetry: Telemetry update
2025-09-09T17:44:36.332887Z [INFO] webgcs: Monitoring test message 0
2025-09-09T17:44:36.332910Z [INFO] webgcs: Monitoring test message 1
2025-09-09T17:44:36.332917Z [INFO] webgcs: Monitoring test message 2
2025-09-09T17:44:36.332922Z [INFO] webgcs: Monitoring test message 3
2025-09-09T17:44:36.332926Z [INFO] webgcs: Monitoring test message 4
2025-09-09T17:44:36.332930Z [INFO] webgcs: Monitoring test message 5
2025-09-09T17:44:36.332934Z [INFO] webgcs: Monitoring test message 6
2025-09-09T17:44:36.332937Z [INFO] webgcs: Monitoring test message 7
2025-09-09T17:44:36.332941Z [INFO] webgcs: Monitoring test message 8
2025-09-09T17:44:36.332944Z [INFO] webgcs: Monitoring test message 9
2025-09-09T17:44:36.332948Z [INFO] webgcs: Monitoring test message 10
2025-09-09T17:44:36.332951Z [INFO] webgcs: Monitoring test message 11
2025-09-09T17:44:36.332954Z [INFO] webgcs: Monitoring test message 12
2025-09-09T17:44:36.332957Z [INFO] webgcs: Monitoring test message 13
2025-09-09T17:44:36.332963Z [INFO] webgcs: Monitoring test message 14
2025-09-09T17:44:36.332967Z [INFO] webgcs: Monitoring test message 15
2025-09-09T17:44:36.332971Z [INFO] webgcs: Monitoring test message 16
2025-09-09T17:44:36.332974Z [INFO] webgcs: Monitoring test message 17
2025-09-09T17:44:36.332978Z [INFO] webgcs: Monitoring test message 18
2025-09-09T17:44:36.332981Z [INFO] webgcs: Monitoring test message 19
2025-09-09T17:44:36.332984Z [INFO] webgcs: Monitoring test message 20
2025-09-09T17:44:36.332988Z [INFO] webgcs: Monitoring test message 21
2025-09-09T17:44:36.332991Z [INFO] webgcs: Monitoring test message 22
2025-09-09T17:44:36.332994Z [INFO] webgcs: Monitoring test message 23
2025-09-09T17:44:36.332998Z [INFO] webgcs: Monitoring test message 24
2025-09-09T17:44:36.333001Z [INFO] webgcs: Monitoring test message 25
2025-09-09T17:44:36.333005Z [INFO] webgcs: Monitoring test message 26
2025-09-09T17:44:36.333008Z [INFO] webgcs: Monitoring test message 27
2025-09-09T17:44:36.333011Z [INFO] webgcs: Monitoring test message 28
2025-09-09T17:44:36.333015Z [INFO] webgcs: Monitoring test message 29
2025-09-09T17:44:36.333018Z [INFO] webgcs: Monitoring test message 30
2025-09-09T17:44:36.333021Z [INFO] webgcs: Monitoring test message 31
2025-09-09T17:44:36.333025Z [INFO] webgcs: Monitoring test message 32
2025-09-09T17:44:36.333030Z [INFO] webgcs: Monitoring test message 33
2025-09-09T17:44:36.333033Z [INFO] webgcs: Monitoring test message 34
2025-09-09T17:44:36.333037Z [INFO] webgcs: Monitoring test message 35
2025-09-09T17:44:36.333040Z [INFO] webgcs: Monitoring test message 36
2025-09-09T17:44:36.333043Z [INFO] webgcs: Monitoring test message 37
2025-09-09T17:44:36.333047Z [INFO] webgcs: Monitoring test message 38
2025-09-09T17:44:36.333050Z [INFO] webgcs: Monitoring test message 39
2025-09-09T17:44:36.333054Z [INFO] webgcs: Monitoring test message 40
2025-09-09T17:44:36.333058Z [INFO] webgcs: Monitoring test message 41
2025-09-09T17:44:36.333061Z [INFO] webgcs: Monitoring test message 42
2025-09-09T17:44:36.333065Z [INFO] webgcs: Monitoring test message 43
2025-09-09T17:44:36.333068Z [INFO] webgcs: Monitoring test message 44
2025-09-09T17:44:36.333072Z [INFO] webgcs: Monitoring test message 45
2025-09-09T17:44:36.333075Z [INFO] webgcs: Monitoring test message 46
2025-09-09T17:44:36.333078Z [INFO] webgcs: Monitoring test message 47
2025-09-09T17:44:36.333082Z [INFO] webgcs: Monitoring test message 48
2025-09-09T17:44:36.333085Z [INFO] webgcs: Monitoring test message 49
2025-09-09T17:44:36.344253Z [DEBUG] webgcs: Level DEBUG message 0
2025-09-09T17:44:36.358676Z [INFO] webgcs: Global info test 1
2025-09-09T17:44:36.358682Z [INFO] webgcs: Global info test 2
2025-09-09T17:44:36.358690Z [INFO] webgcs: Global info test 3
2025-09-09T17:44:36.358695Z [INFO] webgcs: Global info test 4
2025-09-09T17:44:36.358699Z [INFO] global_test: Telemetry update
2025-09-09T17:44:36.358704Z [INFO] webgcs: Global info test 6
2025-09-09T17:44:36.358708Z [INFO] webgcs: Global info test 7
2025-09-09T17:44:36.358712Z [INFO] webgcs: Global info test 8
2025-09-09T17:44:36.358718Z [INFO] webgcs: Global info test 9
2025-09-09T17:44:36.358723Z [ERROR] webgcs: Global error test 10
2025-09-09T17:44:36.358727Z [INFO] webgcs: Global info test 11
2025-09-09T17:44:36.358730Z [INFO] webgcs: Global info test 12
2025-09-09T17:44:36.358734Z [INFO] webgcs: Global info test 13
2025-09-09T17:44:36.358738Z [INFO] webgcs: Global info test 14
2025-09-09T17:44:36.358742Z [INFO] global_test: Telemetry update
2025-09-09T17:44:36.358746Z [INFO] webgcs: Global info test 16
2025-09-09T17:44:36.358750Z [INFO] webgcs: Global info test 17
2025-09-09T17:44:36.358754Z [INFO] webgcs: Global info test 18
2025-09-09T17:44:36.358758Z [INFO] webgcs: Global info test 19
2025-09-09T17:44:36.358761Z [ERROR] webgcs: Global error test 20
2025-09-09T17:44:36.358765Z [INFO] webgcs: Global info test 21
2025-09-09T17:44:36.358769Z [INFO] webgcs: Global info test 22
2025-09-09T17:44:36.358773Z [INFO] webgcs: Global info test 23
2025-09-09T17:44:36.358777Z [INFO] webgcs: Global info test 24
2025-09-09T17:44:36.358781Z [INFO] global_test: Telemetry update
2025-09-09T17:44:36.358785Z [INFO] webgcs: Global info test 26
2025-09-09T17:44:36.358789Z [INFO] webgcs: Global info test 27
2025-09-09T17:44:36.358792Z [INFO] webgcs: Global info test 28
2025-09-09T17:44:36.358796Z [INFO] webgcs: Global info test 29
2025-09-09T17:44:36.358800Z [ERROR] webgcs: Global error test 30
2025-09-09T17:44:36.358804Z [INFO] webgcs: Global info test 31
2025-09-09T17:44:36.358808Z [INFO] webgcs: Global info test 32
2025-09-09T17:44:36.358812Z [INFO] webgcs: Global info test 33
2025-09-09T17:44:36.358816Z [INFO] webgcs: Global info test 34
2025-09-09T17:44:36.358820Z [INFO] global_test: Telemetry update
2025-09-09T17:44:36.358824Z [INFO] webgcs: Global info test 36
2025-09-09T17:44:36.358828Z [INFO] webgcs: Global info test 37
2025-09-09T17:44:36.358831Z [INFO] webgcs: Global info test 38
2025-09-09T17:44:36.358835Z [INFO] webgcs: Global info test 39
2025-09-09T17:44:36.358839Z [ERROR] webgcs: Global error test 40
2025-09-09T17:44:36.358843Z [INFO] webgcs: Global info test 41
2025-09-09T17:44:36.358847Z [INFO] webgcs: Global info test 42
2025-09-09T17:44:36.358851Z [INFO] webgcs: Global info test 43
2025-09-09T17:44:36.358858Z [INFO] webgcs: Global info test 44
2025-09-09T17:44:36.358862Z [INFO] global_test: Telemetry update
2025-09-09T17:44:36.358866Z [INFO] webgcs: Global info test 46
2025-09-09T17:44:36.358870Z [INFO] webgcs: Global info test 47
2025-09-09T17:44:36.358877Z [INFO] webgcs: Global info test 48
2025-09-09T17:44:36.358882Z [INFO] webgcs: Global info test 49
2025-09-09T17:44:36.371320Z [INFO] webgcs: Memory test batch 0 message 0
2025-09-09T17:44:36.396132Z [INFO] webgcs: Memory test batch 1 message 700
2025-09-09T17:44:36.417012Z [INFO] webgcs: Memory test batch 2 message 600
2025-09-09T17:44:36.438275Z [INFO] webgcs: Memory test batch 3 message 500
2025-09-09T17:44:36.460560Z [INFO] webgcs: Memory test batch 4 message 600
2025-09-09T17:44:36.481096Z [INFO] webgcs: Memory test batch 5 message 700
2025-09-09T17:44:36.518489Z [INFO] webgcs: Memory test batch 7 message 400
2025-09-09T17:44:36.539457Z [INFO] webgcs: Memory test batch 8 message 600
2025-09-09T17:44:36.560197Z [INFO] webgcs: Memory test batch 9 message 500
2025-09-09T17:44:36.607087Z [INFO] webgcs: Shutdown test message 0
2025-09-09T17:46:12.580637Z [INFO] webgcs: Warmup message
2025-09-09T17:46:12.581188Z [INFO] webgcs: Performance test message 91
2025-09-09T17:46:12.581191Z [INFO] webgcs: Performance test message 92
2025-09-09T17:46:12.581195Z [INFO] webgcs: Performance test message 93
2025-09-09T17:46:12.581199Z [INFO] webgcs: Performance test message 94
2025-09-09T17:46:12.581203Z [INFO] webgcs: Performance test message 95
2025-09-09T17:46:12.581207Z [INFO] webgcs: Performance test message 96
2025-09-09T17:46:12.581211Z [INFO] webgcs: Performance test message 97
2025-09-09T17:46:12.581215Z [INFO] webgcs: Performance test message 98
2025-09-09T17:46:12.581219Z [INFO] webgcs: Performance test message 99
2025-09-09T17:46:12.581184Z [INFO] webgcs: Performance test message 90
2025-09-09T17:46:12.581188Z [INFO] webgcs: Performance test message 91
2025-09-09T17:46:12.581191Z [INFO] webgcs: Performance test message 92
2025-09-09T17:46:12.581195Z [INFO] webgcs: Performance test message 93
2025-09-09T17:46:12.581199Z [INFO] webgcs: Performance test message 94
2025-09-09T17:46:12.581203Z [INFO] webgcs: Performance test message 95
2025-09-09T17:46:12.581207Z [INFO] webgcs: Performance test message 96
2025-09-09T17:46:12.581211Z [INFO] webgcs: Performance test message 97
2025-09-09T17:46:12.581215Z [INFO] webgcs: Performance test message 98
2025-09-09T17:46:12.581219Z [INFO] webgcs: Performance test message 99
2025-09-09T17:46:12.594558Z [INFO] webgcs: Burst test message 0
2025-09-09T17:46:12.620393Z [INFO] webgcs: Thread 0 message 0
2025-09-09T17:46:12.646182Z [INFO] telemetry: Telemetry update
2025-09-09T17:46:12.658322Z [INFO] webgcs: Monitoring test message 0
2025-09-09T17:46:12.658335Z [INFO] webgcs: Monitoring test message 1
2025-09-09T17:46:12.658341Z [INFO] webgcs: Monitoring test message 2
2025-09-09T17:46:12.658345Z [INFO] webgcs: Monitoring test message 3
2025-09-09T17:46:12.658349Z [INFO] webgcs: Monitoring test message 4
2025-09-09T17:46:12.658353Z [INFO] webgcs: Monitoring test message 5
2025-09-09T17:46:12.658356Z [INFO] webgcs: Monitoring test message 6
2025-09-09T17:46:12.658359Z [INFO] webgcs: Monitoring test message 7
2025-09-09T17:46:12.658363Z [INFO] webgcs: Monitoring test message 8
2025-09-09T17:46:12.658366Z [INFO] webgcs: Monitoring test message 9
2025-09-09T17:46:12.658370Z [INFO] webgcs: Monitoring test message 10
2025-09-09T17:46:12.658373Z [INFO] webgcs: Monitoring test message 11
2025-09-09T17:46:12.658376Z [INFO] webgcs: Monitoring test message 12
2025-09-09T17:46:12.658382Z [INFO] webgcs: Monitoring test message 13
2025-09-09T17:46:12.658385Z [INFO] webgcs: Monitoring test message 14
2025-09-09T17:46:12.658389Z [INFO] webgcs: Monitoring test message 15
2025-09-09T17:46:12.658392Z [INFO] webgcs: Monitoring test message 16
2025-09-09T17:46:12.658396Z [INFO] webgcs: Monitoring test message 17
2025-09-09T17:46:12.658399Z [INFO] webgcs: Monitoring test message 18
2025-09-09T17:46:12.658402Z [INFO] webgcs: Monitoring test message 19
2025-09-09T17:46:12.658406Z [INFO] webgcs: Monitoring test message 20
2025-09-09T17:46:12.658409Z [INFO] webgcs: Monitoring test message 21
2025-09-09T17:46:12.658412Z [INFO] webgcs: Monitoring test message 22
2025-09-09T17:46:12.658415Z [INFO] webgcs: Monitoring test message 23
2025-09-09T17:46:12.658419Z [INFO] webgcs: Monitoring test message 24
2025-09-09T17:46:12.658422Z [INFO] webgcs: Monitoring test message 25
2025-09-09T17:46:12.658425Z [INFO] webgcs: Monitoring test message 26
2025-09-09T17:46:12.658428Z [INFO] webgcs: Monitoring test message 27
2025-09-09T17:46:12.658432Z [INFO] webgcs: Monitoring test message 28
2025-09-09T17:46:12.658435Z [INFO] webgcs: Monitoring test message 29
2025-09-09T17:46:12.658438Z [INFO] webgcs: Monitoring test message 30
2025-09-09T17:46:12.658442Z [INFO] webgcs: Monitoring test message 31
2025-09-09T17:46:12.658445Z [INFO] webgcs: Monitoring test message 32
2025-09-09T17:46:12.658449Z [INFO] webgcs: Monitoring test message 33
2025-09-09T17:46:12.658452Z [INFO] webgcs: Monitoring test message 34
2025-09-09T17:46:12.658458Z [INFO] webgcs: Monitoring test message 35
2025-09-09T17:46:12.658466Z [INFO] webgcs: Monitoring test message 36
2025-09-09T17:46:12.658470Z [INFO] webgcs: Monitoring test message 37
2025-09-09T17:46:12.658473Z [INFO] webgcs: Monitoring test message 38
2025-09-09T17:46:12.658476Z [INFO] webgcs: Monitoring test message 39
2025-09-09T17:46:12.658480Z [INFO] webgcs: Monitoring test message 40
2025-09-09T17:46:12.658483Z [INFO] webgcs: Monitoring test message 41
2025-09-09T17:46:12.658486Z [INFO] webgcs: Monitoring test message 42
2025-09-09T17:46:12.658494Z [INFO] webgcs: Monitoring test message 43
2025-09-09T17:46:12.658498Z [INFO] webgcs: Monitoring test message 44
2025-09-09T17:46:12.658501Z [INFO] webgcs: Monitoring test message 45
2025-09-09T17:46:12.658504Z [INFO] webgcs: Monitoring test message 46
2025-09-09T17:46:12.658508Z [INFO] webgcs: Monitoring test message 47
2025-09-09T17:46:12.658511Z [INFO] webgcs: Monitoring test message 48
2025-09-09T17:46:12.658515Z [INFO] webgcs: Monitoring test message 49
2025-09-09T17:46:12.670682Z [DEBUG] webgcs: Level DEBUG message 0
2025-09-09T17:46:12.670695Z [DEBUG] webgcs: Level DEBUG message 1
2025-09-09T17:46:12.670701Z [DEBUG] webgcs: Level DEBUG message 2
2025-09-09T17:46:12.670705Z [DEBUG] webgcs: Level DEBUG message 3
2025-09-09T17:46:12.670710Z [DEBUG] webgcs: Level DEBUG message 4
2025-09-09T17:46:12.670714Z [DEBUG] webgcs: Level DEBUG message 5
2025-09-09T17:46:12.670717Z [DEBUG] webgcs: Level DEBUG message 6
2025-09-09T17:46:12.670721Z [DEBUG] webgcs: Level DEBUG message 7
2025-09-09T17:46:12.670725Z [DEBUG] webgcs: Level DEBUG message 8
2025-09-09T17:46:12.670729Z [DEBUG] webgcs: Level DEBUG message 9
2025-09-09T17:46:12.670732Z [DEBUG] webgcs: Level DEBUG message 10
2025-09-09T17:46:12.670736Z [DEBUG] webgcs: Level DEBUG message 11
2025-09-09T17:46:12.670740Z [DEBUG] webgcs: Level DEBUG message 12
2025-09-09T17:46:12.670743Z [DEBUG] webgcs: Level DEBUG message 13
2025-09-09T17:46:12.670747Z [DEBUG] webgcs: Level DEBUG message 14
2025-09-09T17:46:12.670751Z [DEBUG] webgcs: Level DEBUG message 15
2025-09-09T17:46:12.670757Z [DEBUG] webgcs: Level DEBUG message 16
2025-09-09T17:46:12.670761Z [DEBUG] webgcs: Level DEBUG message 17
2025-09-09T17:46:12.670765Z [DEBUG] webgcs: Level DEBUG message 18
2025-09-09T17:46:12.670768Z [DEBUG] webgcs: Level DEBUG message 19
2025-09-09T17:46:12.670827Z [INFO] webgcs: Level INFO message 0
2025-09-09T17:46:12.670833Z [INFO] webgcs: Level INFO message 1
2025-09-09T17:46:12.670837Z [INFO] webgcs: Level INFO message 2
2025-09-09T17:46:12.670841Z [INFO] webgcs: Level INFO message 3
2025-09-09T17:46:12.670845Z [INFO] webgcs: Level INFO message 4
2025-09-09T17:46:12.670849Z [INFO] webgcs: Level INFO message 5
2025-09-09T17:46:12.670852Z [INFO] webgcs: Level INFO message 6
2025-09-09T17:46:12.670856Z [INFO] webgcs: Level INFO message 7
2025-09-09T17:46:12.670860Z [INFO] webgcs: Level INFO message 8
2025-09-09T17:46:12.670863Z [INFO] webgcs: Level INFO message 9
2025-09-09T17:46:12.670869Z [INFO] webgcs: Level INFO message 10
2025-09-09T17:46:12.670873Z [INFO] webgcs: Level INFO message 11
2025-09-09T17:46:12.670879Z [INFO] webgcs: Level INFO message 12
2025-09-09T17:46:12.670883Z [INFO] webgcs: Level INFO message 13
2025-09-09T17:46:12.670887Z [INFO] webgcs: Level INFO message 14
2025-09-09T17:46:12.670892Z [INFO] webgcs: Level INFO message 15
2025-09-09T17:46:12.670896Z [INFO] webgcs: Level INFO message 16
2025-09-09T17:46:12.670900Z [INFO] webgcs: Level INFO message 17
2025-09-09T17:46:12.670904Z [INFO] webgcs: Level INFO message 18
2025-09-09T17:46:12.670908Z [INFO] webgcs: Level INFO message 19
2025-09-09T17:46:12.670985Z [WARNING] webgcs: Level WARNING message 0
2025-09-09T17:46:12.672510Z [ERROR] webgcs: Global error test 0
2025-09-09T17:46:12.672537Z [INFO] webgcs: Global info test 2
2025-09-09T17:46:12.672541Z [INFO] webgcs: Global info test 3
2025-09-09T17:46:12.672545Z [INFO] webgcs: Global info test 4
2025-09-09T17:46:12.672550Z [INFO] global_test: Telemetry update
2025-09-09T17:46:12.672554Z [INFO] webgcs: Global info test 6
2025-09-09T17:46:12.672558Z [INFO] webgcs: Global info test 7
2025-09-09T17:46:12.672561Z [INFO] webgcs: Global info test 8
2025-09-09T17:46:12.672565Z [INFO] webgcs: Global info test 9
2025-09-09T17:46:12.672569Z [ERROR] webgcs: Global error test 10
2025-09-09T17:46:12.672575Z [INFO] webgcs: Global info test 11
2025-09-09T17:46:12.672579Z [INFO] webgcs: Global info test 12
2025-09-09T17:46:12.672583Z [INFO] webgcs: Global info test 13
2025-09-09T17:46:12.672587Z [INFO] webgcs: Global info test 14
2025-09-09T17:46:12.672591Z [INFO] global_test: Telemetry update
2025-09-09T17:46:12.672595Z [INFO] webgcs: Global info test 16
2025-09-09T17:46:12.672599Z [INFO] webgcs: Global info test 17
2025-09-09T17:46:12.672602Z [INFO] webgcs: Global info test 18
2025-09-09T17:46:12.672606Z [INFO] webgcs: Global info test 19
2025-09-09T17:46:12.672609Z [ERROR] webgcs: Global error test 20
2025-09-09T17:46:12.672613Z [INFO] webgcs: Global info test 21
2025-09-09T17:46:12.672616Z [INFO] webgcs: Global info test 22
2025-09-09T17:46:12.672620Z [INFO] webgcs: Global info test 23
2025-09-09T17:46:12.672624Z [INFO] webgcs: Global info test 24
2025-09-09T17:46:12.672628Z [INFO] global_test: Telemetry update
2025-09-09T17:46:12.672631Z [INFO] webgcs: Global info test 26
2025-09-09T17:46:12.672635Z [INFO] webgcs: Global info test 27
2025-09-09T17:46:12.672639Z [INFO] webgcs: Global info test 28
2025-09-09T17:46:12.672642Z [INFO] webgcs: Global info test 29
2025-09-09T17:46:12.672646Z [ERROR] webgcs: Global error test 30
2025-09-09T17:46:12.672650Z [INFO] webgcs: Global info test 31
2025-09-09T17:46:12.672653Z [INFO] webgcs: Global info test 32
2025-09-09T17:46:12.672658Z [INFO] webgcs: Global info test 33
2025-09-09T17:46:12.672661Z [INFO] webgcs: Global info test 34
2025-09-09T17:46:12.672665Z [INFO] global_test: Telemetry update
2025-09-09T17:46:12.672669Z [INFO] webgcs: Global info test 36
2025-09-09T17:46:12.672672Z [INFO] webgcs: Global info test 37
2025-09-09T17:46:12.672676Z [INFO] webgcs: Global info test 38
2025-09-09T17:46:12.672680Z [INFO] webgcs: Global info test 39
2025-09-09T17:46:12.672683Z [ERROR] webgcs: Global error test 40
2025-09-09T17:46:12.672689Z [INFO] webgcs: Global info test 41
2025-09-09T17:46:12.672692Z [INFO] webgcs: Global info test 42
2025-09-09T17:46:12.672696Z [INFO] webgcs: Global info test 43
2025-09-09T17:46:12.672700Z [INFO] webgcs: Global info test 44
2025-09-09T17:46:12.672703Z [INFO] global_test: Telemetry update
2025-09-09T17:46:12.672707Z [INFO] webgcs: Global info test 46
2025-09-09T17:46:12.672711Z [INFO] webgcs: Global info test 47
2025-09-09T17:46:12.672715Z [INFO] webgcs: Global info test 48
2025-09-09T17:46:12.672718Z [INFO] webgcs: Global info test 49
2025-09-09T17:46:12.684924Z [INFO] webgcs: Memory test batch 0 message 0
2025-09-09T17:46:12.707086Z [INFO] webgcs: Memory test batch 1 message 500
2025-09-09T17:46:12.728703Z [INFO] webgcs: Memory test batch 2 message 600
2025-09-09T17:46:12.749326Z [INFO] webgcs: Memory test batch 3 message 400
2025-09-09T17:46:12.789417Z [INFO] webgcs: Memory test batch 5 message 700
2025-09-09T17:46:12.809892Z [INFO] webgcs: Memory test batch 6 message 700
2025-09-09T17:46:12.828889Z [INFO] webgcs: Memory test batch 7 message 300
2025-09-09T17:46:12.919969Z [INFO] webgcs: Shutdown test message 0
2025-09-09T17:46:12.921602Z [INFO] webgcs: Warmup message
2025-09-09T17:46:12.922002Z [INFO] webgcs: Performance test message 91
2025-09-09T17:46:12.922006Z [INFO] webgcs: Performance test message 92
2025-09-09T17:46:12.922010Z [INFO] webgcs: Performance test message 93
2025-09-09T17:46:12.922014Z [INFO] webgcs: Performance test message 94
2025-09-09T17:46:12.922018Z [INFO] webgcs: Performance test message 95
2025-09-09T17:46:12.922021Z [INFO] webgcs: Performance test message 96
2025-09-09T17:46:12.922025Z [INFO] webgcs: Performance test message 97
2025-09-09T17:46:12.922030Z [INFO] webgcs: Performance test message 98
2025-09-09T17:46:12.922034Z [INFO] webgcs: Performance test message 99
2025-09-09T17:46:12.921998Z [INFO] webgcs: Performance test message 90
2025-09-09T17:46:12.922002Z [INFO] webgcs: Performance test message 91
2025-09-09T17:46:12.922006Z [INFO] webgcs: Performance test message 92
2025-09-09T17:46:12.922010Z [INFO] webgcs: Performance test message 93
2025-09-09T17:46:12.922014Z [INFO] webgcs: Performance test message 94
2025-09-09T17:46:12.922018Z [INFO] webgcs: Performance test message 95
2025-09-09T17:46:12.922021Z [INFO] webgcs: Performance test message 96
2025-09-09T17:46:12.922025Z [INFO] webgcs: Performance test message 97
2025-09-09T17:46:12.922030Z [INFO] webgcs: Performance test message 98
2025-09-09T17:46:12.922034Z [INFO] webgcs: Performance test message 99
2025-09-09T17:46:12.933975Z [INFO] webgcs: Burst test message 0
2025-09-09T17:46:12.956123Z [INFO] webgcs: Thread 0 message 0
2025-09-09T17:46:12.958330Z [INFO] webgcs: Thread 3 message 0
2025-09-09T17:46:12.958342Z [INFO] webgcs: Thread 3 message 1
2025-09-09T17:46:12.958348Z [INFO] webgcs: Thread 3 message 2
2025-09-09T17:46:12.958354Z [INFO] webgcs: Thread 3 message 3
2025-09-09T17:46:12.958359Z [INFO] webgcs: Thread 3 message 4
2025-09-09T17:46:13.009510Z [INFO] telemetry: Telemetry update
2025-09-09T17:46:13.021713Z [INFO] webgcs: Monitoring test message 0
2025-09-09T17:46:13.021730Z [INFO] webgcs: Monitoring test message 1
2025-09-09T17:46:13.021736Z [INFO] webgcs: Monitoring test message 2
2025-09-09T17:46:13.021744Z [INFO] webgcs: Monitoring test message 3
2025-09-09T17:46:13.021748Z [INFO] webgcs: Monitoring test message 4
2025-09-09T17:46:13.021751Z [INFO] webgcs: Monitoring test message 5
2025-09-09T17:46:13.021755Z [INFO] webgcs: Monitoring test message 6
2025-09-09T17:46:13.021758Z [INFO] webgcs: Monitoring test message 7
2025-09-09T17:46:13.021762Z [INFO] webgcs: Monitoring test message 8
2025-09-09T17:46:13.021765Z [INFO] webgcs: Monitoring test message 9
2025-09-09T17:46:13.021769Z [INFO] webgcs: Monitoring test message 10
2025-09-09T17:46:13.021773Z [INFO] webgcs: Monitoring test message 11
2025-09-09T17:46:13.021777Z [INFO] webgcs: Monitoring test message 12
2025-09-09T17:46:13.021780Z [INFO] webgcs: Monitoring test message 13
2025-09-09T17:46:13.021785Z [INFO] webgcs: Monitoring test message 14
2025-09-09T17:46:13.021789Z [INFO] webgcs: Monitoring test message 15
2025-09-09T17:46:13.021793Z [INFO] webgcs: Monitoring test message 16
2025-09-09T17:46:13.021797Z [INFO] webgcs: Monitoring test message 17
2025-09-09T17:46:13.021800Z [INFO] webgcs: Monitoring test message 18
2025-09-09T17:46:13.021803Z [INFO] webgcs: Monitoring test message 19
2025-09-09T17:46:13.021807Z [INFO] webgcs: Monitoring test message 20
2025-09-09T17:46:13.021810Z [INFO] webgcs: Monitoring test message 21
2025-09-09T17:46:13.021814Z [INFO] webgcs: Monitoring test message 22
2025-09-09T17:46:13.021817Z [INFO] webgcs: Monitoring test message 23
2025-09-09T17:46:13.021820Z [INFO] webgcs: Monitoring test message 24
2025-09-09T17:46:13.021824Z [INFO] webgcs: Monitoring test message 25
2025-09-09T17:46:13.021827Z [INFO] webgcs: Monitoring test message 26
2025-09-09T17:46:13.021830Z [INFO] webgcs: Monitoring test message 27
2025-09-09T17:46:13.021834Z [INFO] webgcs: Monitoring test message 28
2025-09-09T17:46:13.021837Z [INFO] webgcs: Monitoring test message 29
2025-09-09T17:46:13.021841Z [INFO] webgcs: Monitoring test message 30
2025-09-09T17:46:13.021844Z [INFO] webgcs: Monitoring test message 31
2025-09-09T17:46:13.021848Z [INFO] webgcs: Monitoring test message 32
2025-09-09T17:46:13.021852Z [INFO] webgcs: Monitoring test message 33
2025-09-09T17:46:13.021856Z [INFO] webgcs: Monitoring test message 34
2025-09-09T17:46:13.021859Z [INFO] webgcs: Monitoring test message 35
2025-09-09T17:46:13.021863Z [INFO] webgcs: Monitoring test message 36
2025-09-09T17:46:13.021866Z [INFO] webgcs: Monitoring test message 37
2025-09-09T17:46:13.021870Z [INFO] webgcs: Monitoring test message 38
2025-09-09T17:46:13.021873Z [INFO] webgcs: Monitoring test message 39
2025-09-09T17:46:13.021877Z [INFO] webgcs: Monitoring test message 40
2025-09-09T17:46:13.021880Z [INFO] webgcs: Monitoring test message 41
2025-09-09T17:46:13.021883Z [INFO] webgcs: Monitoring test message 42
2025-09-09T17:46:13.021887Z [INFO] webgcs: Monitoring test message 43
2025-09-09T17:46:13.021890Z [INFO] webgcs: Monitoring test message 44
2025-09-09T17:46:13.021893Z [INFO] webgcs: Monitoring test message 45
2025-09-09T17:46:13.021898Z [INFO] webgcs: Monitoring test message 46
2025-09-09T17:46:13.021901Z [INFO] webgcs: Monitoring test message 47
2025-09-09T17:46:13.021905Z [INFO] webgcs: Monitoring test message 48
2025-09-09T17:46:13.021908Z [INFO] webgcs: Monitoring test message 49
2025-09-09T17:46:13.035035Z [DEBUG] webgcs: Level DEBUG message 0
2025-09-09T17:46:13.048355Z [INFO] webgcs: Global info test 1
2025-09-09T17:46:13.048365Z [INFO] webgcs: Global info test 2
2025-09-09T17:46:13.048377Z [INFO] webgcs: Global info test 3
2025-09-09T17:46:13.048384Z [INFO] webgcs: Global info test 4
2025-09-09T17:46:13.048392Z [INFO] global_test: Telemetry update
2025-09-09T17:46:13.048399Z [INFO] webgcs: Global info test 6
2025-09-09T17:46:13.048406Z [INFO] webgcs: Global info test 7
2025-09-09T17:46:13.048413Z [INFO] webgcs: Global info test 8
2025-09-09T17:46:13.048422Z [INFO] webgcs: Global info test 9
2025-09-09T17:46:13.048430Z [ERROR] webgcs: Global error test 10
2025-09-09T17:46:13.048436Z [INFO] webgcs: Global info test 11
2025-09-09T17:46:13.048443Z [INFO] webgcs: Global info test 12
2025-09-09T17:46:13.048449Z [INFO] webgcs: Global info test 13
2025-09-09T17:46:13.048456Z [INFO] webgcs: Global info test 14
2025-09-09T17:46:13.048462Z [INFO] global_test: Telemetry update
2025-09-09T17:46:13.048469Z [INFO] webgcs: Global info test 16
2025-09-09T17:46:13.048475Z [INFO] webgcs: Global info test 17
2025-09-09T17:46:13.048482Z [INFO] webgcs: Global info test 18
2025-09-09T17:46:13.048489Z [INFO] webgcs: Global info test 19
2025-09-09T17:46:13.048496Z [ERROR] webgcs: Global error test 20
2025-09-09T17:46:13.048502Z [INFO] webgcs: Global info test 21
2025-09-09T17:46:13.048509Z [INFO] webgcs: Global info test 22
2025-09-09T17:46:13.048515Z [INFO] webgcs: Global info test 23
2025-09-09T17:46:13.048522Z [INFO] webgcs: Global info test 24
2025-09-09T17:46:13.048529Z [INFO] global_test: Telemetry update
2025-09-09T17:46:13.048535Z [INFO] webgcs: Global info test 26
2025-09-09T17:46:13.048542Z [INFO] webgcs: Global info test 27
2025-09-09T17:46:13.048548Z [INFO] webgcs: Global info test 28
2025-09-09T17:46:13.048555Z [INFO] webgcs: Global info test 29
2025-09-09T17:46:13.048561Z [ERROR] webgcs: Global error test 30
2025-09-09T17:46:13.048568Z [INFO] webgcs: Global info test 31
2025-09-09T17:46:13.048575Z [INFO] webgcs: Global info test 32
2025-09-09T17:46:13.048582Z [INFO] webgcs: Global info test 33
2025-09-09T17:46:13.048588Z [INFO] webgcs: Global info test 34
2025-09-09T17:46:13.048595Z [INFO] global_test: Telemetry update
2025-09-09T17:46:13.048602Z [INFO] webgcs: Global info test 36
2025-09-09T17:46:13.048608Z [INFO] webgcs: Global info test 37
2025-09-09T17:46:13.048615Z [INFO] webgcs: Global info test 38
2025-09-09T17:46:13.048622Z [INFO] webgcs: Global info test 39
2025-09-09T17:46:13.048629Z [ERROR] webgcs: Global error test 40
2025-09-09T17:46:13.048636Z [INFO] webgcs: Global info test 41
2025-09-09T17:46:13.048642Z [INFO] webgcs: Global info test 42
2025-09-09T17:46:13.048649Z [INFO] webgcs: Global info test 43
2025-09-09T17:46:13.048655Z [INFO] webgcs: Global info test 44
2025-09-09T17:46:13.048665Z [INFO] global_test: Telemetry update
2025-09-09T17:46:13.048672Z [INFO] webgcs: Global info test 46
2025-09-09T17:46:13.048680Z [INFO] webgcs: Global info test 47
2025-09-09T17:46:13.048690Z [INFO] webgcs: Global info test 48
2025-09-09T17:46:13.048698Z [INFO] webgcs: Global info test 49
2025-09-09T17:46:13.060778Z [INFO] webgcs: Memory test batch 0 message 0
2025-09-09T17:46:13.084700Z [INFO] webgcs: Memory test batch 1 message 500
2025-09-09T17:46:13.104398Z [INFO] webgcs: Memory test batch 2 message 500
2025-09-09T17:46:13.148368Z [INFO] webgcs: Memory test batch 4 message 500
2025-09-09T17:46:13.190791Z [INFO] webgcs: Memory test batch 6 message 600
2025-09-09T17:46:13.234156Z [INFO] webgcs: Memory test batch 8 message 600
2025-09-09T17:46:13.234163Z [INFO] webgcs: Memory test batch 8 message 601
2025-09-09T17:46:13.256881Z [INFO] webgcs: Memory test batch 9 message 600
2025-09-09T17:46:13.350472Z [INFO] webgcs: Shutdown test message 0
