2025-09-09T16:28:58.377827 | INFO     | webgcs.mavlink.connection | ConnectionManager initialized for 192.168.193.235:5678
2025-09-09T16:28:58.377900 | INFO     | webgcs.mavlink.processor | MessageProcessor initialized
2025-09-09T16:28:58.377925 | INFO     | webgcs.mavlink.commands | CommandSender initialized
2025-09-09T16:28:58.377945 | INFO     | webgcs.mavlink.service | MAVLinkService initialized for 192.168.193.235:5678
2025-09-09T16:30:37.215928 | INFO     | webgcs          | Starting WebGCS application...
2025-09-09T16:30:37.232382 | INFO     | webgcs.mavlink.connection | ConnectionManager initialized for 192.168.193.235:5678
2025-09-09T16:30:37.232433 | INFO     | webgcs.mavlink.processor | MessageProcessor initialized
2025-09-09T16:30:37.232452 | INFO     | webgcs.mavlink.commands | CommandSender initialized
2025-09-09T16:30:37.232471 | INFO     | webgcs.mavlink.service | MAVLinkService initialized for 192.168.193.235:5678
2025-09-09T16:30:37.232487 | INFO     | webgcs          | Starting MAVLink service...
2025-09-09T16:30:37.232499 | INFO     | webgcs.mavlink.service | Starting MAVLink service
2025-09-09T16:30:37.232514 | INFO     | webgcs.mavlink.service | Connection state changed to: connecting
2025-09-09T16:30:37.232542 | INFO     | webgcs.mavlink.connection | Connecting to drone at tcp:192.168.193.235:5678
2025-09-09T16:30:38.156130 | INFO     | webgcs.mavlink.state | Heartbeat monitor started
2025-09-09T16:30:38.156180 | INFO     | webgcs.mavlink.service | Connection state changed to: connected
2025-09-09T16:30:38.156213 | INFO     | webgcs.mavlink.connection | Successfully connected to drone at 192.168.193.235:5678
2025-09-09T16:30:38.156295 | INFO     | webgcs.mavlink.service | Message processing loop started
2025-09-09T16:30:38.156971 | INFO     | webgcs.mavlink.service | Message processing started
2025-09-09T16:30:38.157041 | INFO     | webgcs.mavlink.service | Telemetry streaming loop started
2025-09-09T16:30:38.157091 | INFO     | webgcs.mavlink.service | Telemetry streaming started
2025-09-09T16:30:38.157698 | INFO     | webgcs.mavlink.service | MAVLink service started successfully
2025-09-09T16:30:38.157888 | INFO     | webgcs          | MAVLink service started successfully
2025-09-09T16:30:38.158461 | INFO     | webgcs          | WebGCS starting on localhost:5001
2025-09-09T16:30:38.158483 | INFO     | webgcs          | Drone endpoint: 192.168.193.235:5678
2025-09-09T16:31:10.894504 | INFO     | webgcs.mavlink.connection | ConnectionManager initialized for 192.168.193.235:5678
2025-09-09T16:31:10.894559 | INFO     | webgcs.mavlink.processor | MessageProcessor initialized
2025-09-09T16:31:10.894579 | INFO     | webgcs.mavlink.commands | CommandSender initialized
2025-09-09T16:31:10.894599 | INFO     | webgcs.mavlink.service | MAVLinkService initialized for 192.168.193.235:5678
2025-09-09T16:32:01.721619 | INFO     | webgcs.mavlink.connection | ConnectionManager initialized for 192.168.193.235:5678
2025-09-09T16:32:01.721672 | INFO     | webgcs.mavlink.processor | MessageProcessor initialized
2025-09-09T16:32:01.721692 | INFO     | webgcs.mavlink.commands | CommandSender initialized
2025-09-09T16:32:01.721709 | INFO     | webgcs.mavlink.service | MAVLinkService initialized for 192.168.193.235:5678
2025-09-09T16:32:12.465855 | ERROR    | webgcs          | Error rendering index page: index.html
2025-09-09T16:32:21.095024 | ERROR    | webgcs          | Error rendering index page: index.html
2025-09-09T16:32:25.241905 | ERROR    | webgcs          | Error rendering index page: index.html
2025-09-09T16:32:51.687249 | INFO     | webgcs.mavlink.connection | ConnectionManager initialized for 192.168.193.235:5678
2025-09-09T16:32:51.687309 | INFO     | webgcs.mavlink.processor | MessageProcessor initialized
2025-09-09T16:32:51.687332 | INFO     | webgcs.mavlink.commands | CommandSender initialized
2025-09-09T16:32:51.687352 | INFO     | webgcs.mavlink.service | MAVLinkService initialized for 192.168.193.235:5678
2025-09-09T16:36:51.676760 | INFO     | webgcs          | Client connected: HWIQSwQAkhqfP0TkAAAB
2025-09-09T16:42:04.722487 | INFO     | webgcs          | Client connected: ZFw8PnTxzRtJ3O-nAAAD
2025-09-09T16:42:05.309219 | INFO     | webgcs          | Client disconnected: ZFw8PnTxzRtJ3O-nAAAD
2025-09-09T16:42:05.713987 | INFO     | webgcs          | Client connected: wy4R7lTQsqIJSpOrAAAF
2025-09-09T16:42:06.320612 | INFO     | webgcs          | Client disconnected: wy4R7lTQsqIJSpOrAAAF
2025-09-09T16:42:07.624666 | INFO     | webgcs          | Client connected: ZcHVLX7a9yVWe-WWAAAH
2025-09-09T16:42:39.430969 | INFO     | webgcs          | Client disconnected: ZcHVLX7a9yVWe-WWAAAH
2025-09-09T16:42:39.927225 | INFO     | webgcs          | Client connected: NpX4ELapkoV9Ecq5AAAJ
2025-09-09T16:42:40.534107 | INFO     | webgcs          | Client disconnected: NpX4ELapkoV9Ecq5AAAJ
2025-09-09T16:42:40.955520 | INFO     | webgcs          | Client connected: 3FjFGxOFBSIh0IAzAAAL
2025-09-09T16:42:41.566647 | INFO     | webgcs          | Client disconnected: 3FjFGxOFBSIh0IAzAAAL
2025-09-09T16:43:12.008910 | INFO     | webgcs          | Client disconnected: HWIQSwQAkhqfP0TkAAAB
2025-09-09T16:44:05.409059 | INFO     | webgcs          | Client connected: yNNmittB-UpHtx7QAAAN
2025-09-09T16:44:07.054929 | INFO     | webgcs          | Command received from yNNmittB-UpHtx7QAAAN: connect_drone
2025-09-09T16:44:11.136435 | INFO     | webgcs          | Client disconnected: yNNmittB-UpHtx7QAAAN
2025-09-09T16:44:11.982996 | INFO     | webgcs          | Client connected: pfac_TI1rA0WVPNxAAAP
2025-09-09T16:44:13.531278 | INFO     | webgcs          | Command received from pfac_TI1rA0WVPNxAAAP: connect_drone
2025-09-09T16:44:17.574919 | INFO     | webgcs          | Client disconnected: pfac_TI1rA0WVPNxAAAP
2025-09-09T16:44:18.380311 | INFO     | webgcs          | Client connected: 176XJljEGlIUYLzrAAAR
2025-09-09T16:44:19.430612 | INFO     | webgcs          | Command received from 176XJljEGlIUYLzrAAAR: connect_drone
2025-09-09T16:44:23.041857 | INFO     | webgcs          | Client disconnected: 176XJljEGlIUYLzrAAAR
2025-09-09T16:44:23.991828 | INFO     | webgcs          | Client connected: xHKpgmDvaaSPXz1FAAAT
2025-09-09T16:44:25.565112 | INFO     | webgcs          | Command received from xHKpgmDvaaSPXz1FAAAT: connect_drone
2025-09-09T16:44:34.679139 | INFO     | webgcs          | Client disconnected: xHKpgmDvaaSPXz1FAAAT
2025-09-09T16:46:43.448043 | INFO     | webgcs          | Client connected: kbErTVosPsmpCboFAAAV
2025-09-09T16:46:44.074891 | INFO     | webgcs          | Command received from kbErTVosPsmpCboFAAAV: connect_drone
2025-09-09T16:46:46.142018 | INFO     | webgcs          | Client disconnected: kbErTVosPsmpCboFAAAV
2025-09-09T16:46:46.662936 | INFO     | webgcs          | Client connected: tLuVnhBFsLOtHlirAAAX
2025-09-09T16:46:47.200719 | INFO     | webgcs          | Client disconnected: tLuVnhBFsLOtHlirAAAX
2025-09-09T16:53:32.548221 | INFO     | webgcs          | Client connected: KkCUs0bwdeFPv2t0AAAZ
2025-09-09T16:53:33.117161 | INFO     | webgcs          | Client disconnected: KkCUs0bwdeFPv2t0AAAZ
2025-09-09T16:53:34.157137 | INFO     | webgcs          | Client connected: 8q3aKZTqdDveaUyEAAAb
2025-09-09T16:53:34.714419 | INFO     | webgcs          | Client disconnected: 8q3aKZTqdDveaUyEAAAb
2025-09-09T16:53:35.747204 | INFO     | webgcs          | Client connected: gj3GmBkZnYQaxx3sAAAd
2025-09-09T16:53:36.305007 | INFO     | webgcs          | Client disconnected: gj3GmBkZnYQaxx3sAAAd
2025-09-09T16:53:37.178788 | INFO     | webgcs          | Client connected: gwvK2fn7UPsOH7XtAAAf
2025-09-09T16:53:39.876225 | INFO     | webgcs          | Client disconnected: gwvK2fn7UPsOH7XtAAAf
2025-09-09T16:53:46.254255 | INFO     | webgcs          | Client connected: KkWZGrynxzRjQ5CIAAAh
2025-09-09T16:53:49.914055 | INFO     | webgcs          | Client disconnected: KkWZGrynxzRjQ5CIAAAh
2025-09-09T16:53:50.817375 | INFO     | webgcs          | Client connected: 13P4birK-13VY8j8AAAj
2025-09-09T16:53:51.368742 | INFO     | webgcs          | Client disconnected: 13P4birK-13VY8j8AAAj
2025-09-09T16:53:52.236362 | INFO     | webgcs          | Client connected: y7HwtbKD1oMr6-UkAAAl
2025-09-09T16:53:52.889347 | INFO     | webgcs          | Client disconnected: y7HwtbKD1oMr6-UkAAAl
2025-09-09T16:54:56.079832 | INFO     | webgcs          | Client connected: A-VDTf9syaI41DjoAAAn
2025-09-09T16:54:59.739318 | INFO     | webgcs          | Client disconnected: A-VDTf9syaI41DjoAAAn
2025-09-09T16:55:06.964720 | INFO     | webgcs          | Client connected: U1FaX0ca14jjZ7LfAAAp
2025-09-09T16:55:17.558463 | INFO     | webgcs          | Client disconnected: U1FaX0ca14jjZ7LfAAAp
2025-09-09T16:55:18.661414 | INFO     | webgcs          | Client connected: afX2CVXIaSXYi_lzAAAr
2025-09-09T16:55:21.230895 | INFO     | webgcs          | Client disconnected: afX2CVXIaSXYi_lzAAAr
2025-09-09T16:55:22.296606 | INFO     | webgcs          | Client connected: 2pvGHvksP7qCtx4CAAAt
2025-09-09T16:55:22.833478 | INFO     | webgcs          | Client disconnected: 2pvGHvksP7qCtx4CAAAt
2025-09-09T16:55:23.775528 | INFO     | webgcs          | Client connected: VTRzyfjBSrHcrwwxAAAv
2025-09-09T16:55:24.317844 | INFO     | webgcs          | Client disconnected: VTRzyfjBSrHcrwwxAAAv
2025-09-09T16:55:25.371889 | INFO     | webgcs          | Client connected: 7QW10mRrY15gYhdVAAAx
2025-09-09T16:55:25.931846 | INFO     | webgcs          | Client disconnected: 7QW10mRrY15gYhdVAAAx
2025-09-09T16:56:11.493314 | INFO     | webgcs          | Client connected: r8OQl7NJJ2IclMIuAAAz
2025-09-09T16:56:12.046450 | INFO     | webgcs          | Client disconnected: r8OQl7NJJ2IclMIuAAAz
2025-09-09T16:56:13.110683 | INFO     | webgcs          | Client connected: NOp_EvIKJEs2aBiGAAA1
2025-09-09T16:56:13.665688 | INFO     | webgcs          | Client disconnected: NOp_EvIKJEs2aBiGAAA1
2025-09-09T16:56:14.737858 | INFO     | webgcs          | Client connected: 4xghqoaf7_srf8NjAAA3
2025-09-09T16:56:15.303167 | INFO     | webgcs          | Client disconnected: 4xghqoaf7_srf8NjAAA3
2025-09-09T16:56:16.385347 | INFO     | webgcs          | Client connected: C6JXM2Mcd8B6LoI3AAA5
2025-09-09T16:56:19.103712 | INFO     | webgcs          | Client disconnected: C6JXM2Mcd8B6LoI3AAA5
2025-09-09T16:56:20.169662 | INFO     | webgcs          | Client connected: 2JrTzetScNd0QT7jAAA7
2025-09-09T16:56:23.834595 | INFO     | webgcs          | Client disconnected: 2JrTzetScNd0QT7jAAA7
2025-09-09T16:56:24.766213 | INFO     | webgcs          | Client connected: lxhvj-4ncCK8H_mGAAA9
2025-09-09T16:56:25.320363 | INFO     | webgcs          | Client disconnected: lxhvj-4ncCK8H_mGAAA9
2025-09-09T16:56:26.361280 | INFO     | webgcs          | Client connected: NHduKimAZ8Mbq_4YAAA_
2025-09-09T16:56:27.013842 | INFO     | webgcs          | Client disconnected: NHduKimAZ8Mbq_4YAAA_
2025-09-09T16:56:33.358867 | INFO     | webgcs          | Client connected: 6jFGeHhy7PtQvMgOAABB
2025-09-09T16:56:35.624188 | INFO     | webgcs          | Client disconnected: 6jFGeHhy7PtQvMgOAABB
2025-09-09T16:56:36.721148 | INFO     | webgcs          | Client connected: AbdhXUtkkRgpitTaAABD
2025-09-09T16:56:37.283356 | INFO     | webgcs          | Client disconnected: AbdhXUtkkRgpitTaAABD
2025-09-09T16:56:38.315063 | INFO     | webgcs          | Client connected: U8bYTsoWbVBgbNATAABF
2025-09-09T16:56:39.946215 | INFO     | webgcs          | Client disconnected: U8bYTsoWbVBgbNATAABF
2025-09-09T16:56:40.999549 | INFO     | webgcs          | Client connected: Z_xJLtXmsYNEvgC-AABH
2025-09-09T16:56:43.250058 | INFO     | webgcs          | Client disconnected: Z_xJLtXmsYNEvgC-AABH
2025-09-09T16:56:44.150109 | INFO     | webgcs          | Client connected: _SDzZnDcHhpUa_1FAABJ
2025-09-09T16:56:44.776738 | INFO     | webgcs          | Client disconnected: _SDzZnDcHhpUa_1FAABJ
2025-09-09T16:56:45.686930 | INFO     | webgcs          | Client connected: FNq5atTpKxQmtGdGAABL
2025-09-09T16:56:46.238446 | INFO     | webgcs          | Client disconnected: FNq5atTpKxQmtGdGAABL
2025-09-09T16:57:49.967199 | INFO     | webgcs          | Client connected: pzrSa7TirDkXJMBNAABN
2025-09-09T16:57:50.521603 | INFO     | webgcs          | Client disconnected: pzrSa7TirDkXJMBNAABN
2025-09-09T16:57:51.438787 | INFO     | webgcs          | Client connected: hvqyNVhtNvwrmKq9AABP
2025-09-09T16:57:51.992514 | INFO     | webgcs          | Client disconnected: hvqyNVhtNvwrmKq9AABP
2025-09-09T16:57:52.867563 | INFO     | webgcs          | Client connected: crXejP5sEXDkFf0xAABR
2025-09-09T16:57:53.430491 | INFO     | webgcs          | Client disconnected: crXejP5sEXDkFf0xAABR
2025-09-09T16:57:54.338353 | INFO     | webgcs          | Client connected: XZS5KLzrMBHVYuxtAABT
2025-09-09T16:57:57.088559 | INFO     | webgcs          | Client disconnected: XZS5KLzrMBHVYuxtAABT
2025-09-09T16:57:58.000696 | INFO     | webgcs          | Client connected: zyLEJ0V3PZOc89vDAABV
2025-09-09T16:58:01.635250 | INFO     | webgcs          | Client disconnected: zyLEJ0V3PZOc89vDAABV
2025-09-09T16:58:02.528087 | INFO     | webgcs          | Client connected: T8pLCqtRhLiNeewHAABX
2025-09-09T16:58:03.081206 | INFO     | webgcs          | Client disconnected: T8pLCqtRhLiNeewHAABX
2025-09-09T16:58:03.976085 | INFO     | webgcs          | Client connected: S_vs8tOsYCOjIKj6AABZ
2025-09-09T16:58:04.618552 | INFO     | webgcs          | Client disconnected: S_vs8tOsYCOjIKj6AABZ
2025-09-09T16:58:05.510161 | INFO     | webgcs          | Client connected: MmEbgk-KH-hIdUGxAABb
2025-09-09T16:58:16.095040 | INFO     | webgcs          | Client disconnected: MmEbgk-KH-hIdUGxAABb
2025-09-09T16:58:17.150050 | INFO     | webgcs          | Client connected: qlLN2KK7MCVmM4xdAABd
2025-09-09T16:58:19.714987 | INFO     | webgcs          | Client disconnected: qlLN2KK7MCVmM4xdAABd
2025-09-09T16:58:20.760807 | INFO     | webgcs          | Client connected: OYyCvAwmd7VcBrGMAABf
2025-09-09T16:58:21.314264 | INFO     | webgcs          | Client disconnected: OYyCvAwmd7VcBrGMAABf
2025-09-09T16:58:22.372812 | INFO     | webgcs          | Client connected: lEsOiMoZSqeXNHYmAABh
2025-09-09T16:58:22.912081 | INFO     | webgcs          | Client disconnected: lEsOiMoZSqeXNHYmAABh
2025-09-09T16:58:23.807350 | INFO     | webgcs          | Client connected: DC3DYxrcwye_rsmTAABj
2025-09-09T16:58:24.362506 | INFO     | webgcs          | Client disconnected: DC3DYxrcwye_rsmTAABj
2025-09-09T16:58:25.401361 | INFO     | webgcs          | Client connected: SRj3hmEtVRuiEHYOAABl
2025-09-09T16:58:27.610709 | INFO     | webgcs          | Client disconnected: SRj3hmEtVRuiEHYOAABl
2025-09-09T16:58:28.650401 | INFO     | webgcs          | Client connected: 5jn_Kdci9mqdOuurAABn
2025-09-09T16:58:29.211490 | INFO     | webgcs          | Client disconnected: 5jn_Kdci9mqdOuurAABn
2025-09-09T16:58:30.095740 | INFO     | webgcs          | Client connected: LrUWzic1MxOxae0PAABp
2025-09-09T16:58:31.732760 | INFO     | webgcs          | Client disconnected: LrUWzic1MxOxae0PAABp
2025-09-09T16:58:32.634189 | INFO     | webgcs          | Client connected: dQdCzkg0AGgIco5oAABr
2025-09-09T16:58:34.893926 | INFO     | webgcs          | Client disconnected: dQdCzkg0AGgIco5oAABr
2025-09-09T16:58:35.947174 | INFO     | webgcs          | Client connected: 0zZDFW6_abZs6PX9AABt
2025-09-09T16:58:36.596471 | INFO     | webgcs          | Client disconnected: 0zZDFW6_abZs6PX9AABt
2025-09-09T16:58:37.683159 | INFO     | webgcs          | Client connected: kSW3H9reOJtzfyP4AABv
2025-09-09T16:58:38.243282 | INFO     | webgcs          | Client disconnected: kSW3H9reOJtzfyP4AABv
2025-09-09T16:58:39.308128 | INFO     | webgcs          | Client connected: ZpduinSZu51pHR4nAABx
2025-09-09T16:58:39.858143 | INFO     | webgcs          | Client disconnected: ZpduinSZu51pHR4nAABx
2025-09-09T16:58:40.757659 | INFO     | webgcs          | Client connected: kIzemRdEb9ORY1LWAABz
2025-09-09T16:58:41.310120 | INFO     | webgcs          | Client disconnected: kIzemRdEb9ORY1LWAABz
2025-09-09T16:58:42.213036 | INFO     | webgcs          | Client connected: pt7ADs3-CBy7IyQqAAB1
2025-09-09T16:58:43.782788 | INFO     | webgcs          | Client disconnected: pt7ADs3-CBy7IyQqAAB1
2025-09-09T16:58:44.699601 | INFO     | webgcs          | Client connected: F2_f9vJw1e9g4xKvAAB3
2025-09-09T16:58:45.246220 | INFO     | webgcs          | Client disconnected: F2_f9vJw1e9g4xKvAAB3
2025-09-09T16:58:46.184400 | INFO     | webgcs          | Client connected: 3TUhnfcrnRZKm81DAAB5
2025-09-09T16:58:51.761828 | INFO     | webgcs          | Client disconnected: 3TUhnfcrnRZKm81DAAB5
2025-09-09T16:58:52.820767 | INFO     | webgcs          | Client connected: usPxWHsqodcjTrD8AAB7
2025-09-09T16:59:03.409459 | INFO     | webgcs          | Client disconnected: usPxWHsqodcjTrD8AAB7
2025-09-09T16:59:04.308197 | INFO     | webgcs          | Client connected: IomcIrJKZDk-ZwMlAAB9
2025-09-09T16:59:06.952760 | INFO     | webgcs          | Client disconnected: IomcIrJKZDk-ZwMlAAB9
2025-09-09T16:59:07.983482 | INFO     | webgcs          | Client connected: 9mvi98AYulVXNrndAAB_
2025-09-09T16:59:08.536943 | INFO     | webgcs          | Client disconnected: 9mvi98AYulVXNrndAAB_
2025-09-09T16:59:09.466828 | INFO     | webgcs          | Client connected: eqKXRkScmBOw-vpBAACB
2025-09-09T16:59:48.588340 | INFO     | webgcs          | Client disconnected: eqKXRkScmBOw-vpBAACB
2025-09-09T17:06:36.257324 | INFO     | webgcs          | Client connected: DLc_BOfRO041qELrAACD
2025-09-09T17:06:36.299988 | INFO     | webgcs          | Client disconnected: DLc_BOfRO041qELrAACD
2025-09-09T17:06:37.448794 | INFO     | webgcs          | Client connected: b1nMxEKtZhk30Y9fAACF
2025-09-09T17:06:37.479652 | INFO     | webgcs          | Client disconnected: b1nMxEKtZhk30Y9fAACF
2025-09-09T17:06:38.533191 | INFO     | webgcs          | Client connected: 8TZf41GV18ZgzWecAACH
2025-09-09T17:06:38.562618 | INFO     | webgcs          | Client disconnected: 8TZf41GV18ZgzWecAACH
2025-09-09T17:06:39.613968 | INFO     | webgcs          | Client connected: X9jBLvvZP2djH8bOAACJ
2025-09-09T17:06:39.643171 | INFO     | webgcs          | Client disconnected: X9jBLvvZP2djH8bOAACJ
2025-09-09T17:06:40.689772 | INFO     | webgcs          | Client connected: qdg29j3IAoMFkEQOAACL
2025-09-09T17:06:40.718702 | INFO     | webgcs          | Client disconnected: qdg29j3IAoMFkEQOAACL
2025-09-09T17:06:41.777010 | INFO     | webgcs          | Client connected: b9hLOiI0bZ17Blt7AACN
2025-09-09T17:06:41.805651 | INFO     | webgcs          | Client disconnected: b9hLOiI0bZ17Blt7AACN
2025-09-09T17:06:42.916782 | INFO     | webgcs          | Client connected: WNiKdNtyW39oGP1IAACP
2025-09-09T17:06:43.481285 | INFO     | webgcs          | Client disconnected: WNiKdNtyW39oGP1IAACP
2025-09-09T17:06:44.535269 | INFO     | webgcs          | Client connected: HYYc2gxJxQUXNmqGAACR
2025-09-09T17:06:44.572442 | INFO     | webgcs          | Client disconnected: HYYc2gxJxQUXNmqGAACR
2025-09-09T17:08:06.591926 | INFO     | webgcs          | Client connected: eIzKtuCjHwKso-gbAACT
2025-09-09T17:08:07.248636 | INFO     | webgcs          | Client disconnected: eIzKtuCjHwKso-gbAACT
2025-09-09T17:08:13.888032 | INFO     | webgcs          | Client connected: Osa0VSMmYtvpcH7NAACV
2025-09-09T17:08:43.926503 | INFO     | webgcs          | Client disconnected: Osa0VSMmYtvpcH7NAACV
2025-09-09T17:10:07.023157 | INFO     | webgcs          | Client connected: i5ZmP6WzOJnRILYHAACX
2025-09-09T17:10:08.456952 | INFO     | webgcs          | Client disconnected: i5ZmP6WzOJnRILYHAACX
2025-09-09T17:10:09.333790 | INFO     | webgcs          | Client connected: GNyYTHb6XSA1bsIhAACZ
2025-09-09T17:10:09.895083 | INFO     | webgcs          | Client disconnected: GNyYTHb6XSA1bsIhAACZ
2025-09-09T17:10:10.675091 | INFO     | webgcs          | Client connected: nr0GItWpQTQ2vEgKAACb
2025-09-09T17:10:11.550484 | INFO     | webgcs          | Client disconnected: nr0GItWpQTQ2vEgKAACb
2025-09-09T17:10:23.283901 | INFO     | webgcs          | Client connected: OjPRBPtecsLFyskQAACd
2025-09-09T17:10:24.720991 | INFO     | webgcs          | Client disconnected: OjPRBPtecsLFyskQAACd
2025-09-09T17:10:25.675984 | INFO     | webgcs          | Client connected: qvAs9bJrjT4cB6jzAACf
2025-09-09T17:10:26.244997 | INFO     | webgcs          | Client disconnected: qvAs9bJrjT4cB6jzAACf
2025-09-09T17:10:27.009125 | INFO     | webgcs          | Client connected: WOeNXmRaKMm6k34RAACh
2025-09-09T17:10:28.105043 | INFO     | webgcs          | Client disconnected: WOeNXmRaKMm6k34RAACh
2025-09-09T17:10:28.911174 | INFO     | webgcs          | Client connected: ZS_VEtW_aMbuR-MXAACj
2025-09-09T17:10:29.470686 | INFO     | webgcs          | Client disconnected: ZS_VEtW_aMbuR-MXAACj
2025-09-09T17:10:30.437153 | INFO     | webgcs          | Client connected: YbJ_cuGAxY0nT2qRAACl
2025-09-09T17:10:31.072823 | INFO     | webgcs          | Client disconnected: YbJ_cuGAxY0nT2qRAACl
2025-09-09T17:10:31.082950 | INFO     | webgcs          | Client connected: bp9cEhypyls5bw4rAACn
2025-09-09T17:10:31.097027 | INFO     | webgcs          | Client disconnected: bp9cEhypyls5bw4rAACn
2025-09-09T17:10:43.351671 | INFO     | webgcs          | Client connected: T9A7lgHJ9_4CSud4AACp
2025-09-09T17:10:44.018335 | INFO     | webgcs          | Client disconnected: T9A7lgHJ9_4CSud4AACp
2025-09-09T17:10:45.074301 | INFO     | webgcs          | Client connected: IfZLdPt_hty4Yq3-AACr
2025-09-09T17:10:45.877697 | INFO     | webgcs          | Client disconnected: IfZLdPt_hty4Yq3-AACr
2025-09-09T17:10:46.930220 | INFO     | webgcs          | Client connected: yU1459Xpy1bLRw4YAACt
2025-09-09T17:10:47.588966 | INFO     | webgcs          | Client disconnected: yU1459Xpy1bLRw4YAACt
2025-09-09T17:10:48.515804 | INFO     | webgcs          | Client connected: UGxSXd6Fp9BmAkAnAACv
2025-09-09T17:10:48.677739 | INFO     | webgcs          | Client disconnected: UGxSXd6Fp9BmAkAnAACv
2025-09-09T17:10:49.772134 | INFO     | webgcs          | Client connected: tnQGII8KdShUDJ70AACx
2025-09-09T17:10:50.155855 | INFO     | webgcs          | Client disconnected: tnQGII8KdShUDJ70AACx
2025-09-09T17:10:51.094776 | INFO     | webgcs          | Client connected: v1xZOVjUgOWbl1iIAACz
2025-09-09T17:10:51.144975 | INFO     | webgcs          | Client disconnected: v1xZOVjUgOWbl1iIAACz
2025-09-09T17:10:52.047373 | INFO     | webgcs          | Client connected: vxVGTmd23QjOVfmeAAC1
2025-09-09T17:10:52.606978 | INFO     | webgcs          | Client disconnected: vxVGTmd23QjOVfmeAAC1
2025-09-09T17:10:53.702079 | INFO     | webgcs          | Client connected: raun8KJfInRrYqpTAAC3
2025-09-09T17:10:53.740952 | INFO     | webgcs          | Client disconnected: raun8KJfInRrYqpTAAC3
2025-09-09T18:24:16.233625 | INFO     | webgcs          | Client connected: zgaeSohxf9fvwXMzAAC5
2025-09-09T18:24:19.159386 | INFO     | webgcs          | Command received from zgaeSohxf9fvwXMzAAC5: connect_drone
2025-09-09T18:24:22.442957 | INFO     | webgcs          | Command received from zgaeSohxf9fvwXMzAAC5: connect_drone
2025-09-09T18:25:09.718775 | INFO     | webgcs          | Client disconnected: zgaeSohxf9fvwXMzAAC5
2025-09-09T18:25:09.935891 | INFO     | webgcs          | Client connected: V4wse-5q5cFWeqBXAAC7
2025-09-09T18:25:11.108270 | INFO     | webgcs          | Command received from V4wse-5q5cFWeqBXAAC7: connect_drone
2025-09-09T18:25:16.547952 | INFO     | webgcs          | Client disconnected: V4wse-5q5cFWeqBXAAC7
2025-09-09T18:32:41.440739 | INFO     | webgcs          | Client connected: xycswggplDjCVutzAAC9
2025-09-09T18:32:41.442128 | INFO     | webgcs          | Command received from xycswggplDjCVutzAAC9: connect_drone
2025-09-09T18:32:44.446721 | INFO     | webgcs          | Client disconnected: xycswggplDjCVutzAAC9
2025-09-09T18:32:44.451076 | INFO     | webgcs          | Client connected: H-9OyMAx1waSxOm4AAC_
2025-09-09T18:32:45.460249 | INFO     | webgcs          | Command received from H-9OyMAx1waSxOm4AAC_: disconnect_drone
2025-09-09T18:32:47.462366 | INFO     | webgcs          | Client disconnected: H-9OyMAx1waSxOm4AAC_
2025-09-09T18:33:08.456658 | INFO     | webgcs.mavlink.connection | ConnectionManager initialized for 192.168.193.235:5678
2025-09-09T18:33:08.456710 | INFO     | webgcs.mavlink.processor | MessageProcessor initialized
2025-09-09T18:33:08.456729 | INFO     | webgcs.mavlink.commands | CommandSender initialized
2025-09-09T18:33:08.456746 | INFO     | webgcs.mavlink.service | MAVLinkService initialized for 192.168.193.235:5678
2025-09-09T18:33:20.746920 | INFO     | webgcs          | Client connected: O9SqxlitcfuGoSQDAAAB
2025-09-09T18:33:20.748585 | INFO     | webgcs          | Command received from O9SqxlitcfuGoSQDAAAB: connect_drone
2025-09-09T18:33:20.748671 | INFO     | webgcs.mavlink.service | Manual drone connection requested
2025-09-09T18:33:20.748719 | INFO     | webgcs.mavlink.service | Starting MAVLink service
2025-09-09T18:33:20.748759 | INFO     | webgcs.mavlink.service | Connection state changed to: connecting
2025-09-09T18:33:20.748822 | INFO     | webgcs.mavlink.connection | Connecting to drone at tcp:192.168.193.235:5678
2025-09-09T18:33:21.259248 | INFO     | webgcs.mavlink.state | Heartbeat monitor started
2025-09-09T18:33:21.259293 | INFO     | webgcs.mavlink.service | Connection state changed to: connected
2025-09-09T18:33:21.259369 | INFO     | webgcs.mavlink.connection | Successfully connected to drone at 192.168.193.235:5678
2025-09-09T18:33:21.259539 | INFO     | webgcs.mavlink.service | Message processing loop started
2025-09-09T18:33:21.259674 | INFO     | webgcs.mavlink.service | Message processing started
2025-09-09T18:33:21.259720 | INFO     | webgcs.mavlink.service | Telemetry streaming loop started
2025-09-09T18:33:21.259825 | ERROR    | webgcs.mavlink.service | Error in telemetry streaming: Object of type datetime is not JSON serializable
2025-09-09T18:33:21.259878 | INFO     | webgcs.mavlink.service | Telemetry streaming started
2025-09-09T18:33:21.260357 | INFO     | webgcs.mavlink.service | MAVLink service started successfully
2025-09-09T18:33:22.265023 | ERROR    | webgcs.mavlink.service | Error in telemetry streaming: Object of type datetime is not JSON serializable
2025-09-09T18:33:23.270409 | ERROR    | webgcs.mavlink.service | Error in telemetry streaming: Object of type datetime is not JSON serializable
2025-09-09T18:33:23.754030 | INFO     | webgcs          | Client disconnected: O9SqxlitcfuGoSQDAAAB
2025-09-09T18:33:23.760048 | INFO     | webgcs          | Client connected: bC96qYx31IisZIaDAAAD
2025-09-09T18:33:24.276415 | ERROR    | webgcs.mavlink.service | Error in telemetry streaming: Object of type datetime is not JSON serializable
2025-09-09T18:33:24.769980 | INFO     | webgcs          | Command received from bC96qYx31IisZIaDAAAD: disconnect_drone
2025-09-09T18:33:24.770104 | INFO     | webgcs.mavlink.service | Manual drone disconnection requested
2025-09-09T18:33:25.281826 | INFO     | webgcs.mavlink.service | Telemetry streaming loop stopped
2025-09-09T18:33:25.282898 | INFO     | webgcs.mavlink.service | Message processing loop stopped
2025-09-09T18:33:25.282958 | INFO     | webgcs.mavlink.connection | Disconnecting from drone
2025-09-09T18:33:26.281046 | INFO     | webgcs.mavlink.state | Heartbeat monitor stopped
2025-09-09T18:33:26.281532 | INFO     | webgcs.mavlink.service | Connection state changed to: disconnected
2025-09-09T18:33:26.281968 | INFO     | webgcs.mavlink.connection | Disconnected from drone
2025-09-09T18:33:26.777608 | INFO     | webgcs          | Client disconnected: bC96qYx31IisZIaDAAAD
2025-09-09T18:33:53.294440 | INFO     | webgcs          | Client connected: b_RmNHvBgvUFV34tAAAF
2025-09-09T18:33:54.302308 | INFO     | webgcs          | Command received from b_RmNHvBgvUFV34tAAAF: connect_drone
2025-09-09T18:33:54.302549 | INFO     | webgcs.mavlink.service | Manual drone connection requested
2025-09-09T18:33:54.302609 | INFO     | webgcs.mavlink.service | Starting MAVLink service
2025-09-09T18:33:54.302748 | INFO     | webgcs.mavlink.service | Connection state changed to: connecting
2025-09-09T18:33:54.302958 | INFO     | webgcs.mavlink.connection | Connecting to drone at tcp:192.168.193.235:5678
2025-09-09T18:33:55.263092 | INFO     | webgcs.mavlink.state | Heartbeat monitor started
2025-09-09T18:33:55.263143 | INFO     | webgcs.mavlink.service | Connection state changed to: connected
2025-09-09T18:33:55.263228 | INFO     | webgcs.mavlink.connection | Successfully connected to drone at 192.168.193.235:5678
2025-09-09T18:33:55.263510 | INFO     | webgcs.mavlink.service | Message processing loop started
2025-09-09T18:33:55.263580 | INFO     | webgcs.mavlink.service | Message processing started
2025-09-09T18:33:55.263838 | INFO     | webgcs.mavlink.service | Telemetry streaming loop started
2025-09-09T18:33:55.263992 | INFO     | webgcs.mavlink.service | Telemetry streaming started
2025-09-09T18:33:55.264048 | ERROR    | webgcs.mavlink.service | Error in telemetry streaming: Object of type datetime is not JSON serializable
2025-09-09T18:33:55.264246 | INFO     | webgcs.mavlink.service | MAVLink service started successfully
2025-09-09T18:33:55.302190 | INFO     | webgcs          | Command received from b_RmNHvBgvUFV34tAAAF: disconnect_drone
2025-09-09T18:33:55.302295 | INFO     | webgcs.mavlink.service | Manual drone disconnection requested
2025-09-09T18:33:56.269318 | INFO     | webgcs.mavlink.service | Telemetry streaming loop stopped
2025-09-09T18:33:56.269883 | INFO     | webgcs.mavlink.service | Message processing loop stopped
2025-09-09T18:33:56.269944 | INFO     | webgcs.mavlink.connection | Disconnecting from drone
2025-09-09T18:33:56.306414 | INFO     | webgcs          | Command received from b_RmNHvBgvUFV34tAAAF: arm
2025-09-09T18:33:56.306531 | INFO     | webgcs.mavlink.commands | Sending ARM command
2025-09-09T18:33:57.274753 | INFO     | webgcs.mavlink.state | Heartbeat monitor stopped
2025-09-09T18:33:57.275222 | INFO     | webgcs.mavlink.service | Connection state changed to: disconnected
2025-09-09T18:33:57.275636 | INFO     | webgcs.mavlink.connection | Disconnected from drone
2025-09-09T18:33:57.276518 | ERROR    | webgcs.mavlink.commands | Cannot ARM: not connected to drone
2025-09-09T18:33:57.311981 | INFO     | webgcs          | Command received from b_RmNHvBgvUFV34tAAAF: disarm
2025-09-09T18:33:57.312136 | INFO     | webgcs.mavlink.commands | Sending DISARM command (force=False)
2025-09-09T18:33:57.312184 | ERROR    | webgcs.mavlink.commands | Cannot DISARM: not connected to drone
2025-09-09T18:33:58.319124 | INFO     | webgcs          | Command received from b_RmNHvBgvUFV34tAAAF: takeoff
2025-09-09T18:33:58.319407 | INFO     | webgcs.mavlink.commands | Sending TAKEOFF command to 10.0m
2025-09-09T18:33:58.319478 | ERROR    | webgcs.mavlink.commands | Cannot TAKEOFF: not connected to drone
2025-09-09T18:33:59.320395 | INFO     | webgcs          | Command received from b_RmNHvBgvUFV34tAAAF: land
2025-09-09T18:33:59.320653 | INFO     | webgcs.mavlink.commands | Sending LAND command
2025-09-09T18:33:59.320744 | ERROR    | webgcs.mavlink.commands | Cannot LAND: not connected to drone
2025-09-09T18:34:00.320910 | INFO     | webgcs          | Command received from b_RmNHvBgvUFV34tAAAF: rtl
2025-09-09T18:34:00.321190 | INFO     | webgcs.mavlink.commands | Sending RTL command
2025-09-09T18:34:00.321256 | ERROR    | webgcs.mavlink.commands | Cannot RTL: not connected to drone
2025-09-09T18:34:01.322740 | INFO     | webgcs          | Command received from b_RmNHvBgvUFV34tAAAF: set_mode
2025-09-09T18:34:01.322997 | INFO     | webgcs.mavlink.commands | Setting flight mode to GUIDED
2025-09-09T18:34:01.323068 | ERROR    | webgcs.mavlink.commands | Cannot set mode: not connected to drone
2025-09-09T18:34:02.328049 | INFO     | webgcs          | Command received from b_RmNHvBgvUFV34tAAAF: goto_waypoint
2025-09-09T18:34:02.328311 | INFO     | webgcs.mavlink.commands | Sending GOTO WAYPOINT command to 37.7749, -122.4194, 50m
2025-09-09T18:34:02.328383 | ERROR    | webgcs.mavlink.commands | Cannot go to waypoint: not connected to drone
2025-09-09T18:34:03.333151 | INFO     | webgcs          | Command received from b_RmNHvBgvUFV34tAAAF: set_home
2025-09-09T18:34:03.333526 | INFO     | webgcs.mavlink.commands | Sending SET HOME command
2025-09-09T18:34:03.333627 | ERROR    | webgcs.mavlink.commands | Cannot set home: not connected to drone
2025-09-09T18:34:04.279396 | INFO     | webgcs          | Command received from b_RmNHvBgvUFV34tAAAF: emergency_stop
2025-09-09T18:34:04.279670 | INFO     | webgcs.mavlink.commands | Sending DISARM command (force=True)
2025-09-09T18:34:04.279781 | ERROR    | webgcs.mavlink.commands | Cannot DISARM: not connected to drone
2025-09-09T18:34:05.284289 | INFO     | webgcs          | Command received from b_RmNHvBgvUFV34tAAAF: gimbal_control
2025-09-09T18:34:05.284600 | INFO     | webgcs.mavlink.commands | Sending GIMBAL CONTROL command: pitch=-45, yaw=0
2025-09-09T18:34:05.284667 | ERROR    | webgcs.mavlink.commands | Cannot control gimbal: not connected to drone
2025-09-09T18:34:06.287254 | INFO     | webgcs          | Client disconnected: b_RmNHvBgvUFV34tAAAF
2025-09-09T18:42:35.606008 | INFO     | webgcs          | Client connected: 2Qchf66LqT_3DXckAAAH
2025-09-09T18:42:37.266431 | INFO     | webgcs          | Command received from 2Qchf66LqT_3DXckAAAH: connect_drone
2025-09-09T18:42:37.266478 | INFO     | webgcs.mavlink.service | Manual drone connection requested
2025-09-09T18:42:37.266503 | INFO     | webgcs.mavlink.service | Starting MAVLink service
2025-09-09T18:42:37.266540 | INFO     | webgcs.mavlink.service | Connection state changed to: connecting
2025-09-09T18:42:37.266617 | INFO     | webgcs.mavlink.connection | Connecting to drone at tcp:192.168.193.235:5678
2025-09-09T18:42:38.252231 | INFO     | webgcs.mavlink.state | Heartbeat monitor started
2025-09-09T18:42:38.252275 | INFO     | webgcs.mavlink.service | Connection state changed to: connected
2025-09-09T18:42:38.252389 | INFO     | webgcs.mavlink.connection | Successfully connected to drone at 192.168.193.235:5678
2025-09-09T18:42:38.252459 | INFO     | webgcs.mavlink.service | Message processing loop started
2025-09-09T18:42:38.252506 | INFO     | webgcs.mavlink.service | Message processing started
2025-09-09T18:42:38.252622 | INFO     | webgcs.mavlink.service | Telemetry streaming loop started
2025-09-09T18:42:38.252954 | INFO     | webgcs.mavlink.service | Telemetry streaming started
2025-09-09T18:42:38.252991 | ERROR    | webgcs.mavlink.service | Error in telemetry streaming: Object of type datetime is not JSON serializable
2025-09-09T18:42:38.253113 | INFO     | webgcs.mavlink.service | MAVLink service started successfully
2025-09-09T18:42:39.259421 | ERROR    | webgcs.mavlink.service | Error in telemetry streaming: Object of type datetime is not JSON serializable
2025-09-09T18:42:40.265238 | ERROR    | webgcs.mavlink.service | Error in telemetry streaming: Object of type datetime is not JSON serializable
2025-09-09T18:42:41.268708 | ERROR    | webgcs.mavlink.service | Error in telemetry streaming: Object of type datetime is not JSON serializable
2025-09-09T18:42:41.366456 | INFO     | webgcs          | Client disconnected: 2Qchf66LqT_3DXckAAAH
2025-09-09T18:42:42.397283 | INFO     | webgcs          | Client connected: y81-ZYp83N406_N8AAAJ
2025-09-09T18:42:42.482685 | ERROR    | webgcs.mavlink.service | Error in telemetry streaming: Object of type datetime is not JSON serializable
2025-09-09T18:42:43.485484 | ERROR    | webgcs.mavlink.service | Error in telemetry streaming: Object of type datetime is not JSON serializable
2025-09-09T18:42:43.955258 | INFO     | webgcs          | Command received from y81-ZYp83N406_N8AAAJ: connect_drone
2025-09-09T18:42:43.955350 | INFO     | webgcs.mavlink.service | Manual drone connection requested
2025-09-09T18:42:43.955855 | INFO     | webgcs.mavlink.service | Already connected to drone
2025-09-09T18:42:44.492646 | ERROR    | webgcs.mavlink.service | Error in telemetry streaming: Object of type datetime is not JSON serializable
2025-09-09T18:42:45.494533 | ERROR    | webgcs.mavlink.service | Error in telemetry streaming: Object of type datetime is not JSON serializable
2025-09-09T18:42:46.498824 | ERROR    | webgcs.mavlink.service | Error in telemetry streaming: Object of type datetime is not JSON serializable
2025-09-09T18:42:47.502215 | ERROR    | webgcs.mavlink.service | Error in telemetry streaming: Object of type datetime is not JSON serializable
2025-09-09T18:42:47.974296 | INFO     | webgcs          | Client disconnected: y81-ZYp83N406_N8AAAJ
2025-09-09T18:42:48.979140 | INFO     | webgcs          | Client connected: LZq5r6CkZyWMHLpMAAAL
2025-09-09T18:42:49.021143 | ERROR    | webgcs.mavlink.service | Error in telemetry streaming: Object of type datetime is not JSON serializable
2025-09-09T18:42:50.021718 | INFO     | webgcs          | Command received from LZq5r6CkZyWMHLpMAAAL: connect_drone
2025-09-09T18:42:50.023219 | ERROR    | webgcs.mavlink.service | Error in telemetry streaming: Object of type datetime is not JSON serializable
2025-09-09T18:42:50.023903 | INFO     | webgcs.mavlink.service | Manual drone connection requested
2025-09-09T18:42:50.023929 | INFO     | webgcs.mavlink.service | Already connected to drone
2025-09-09T18:42:51.028808 | ERROR    | webgcs.mavlink.service | Error in telemetry streaming: Object of type datetime is not JSON serializable
2025-09-09T18:42:52.035697 | ERROR    | webgcs.mavlink.service | Error in telemetry streaming: Object of type datetime is not JSON serializable
2025-09-09T18:42:53.041681 | ERROR    | webgcs.mavlink.service | Error in telemetry streaming: Object of type datetime is not JSON serializable
2025-09-09T18:42:53.554205 | INFO     | webgcs          | Command received from LZq5r6CkZyWMHLpMAAAL: set_mode
2025-09-09T18:42:53.554388 | INFO     | webgcs.mavlink.commands | Setting flight mode to STABILIZE
2025-09-09T18:42:54.046936 | ERROR    | webgcs.mavlink.service | Error in telemetry streaming: Object of type datetime is not JSON serializable
2025-09-09T18:42:54.059708 | INFO     | webgcs.mavlink.commands | Mode change command sent for STABILIZE
2025-09-09T18:42:54.570448 | INFO     | webgcs          | Command received from LZq5r6CkZyWMHLpMAAAL: set_mode
2025-09-09T18:42:54.570503 | INFO     | webgcs.mavlink.commands | Setting flight mode to LOITER
2025-09-09T18:42:55.050654 | ERROR    | webgcs.mavlink.service | Error in telemetry streaming: Object of type datetime is not JSON serializable
2025-09-09T18:42:55.071569 | INFO     | webgcs.mavlink.commands | Mode change command sent for LOITER
2025-09-09T18:42:55.604570 | INFO     | webgcs          | Command received from LZq5r6CkZyWMHLpMAAAL: set_mode
2025-09-09T18:42:55.604675 | INFO     | webgcs.mavlink.commands | Setting flight mode to RTL
2025-09-09T18:42:56.051993 | ERROR    | webgcs.mavlink.service | Error in telemetry streaming: Object of type datetime is not JSON serializable
2025-09-09T18:42:56.106092 | INFO     | webgcs.mavlink.commands | Mode change command sent for RTL
2025-09-09T18:42:56.619691 | INFO     | webgcs          | Command received from LZq5r6CkZyWMHLpMAAAL: set_mode
2025-09-09T18:42:56.620244 | INFO     | webgcs.mavlink.commands | Setting flight mode to AUTO
2025-09-09T18:42:57.053483 | ERROR    | webgcs.mavlink.service | Error in telemetry streaming: Object of type datetime is not JSON serializable
2025-09-09T18:42:57.121140 | INFO     | webgcs.mavlink.commands | Mode change command sent for AUTO
2025-09-09T18:42:57.637088 | INFO     | webgcs          | Command received from LZq5r6CkZyWMHLpMAAAL: set_mode
2025-09-09T18:42:57.637969 | INFO     | webgcs.mavlink.commands | Setting flight mode to GUIDED
2025-09-09T18:42:58.059067 | ERROR    | webgcs.mavlink.service | Error in telemetry streaming: Object of type datetime is not JSON serializable
2025-09-09T18:42:58.143453 | INFO     | webgcs.mavlink.commands | Mode change command sent for GUIDED
2025-09-09T18:42:58.701988 | INFO     | webgcs          | Client disconnected: LZq5r6CkZyWMHLpMAAAL
2025-09-09T18:42:59.672885 | INFO     | webgcs          | Client connected: FD2feE78FDyQBvDMAAAN
2025-09-09T18:42:59.685628 | ERROR    | webgcs.mavlink.service | Error in telemetry streaming: Object of type datetime is not JSON serializable
2025-09-09T18:43:00.691929 | ERROR    | webgcs.mavlink.service | Error in telemetry streaming: Object of type datetime is not JSON serializable
2025-09-09T18:43:01.221237 | INFO     | webgcs          | Command received from FD2feE78FDyQBvDMAAAN: connect_drone
2025-09-09T18:43:01.221286 | INFO     | webgcs.mavlink.service | Manual drone connection requested
2025-09-09T18:43:01.222584 | INFO     | webgcs.mavlink.service | Already connected to drone
2025-09-09T18:43:01.697120 | ERROR    | webgcs.mavlink.service | Error in telemetry streaming: Object of type datetime is not JSON serializable
2025-09-09T18:43:02.702194 | ERROR    | webgcs.mavlink.service | Error in telemetry streaming: Object of type datetime is not JSON serializable
2025-09-09T18:43:03.709177 | ERROR    | webgcs.mavlink.service | Error in telemetry streaming: Object of type datetime is not JSON serializable
2025-09-09T18:43:04.712062 | ERROR    | webgcs.mavlink.service | Error in telemetry streaming: Object of type datetime is not JSON serializable
2025-09-09T18:43:05.715541 | ERROR    | webgcs.mavlink.service | Error in telemetry streaming: Object of type datetime is not JSON serializable
2025-09-09T18:43:06.718813 | ERROR    | webgcs.mavlink.service | Error in telemetry streaming: Object of type datetime is not JSON serializable
2025-09-09T18:43:07.725716 | ERROR    | webgcs.mavlink.service | Error in telemetry streaming: Object of type datetime is not JSON serializable
2025-09-09T18:43:08.731100 | ERROR    | webgcs.mavlink.service | Error in telemetry streaming: Object of type datetime is not JSON serializable
2025-09-09T18:43:09.736841 | ERROR    | webgcs.mavlink.service | Error in telemetry streaming: Object of type datetime is not JSON serializable
2025-09-09T18:43:10.270944 | INFO     | webgcs          | Client disconnected: FD2feE78FDyQBvDMAAAN
2025-09-09T18:43:16.875028 | INFO     | webgcs          | Client connected: AtLCObFFSvZuibg1AAAP
2025-09-09T18:43:16.908614 | ERROR    | webgcs.mavlink.service | Error in telemetry streaming: Object of type datetime is not JSON serializable
2025-09-09T18:43:17.463020 | INFO     | webgcs          | Command received from AtLCObFFSvZuibg1AAAP: connect_drone
2025-09-09T18:43:17.463191 | INFO     | webgcs.mavlink.service | Manual drone connection requested
2025-09-09T18:43:17.463331 | INFO     | webgcs.mavlink.service | Already connected to drone
2025-09-09T18:43:17.914178 | ERROR    | webgcs.mavlink.service | Error in telemetry streaming: Object of type datetime is not JSON serializable
2025-09-09T18:43:18.918557 | ERROR    | webgcs.mavlink.service | Error in telemetry streaming: Object of type datetime is not JSON serializable
2025-09-09T18:43:19.487774 | INFO     | webgcs          | Client disconnected: AtLCObFFSvZuibg1AAAP
2025-09-09T18:43:20.009798 | INFO     | webgcs          | Client connected: rJM6AVsnL1ecjJWXAAAR
2025-09-09T18:43:20.028169 | ERROR    | webgcs.mavlink.service | Error in telemetry streaming: Object of type datetime is not JSON serializable
2025-09-09T18:43:20.527930 | INFO     | webgcs          | Client disconnected: rJM6AVsnL1ecjJWXAAAR
2025-09-09T19:07:54.820363 | INFO     | webgcs          | Client connected: Axrfu5R2iq2jOgm4AAAT
2025-09-09T19:07:54.869751 | ERROR    | webgcs.mavlink.service | Error in telemetry streaming: Object of type datetime is not JSON serializable
2025-09-09T19:07:55.875135 | ERROR    | webgcs.mavlink.service | Error in telemetry streaming: Object of type datetime is not JSON serializable
2025-09-09T19:07:56.764409 | INFO     | webgcs          | Command received from Axrfu5R2iq2jOgm4AAAT: connect_drone
2025-09-09T19:07:56.764761 | INFO     | webgcs.mavlink.service | Manual drone connection requested
2025-09-09T19:07:56.764783 | INFO     | webgcs.mavlink.service | Already connected to drone
2025-09-09T19:07:56.880907 | ERROR    | webgcs.mavlink.service | Error in telemetry streaming: Object of type datetime is not JSON serializable
2025-09-09T19:07:57.886042 | ERROR    | webgcs.mavlink.service | Error in telemetry streaming: Object of type datetime is not JSON serializable
2025-09-09T19:07:58.891744 | ERROR    | webgcs.mavlink.service | Error in telemetry streaming: Object of type datetime is not JSON serializable
2025-09-09T19:07:59.897271 | ERROR    | webgcs.mavlink.service | Error in telemetry streaming: Object of type datetime is not JSON serializable
2025-09-09T19:08:00.902958 | ERROR    | webgcs.mavlink.service | Error in telemetry streaming: Object of type datetime is not JSON serializable
2025-09-09T19:08:01.908229 | ERROR    | webgcs.mavlink.service | Error in telemetry streaming: Object of type datetime is not JSON serializable
2025-09-09T19:08:02.913430 | ERROR    | webgcs.mavlink.service | Error in telemetry streaming: Object of type datetime is not JSON serializable
2025-09-09T19:08:03.919259 | ERROR    | webgcs.mavlink.service | Error in telemetry streaming: Object of type datetime is not JSON serializable
2025-09-09T19:08:04.924392 | ERROR    | webgcs.mavlink.service | Error in telemetry streaming: Object of type datetime is not JSON serializable
2025-09-09T19:08:05.929619 | ERROR    | webgcs.mavlink.service | Error in telemetry streaming: Object of type datetime is not JSON serializable
2025-09-09T19:08:06.934738 | ERROR    | webgcs.mavlink.service | Error in telemetry streaming: Object of type datetime is not JSON serializable
2025-09-09T19:08:07.939854 | ERROR    | webgcs.mavlink.service | Error in telemetry streaming: Object of type datetime is not JSON serializable
2025-09-09T19:08:08.940277 | ERROR    | webgcs.mavlink.service | Error in telemetry streaming: Object of type datetime is not JSON serializable
2025-09-09T19:08:09.945463 | ERROR    | webgcs.mavlink.service | Error in telemetry streaming: Object of type datetime is not JSON serializable
2025-09-09T19:08:10.325389 | INFO     | webgcs          | Client disconnected: Axrfu5R2iq2jOgm4AAAT
2025-09-09T19:08:10.539312 | INFO     | webgcs          | Client connected: shN8d61GxWsm44R7AAAV
2025-09-09T19:08:10.951289 | ERROR    | webgcs.mavlink.service | Error in telemetry streaming: Object of type datetime is not JSON serializable
2025-09-09T19:08:11.862192 | INFO     | webgcs          | Command received from shN8d61GxWsm44R7AAAV: connect_drone
2025-09-09T19:08:11.862704 | INFO     | webgcs.mavlink.service | Manual drone connection requested
2025-09-09T19:08:11.862729 | INFO     | webgcs.mavlink.service | Already connected to drone
2025-09-09T19:08:11.956473 | ERROR    | webgcs.mavlink.service | Error in telemetry streaming: Object of type datetime is not JSON serializable
2025-09-09T19:08:12.961615 | ERROR    | webgcs.mavlink.service | Error in telemetry streaming: Object of type datetime is not JSON serializable
2025-09-09T19:08:13.967050 | ERROR    | webgcs.mavlink.service | Error in telemetry streaming: Object of type datetime is not JSON serializable
2025-09-09T19:08:14.975225 | ERROR    | webgcs.mavlink.service | Error in telemetry streaming: Object of type datetime is not JSON serializable
2025-09-09T19:08:15.981002 | ERROR    | webgcs.mavlink.service | Error in telemetry streaming: Object of type datetime is not JSON serializable
2025-09-09T19:08:16.986184 | ERROR    | webgcs.mavlink.service | Error in telemetry streaming: Object of type datetime is not JSON serializable
2025-09-09T19:08:17.992854 | ERROR    | webgcs.mavlink.service | Error in telemetry streaming: Object of type datetime is not JSON serializable
2025-09-09T19:08:18.998504 | ERROR    | webgcs.mavlink.service | Error in telemetry streaming: Object of type datetime is not JSON serializable
2025-09-09T19:08:20.003750 | ERROR    | webgcs.mavlink.service | Error in telemetry streaming: Object of type datetime is not JSON serializable
2025-09-09T19:08:21.009654 | ERROR    | webgcs.mavlink.service | Error in telemetry streaming: Object of type datetime is not JSON serializable
2025-09-09T19:08:22.015477 | ERROR    | webgcs.mavlink.service | Error in telemetry streaming: Object of type datetime is not JSON serializable
2025-09-09T19:08:23.022152 | ERROR    | webgcs.mavlink.service | Error in telemetry streaming: Object of type datetime is not JSON serializable
2025-09-09T19:08:24.028297 | ERROR    | webgcs.mavlink.service | Error in telemetry streaming: Object of type datetime is not JSON serializable
2025-09-09T19:08:25.033495 | ERROR    | webgcs.mavlink.service | Error in telemetry streaming: Object of type datetime is not JSON serializable
2025-09-09T19:08:26.039177 | ERROR    | webgcs.mavlink.service | Error in telemetry streaming: Object of type datetime is not JSON serializable
2025-09-09T19:08:27.039814 | ERROR    | webgcs.mavlink.service | Error in telemetry streaming: Object of type datetime is not JSON serializable
2025-09-09T19:08:28.045032 | ERROR    | webgcs.mavlink.service | Error in telemetry streaming: Object of type datetime is not JSON serializable
2025-09-09T19:08:29.051094 | ERROR    | webgcs.mavlink.service | Error in telemetry streaming: Object of type datetime is not JSON serializable
2025-09-09T19:08:30.057360 | ERROR    | webgcs.mavlink.service | Error in telemetry streaming: Object of type datetime is not JSON serializable
2025-09-09T19:08:31.063340 | ERROR    | webgcs.mavlink.service | Error in telemetry streaming: Object of type datetime is not JSON serializable
2025-09-09T19:08:32.065620 | ERROR    | webgcs.mavlink.service | Error in telemetry streaming: Object of type datetime is not JSON serializable
2025-09-09T19:08:33.071191 | ERROR    | webgcs.mavlink.service | Error in telemetry streaming: Object of type datetime is not JSON serializable
2025-09-09T19:08:34.077366 | ERROR    | webgcs.mavlink.service | Error in telemetry streaming: Object of type datetime is not JSON serializable
2025-09-09T19:08:35.082376 | ERROR    | webgcs.mavlink.service | Error in telemetry streaming: Object of type datetime is not JSON serializable
2025-09-09T19:08:36.084925 | ERROR    | webgcs.mavlink.service | Error in telemetry streaming: Object of type datetime is not JSON serializable
2025-09-09T19:08:37.091763 | ERROR    | webgcs.mavlink.service | Error in telemetry streaming: Object of type datetime is not JSON serializable
2025-09-09T19:08:38.097915 | ERROR    | webgcs.mavlink.service | Error in telemetry streaming: Object of type datetime is not JSON serializable
2025-09-09T19:08:39.099741 | ERROR    | webgcs.mavlink.service | Error in telemetry streaming: Object of type datetime is not JSON serializable
2025-09-09T19:08:40.107159 | ERROR    | webgcs.mavlink.service | Error in telemetry streaming: Object of type datetime is not JSON serializable
2025-09-09T19:08:41.112407 | ERROR    | webgcs.mavlink.service | Error in telemetry streaming: Object of type datetime is not JSON serializable
2025-09-09T19:08:42.117872 | ERROR    | webgcs.mavlink.service | Error in telemetry streaming: Object of type datetime is not JSON serializable
2025-09-09T19:08:43.125356 | ERROR    | webgcs.mavlink.service | Error in telemetry streaming: Object of type datetime is not JSON serializable
2025-09-09T19:08:44.126745 | ERROR    | webgcs.mavlink.service | Error in telemetry streaming: Object of type datetime is not JSON serializable
2025-09-09T19:08:45.132344 | ERROR    | webgcs.mavlink.service | Error in telemetry streaming: Object of type datetime is not JSON serializable
2025-09-09T19:08:46.139474 | ERROR    | webgcs.mavlink.service | Error in telemetry streaming: Object of type datetime is not JSON serializable
2025-09-09T19:08:47.143516 | ERROR    | webgcs.mavlink.service | Error in telemetry streaming: Object of type datetime is not JSON serializable
2025-09-09T19:08:48.148874 | ERROR    | webgcs.mavlink.service | Error in telemetry streaming: Object of type datetime is not JSON serializable
2025-09-09T19:08:49.154999 | ERROR    | webgcs.mavlink.service | Error in telemetry streaming: Object of type datetime is not JSON serializable
2025-09-09T19:08:50.156165 | ERROR    | webgcs.mavlink.service | Error in telemetry streaming: Object of type datetime is not JSON serializable
2025-09-09T19:08:51.161621 | ERROR    | webgcs.mavlink.service | Error in telemetry streaming: Object of type datetime is not JSON serializable
2025-09-09T19:08:52.165735 | ERROR    | webgcs.mavlink.service | Error in telemetry streaming: Object of type datetime is not JSON serializable
2025-09-09T19:08:53.171146 | ERROR    | webgcs.mavlink.service | Error in telemetry streaming: Object of type datetime is not JSON serializable
2025-09-09T19:08:54.175657 | ERROR    | webgcs.mavlink.service | Error in telemetry streaming: Object of type datetime is not JSON serializable
2025-09-09T19:08:55.181122 | ERROR    | webgcs.mavlink.service | Error in telemetry streaming: Object of type datetime is not JSON serializable
2025-09-09T19:08:56.188177 | ERROR    | webgcs.mavlink.service | Error in telemetry streaming: Object of type datetime is not JSON serializable
2025-09-09T19:08:57.194669 | ERROR    | webgcs.mavlink.service | Error in telemetry streaming: Object of type datetime is not JSON serializable
2025-09-09T19:08:58.202251 | ERROR    | webgcs.mavlink.service | Error in telemetry streaming: Object of type datetime is not JSON serializable
2025-09-09T19:08:59.208556 | ERROR    | webgcs.mavlink.service | Error in telemetry streaming: Object of type datetime is not JSON serializable
2025-09-09T19:09:00.212692 | ERROR    | webgcs.mavlink.service | Error in telemetry streaming: Object of type datetime is not JSON serializable
2025-09-09T19:09:01.215768 | ERROR    | webgcs.mavlink.service | Error in telemetry streaming: Object of type datetime is not JSON serializable
2025-09-09T19:09:02.222033 | ERROR    | webgcs.mavlink.service | Error in telemetry streaming: Object of type datetime is not JSON serializable
2025-09-09T19:09:03.229542 | ERROR    | webgcs.mavlink.service | Error in telemetry streaming: Object of type datetime is not JSON serializable
2025-09-09T19:09:04.235437 | ERROR    | webgcs.mavlink.service | Error in telemetry streaming: Object of type datetime is not JSON serializable
2025-09-09T19:09:05.241409 | ERROR    | webgcs.mavlink.service | Error in telemetry streaming: Object of type datetime is not JSON serializable
2025-09-09T19:09:06.247246 | ERROR    | webgcs.mavlink.service | Error in telemetry streaming: Object of type datetime is not JSON serializable
2025-09-09T19:09:07.249270 | ERROR    | webgcs.mavlink.service | Error in telemetry streaming: Object of type datetime is not JSON serializable
2025-09-09T19:09:08.255561 | ERROR    | webgcs.mavlink.service | Error in telemetry streaming: Object of type datetime is not JSON serializable
2025-09-09T19:09:09.262232 | ERROR    | webgcs.mavlink.service | Error in telemetry streaming: Object of type datetime is not JSON serializable
2025-09-09T19:09:10.267832 | ERROR    | webgcs.mavlink.service | Error in telemetry streaming: Object of type datetime is not JSON serializable
2025-09-09T19:09:11.275348 | ERROR    | webgcs.mavlink.service | Error in telemetry streaming: Object of type datetime is not JSON serializable
2025-09-09T19:09:12.280543 | ERROR    | webgcs.mavlink.service | Error in telemetry streaming: Object of type datetime is not JSON serializable
2025-09-09T19:09:13.282503 | ERROR    | webgcs.mavlink.service | Error in telemetry streaming: Object of type datetime is not JSON serializable
2025-09-09T19:09:14.287851 | ERROR    | webgcs.mavlink.service | Error in telemetry streaming: Object of type datetime is not JSON serializable
2025-09-09T19:09:15.294116 | ERROR    | webgcs.mavlink.service | Error in telemetry streaming: Object of type datetime is not JSON serializable
2025-09-09T19:09:16.299707 | ERROR    | webgcs.mavlink.service | Error in telemetry streaming: Object of type datetime is not JSON serializable
2025-09-09T19:09:17.300659 | ERROR    | webgcs.mavlink.service | Error in telemetry streaming: Object of type datetime is not JSON serializable
2025-09-09T19:09:18.305930 | ERROR    | webgcs.mavlink.service | Error in telemetry streaming: Object of type datetime is not JSON serializable
2025-09-09T19:09:19.312926 | ERROR    | webgcs.mavlink.service | Error in telemetry streaming: Object of type datetime is not JSON serializable
2025-09-09T19:09:20.319451 | ERROR    | webgcs.mavlink.service | Error in telemetry streaming: Object of type datetime is not JSON serializable
2025-09-09T19:09:21.324887 | ERROR    | webgcs.mavlink.service | Error in telemetry streaming: Object of type datetime is not JSON serializable
2025-09-09T19:09:22.326748 | ERROR    | webgcs.mavlink.service | Error in telemetry streaming: Object of type datetime is not JSON serializable
2025-09-09T19:09:23.332510 | ERROR    | webgcs.mavlink.service | Error in telemetry streaming: Object of type datetime is not JSON serializable
2025-09-09T19:09:24.337935 | ERROR    | webgcs.mavlink.service | Error in telemetry streaming: Object of type datetime is not JSON serializable
2025-09-09T19:09:25.343154 | ERROR    | webgcs.mavlink.service | Error in telemetry streaming: Object of type datetime is not JSON serializable
2025-09-09T19:09:26.348520 | ERROR    | webgcs.mavlink.service | Error in telemetry streaming: Object of type datetime is not JSON serializable
2025-09-09T19:09:27.348898 | ERROR    | webgcs.mavlink.service | Error in telemetry streaming: Object of type datetime is not JSON serializable
2025-09-09T19:09:28.355590 | ERROR    | webgcs.mavlink.service | Error in telemetry streaming: Object of type datetime is not JSON serializable
2025-09-09T19:09:29.362584 | ERROR    | webgcs.mavlink.service | Error in telemetry streaming: Object of type datetime is not JSON serializable
2025-09-09T19:09:30.368444 | ERROR    | webgcs.mavlink.service | Error in telemetry streaming: Object of type datetime is not JSON serializable
2025-09-09T19:09:31.376404 | ERROR    | webgcs.mavlink.service | Error in telemetry streaming: Object of type datetime is not JSON serializable
2025-09-09T19:09:32.382184 | ERROR    | webgcs.mavlink.service | Error in telemetry streaming: Object of type datetime is not JSON serializable
2025-09-09T19:09:33.389050 | ERROR    | webgcs.mavlink.service | Error in telemetry streaming: Object of type datetime is not JSON serializable
2025-09-09T19:09:34.395456 | ERROR    | webgcs.mavlink.service | Error in telemetry streaming: Object of type datetime is not JSON serializable
2025-09-09T19:09:35.401169 | ERROR    | webgcs.mavlink.service | Error in telemetry streaming: Object of type datetime is not JSON serializable
2025-09-09T19:09:36.405935 | ERROR    | webgcs.mavlink.service | Error in telemetry streaming: Object of type datetime is not JSON serializable
2025-09-09T19:09:37.411794 | ERROR    | webgcs.mavlink.service | Error in telemetry streaming: Object of type datetime is not JSON serializable
2025-09-09T19:09:38.413699 | ERROR    | webgcs.mavlink.service | Error in telemetry streaming: Object of type datetime is not JSON serializable
2025-09-09T19:09:39.416053 | ERROR    | webgcs.mavlink.service | Error in telemetry streaming: Object of type datetime is not JSON serializable
2025-09-09T19:09:40.417602 | ERROR    | webgcs.mavlink.service | Error in telemetry streaming: Object of type datetime is not JSON serializable
2025-09-09T19:09:41.418271 | ERROR    | webgcs.mavlink.service | Error in telemetry streaming: Object of type datetime is not JSON serializable
2025-09-09T19:09:42.424577 | ERROR    | webgcs.mavlink.service | Error in telemetry streaming: Object of type datetime is not JSON serializable
2025-09-09T19:09:43.429994 | ERROR    | webgcs.mavlink.service | Error in telemetry streaming: Object of type datetime is not JSON serializable
2025-09-09T19:09:44.436006 | ERROR    | webgcs.mavlink.service | Error in telemetry streaming: Object of type datetime is not JSON serializable
2025-09-09T19:09:45.442206 | ERROR    | webgcs.mavlink.service | Error in telemetry streaming: Object of type datetime is not JSON serializable
2025-09-09T19:09:46.448223 | ERROR    | webgcs.mavlink.service | Error in telemetry streaming: Object of type datetime is not JSON serializable
2025-09-09T19:09:47.449993 | ERROR    | webgcs.mavlink.service | Error in telemetry streaming: Object of type datetime is not JSON serializable
2025-09-09T19:09:48.452009 | ERROR    | webgcs.mavlink.service | Error in telemetry streaming: Object of type datetime is not JSON serializable
2025-09-09T19:09:49.458319 | ERROR    | webgcs.mavlink.service | Error in telemetry streaming: Object of type datetime is not JSON serializable
2025-09-09T19:09:50.465088 | ERROR    | webgcs.mavlink.service | Error in telemetry streaming: Object of type datetime is not JSON serializable
2025-09-09T19:09:51.471944 | ERROR    | webgcs.mavlink.service | Error in telemetry streaming: Object of type datetime is not JSON serializable
2025-09-09T19:09:52.476839 | ERROR    | webgcs.mavlink.service | Error in telemetry streaming: Object of type datetime is not JSON serializable
2025-09-09T19:09:53.479914 | ERROR    | webgcs.mavlink.service | Error in telemetry streaming: Object of type datetime is not JSON serializable
2025-09-09T19:09:54.486875 | ERROR    | webgcs.mavlink.service | Error in telemetry streaming: Object of type datetime is not JSON serializable
2025-09-09T19:09:55.491539 | ERROR    | webgcs.mavlink.service | Error in telemetry streaming: Object of type datetime is not JSON serializable
2025-09-09T19:09:56.498689 | ERROR    | webgcs.mavlink.service | Error in telemetry streaming: Object of type datetime is not JSON serializable
2025-09-09T19:09:57.505997 | ERROR    | webgcs.mavlink.service | Error in telemetry streaming: Object of type datetime is not JSON serializable
2025-09-09T19:09:58.509115 | ERROR    | webgcs.mavlink.service | Error in telemetry streaming: Object of type datetime is not JSON serializable
2025-09-09T19:09:59.512250 | ERROR    | webgcs.mavlink.service | Error in telemetry streaming: Object of type datetime is not JSON serializable
2025-09-09T19:10:00.518755 | ERROR    | webgcs.mavlink.service | Error in telemetry streaming: Object of type datetime is not JSON serializable
2025-09-09T19:10:01.525456 | ERROR    | webgcs.mavlink.service | Error in telemetry streaming: Object of type datetime is not JSON serializable
2025-09-09T19:10:02.527599 | ERROR    | webgcs.mavlink.service | Error in telemetry streaming: Object of type datetime is not JSON serializable
2025-09-09T19:10:03.533572 | ERROR    | webgcs.mavlink.service | Error in telemetry streaming: Object of type datetime is not JSON serializable
2025-09-09T19:10:04.539973 | ERROR    | webgcs.mavlink.service | Error in telemetry streaming: Object of type datetime is not JSON serializable
2025-09-09T19:10:05.546509 | ERROR    | webgcs.mavlink.service | Error in telemetry streaming: Object of type datetime is not JSON serializable
2025-09-09T19:10:06.552701 | ERROR    | webgcs.mavlink.service | Error in telemetry streaming: Object of type datetime is not JSON serializable
2025-09-09T19:10:07.559670 | ERROR    | webgcs.mavlink.service | Error in telemetry streaming: Object of type datetime is not JSON serializable
2025-09-09T19:10:08.563846 | ERROR    | webgcs.mavlink.service | Error in telemetry streaming: Object of type datetime is not JSON serializable
2025-09-09T19:10:09.569450 | ERROR    | webgcs.mavlink.service | Error in telemetry streaming: Object of type datetime is not JSON serializable
2025-09-09T19:10:10.575011 | ERROR    | webgcs.mavlink.service | Error in telemetry streaming: Object of type datetime is not JSON serializable
2025-09-09T19:10:11.580634 | ERROR    | webgcs.mavlink.service | Error in telemetry streaming: Object of type datetime is not JSON serializable
2025-09-09T19:10:12.582051 | ERROR    | webgcs.mavlink.service | Error in telemetry streaming: Object of type datetime is not JSON serializable
2025-09-09T19:10:13.588905 | ERROR    | webgcs.mavlink.service | Error in telemetry streaming: Object of type datetime is not JSON serializable
2025-09-09T19:10:14.595113 | ERROR    | webgcs.mavlink.service | Error in telemetry streaming: Object of type datetime is not JSON serializable
2025-09-09T19:10:15.599556 | ERROR    | webgcs.mavlink.service | Error in telemetry streaming: Object of type datetime is not JSON serializable
2025-09-09T19:10:16.606630 | ERROR    | webgcs.mavlink.service | Error in telemetry streaming: Object of type datetime is not JSON serializable
2025-09-09T19:10:17.612679 | ERROR    | webgcs.mavlink.service | Error in telemetry streaming: Object of type datetime is not JSON serializable
2025-09-09T19:10:18.618507 | ERROR    | webgcs.mavlink.service | Error in telemetry streaming: Object of type datetime is not JSON serializable
2025-09-09T19:10:19.625133 | ERROR    | webgcs.mavlink.service | Error in telemetry streaming: Object of type datetime is not JSON serializable
2025-09-09T19:10:20.631229 | ERROR    | webgcs.mavlink.service | Error in telemetry streaming: Object of type datetime is not JSON serializable
2025-09-09T19:10:21.632873 | ERROR    | webgcs.mavlink.service | Error in telemetry streaming: Object of type datetime is not JSON serializable
2025-09-09T19:10:22.634397 | ERROR    | webgcs.mavlink.service | Error in telemetry streaming: Object of type datetime is not JSON serializable
2025-09-09T19:10:23.640911 | ERROR    | webgcs.mavlink.service | Error in telemetry streaming: Object of type datetime is not JSON serializable
2025-09-09T19:10:24.644031 | ERROR    | webgcs.mavlink.service | Error in telemetry streaming: Object of type datetime is not JSON serializable
2025-09-09T19:10:25.650324 | ERROR    | webgcs.mavlink.service | Error in telemetry streaming: Object of type datetime is not JSON serializable
2025-09-09T19:10:26.656032 | ERROR    | webgcs.mavlink.service | Error in telemetry streaming: Object of type datetime is not JSON serializable
2025-09-09T19:10:27.657949 | ERROR    | webgcs.mavlink.service | Error in telemetry streaming: Object of type datetime is not JSON serializable
2025-09-09T19:10:28.665099 | ERROR    | webgcs.mavlink.service | Error in telemetry streaming: Object of type datetime is not JSON serializable
2025-09-09T19:10:29.669320 | ERROR    | webgcs.mavlink.service | Error in telemetry streaming: Object of type datetime is not JSON serializable
2025-09-09T19:10:30.675208 | ERROR    | webgcs.mavlink.service | Error in telemetry streaming: Object of type datetime is not JSON serializable
2025-09-09T19:10:31.680719 | ERROR    | webgcs.mavlink.service | Error in telemetry streaming: Object of type datetime is not JSON serializable
2025-09-09T19:10:32.686299 | ERROR    | webgcs.mavlink.service | Error in telemetry streaming: Object of type datetime is not JSON serializable
2025-09-09T19:10:33.692915 | ERROR    | webgcs.mavlink.service | Error in telemetry streaming: Object of type datetime is not JSON serializable
2025-09-09T19:10:34.696734 | ERROR    | webgcs.mavlink.service | Error in telemetry streaming: Object of type datetime is not JSON serializable
2025-09-09T19:10:35.700928 | ERROR    | webgcs.mavlink.service | Error in telemetry streaming: Object of type datetime is not JSON serializable
2025-09-09T19:10:36.703005 | ERROR    | webgcs.mavlink.service | Error in telemetry streaming: Object of type datetime is not JSON serializable
2025-09-09T19:10:37.708509 | ERROR    | webgcs.mavlink.service | Error in telemetry streaming: Object of type datetime is not JSON serializable
2025-09-09T19:10:38.714228 | ERROR    | webgcs.mavlink.service | Error in telemetry streaming: Object of type datetime is not JSON serializable
2025-09-09T19:10:39.721079 | ERROR    | webgcs.mavlink.service | Error in telemetry streaming: Object of type datetime is not JSON serializable
2025-09-09T19:10:40.726752 | ERROR    | webgcs.mavlink.service | Error in telemetry streaming: Object of type datetime is not JSON serializable
2025-09-09T19:10:41.730993 | ERROR    | webgcs.mavlink.service | Error in telemetry streaming: Object of type datetime is not JSON serializable
2025-09-09T19:10:42.737064 | ERROR    | webgcs.mavlink.service | Error in telemetry streaming: Object of type datetime is not JSON serializable
2025-09-09T19:10:43.743581 | ERROR    | webgcs.mavlink.service | Error in telemetry streaming: Object of type datetime is not JSON serializable
2025-09-09T19:10:44.749820 | ERROR    | webgcs.mavlink.service | Error in telemetry streaming: Object of type datetime is not JSON serializable
2025-09-09T19:10:45.753322 | ERROR    | webgcs.mavlink.service | Error in telemetry streaming: Object of type datetime is not JSON serializable
2025-09-09T19:10:46.756171 | ERROR    | webgcs.mavlink.service | Error in telemetry streaming: Object of type datetime is not JSON serializable
2025-09-09T19:10:47.763721 | ERROR    | webgcs.mavlink.service | Error in telemetry streaming: Object of type datetime is not JSON serializable
2025-09-09T19:10:48.769694 | ERROR    | webgcs.mavlink.service | Error in telemetry streaming: Object of type datetime is not JSON serializable
2025-09-09T19:10:49.775236 | ERROR    | webgcs.mavlink.service | Error in telemetry streaming: Object of type datetime is not JSON serializable
2025-09-09T19:10:50.780063 | ERROR    | webgcs.mavlink.service | Error in telemetry streaming: Object of type datetime is not JSON serializable
2025-09-09T19:10:51.785656 | ERROR    | webgcs.mavlink.service | Error in telemetry streaming: Object of type datetime is not JSON serializable
2025-09-09T19:10:52.792756 | ERROR    | webgcs.mavlink.service | Error in telemetry streaming: Object of type datetime is not JSON serializable
2025-09-09T19:10:53.797184 | ERROR    | webgcs.mavlink.service | Error in telemetry streaming: Object of type datetime is not JSON serializable
2025-09-09T19:10:54.803205 | ERROR    | webgcs.mavlink.service | Error in telemetry streaming: Object of type datetime is not JSON serializable
2025-09-09T19:10:55.807335 | ERROR    | webgcs.mavlink.service | Error in telemetry streaming: Object of type datetime is not JSON serializable
2025-09-09T19:10:56.808560 | ERROR    | webgcs.mavlink.service | Error in telemetry streaming: Object of type datetime is not JSON serializable
2025-09-09T19:10:57.814979 | ERROR    | webgcs.mavlink.service | Error in telemetry streaming: Object of type datetime is not JSON serializable
2025-09-09T19:10:58.820548 | ERROR    | webgcs.mavlink.service | Error in telemetry streaming: Object of type datetime is not JSON serializable
2025-09-09T19:10:59.826003 | ERROR    | webgcs.mavlink.service | Error in telemetry streaming: Object of type datetime is not JSON serializable
2025-09-09T19:11:00.831869 | ERROR    | webgcs.mavlink.service | Error in telemetry streaming: Object of type datetime is not JSON serializable
2025-09-09T19:11:01.837058 | ERROR    | webgcs.mavlink.service | Error in telemetry streaming: Object of type datetime is not JSON serializable
2025-09-09T19:11:02.843732 | ERROR    | webgcs.mavlink.service | Error in telemetry streaming: Object of type datetime is not JSON serializable
2025-09-09T19:11:03.844470 | ERROR    | webgcs.mavlink.service | Error in telemetry streaming: Object of type datetime is not JSON serializable
2025-09-09T19:11:04.845533 | ERROR    | webgcs.mavlink.service | Error in telemetry streaming: Object of type datetime is not JSON serializable
2025-09-09T19:11:05.849479 | ERROR    | webgcs.mavlink.service | Error in telemetry streaming: Object of type datetime is not JSON serializable
2025-09-09T19:11:06.854546 | ERROR    | webgcs.mavlink.service | Error in telemetry streaming: Object of type datetime is not JSON serializable
2025-09-09T19:11:07.860960 | ERROR    | webgcs.mavlink.service | Error in telemetry streaming: Object of type datetime is not JSON serializable
2025-09-09T19:11:08.863739 | ERROR    | webgcs.mavlink.service | Error in telemetry streaming: Object of type datetime is not JSON serializable
2025-09-09T19:11:09.869013 | ERROR    | webgcs.mavlink.service | Error in telemetry streaming: Object of type datetime is not JSON serializable
2025-09-09T19:11:10.870490 | ERROR    | webgcs.mavlink.service | Error in telemetry streaming: Object of type datetime is not JSON serializable
2025-09-09T19:11:11.874253 | ERROR    | webgcs.mavlink.service | Error in telemetry streaming: Object of type datetime is not JSON serializable
2025-09-09T19:11:12.880145 | ERROR    | webgcs.mavlink.service | Error in telemetry streaming: Object of type datetime is not JSON serializable
2025-09-09T19:11:13.886041 | ERROR    | webgcs.mavlink.service | Error in telemetry streaming: Object of type datetime is not JSON serializable
2025-09-09T19:11:14.887272 | ERROR    | webgcs.mavlink.service | Error in telemetry streaming: Object of type datetime is not JSON serializable
2025-09-09T19:11:15.893347 | ERROR    | webgcs.mavlink.service | Error in telemetry streaming: Object of type datetime is not JSON serializable
2025-09-09T19:11:16.900272 | ERROR    | webgcs.mavlink.service | Error in telemetry streaming: Object of type datetime is not JSON serializable
2025-09-09T19:11:17.905700 | ERROR    | webgcs.mavlink.service | Error in telemetry streaming: Object of type datetime is not JSON serializable
2025-09-09T19:11:18.911681 | ERROR    | webgcs.mavlink.service | Error in telemetry streaming: Object of type datetime is not JSON serializable
2025-09-09T19:11:19.913812 | ERROR    | webgcs.mavlink.service | Error in telemetry streaming: Object of type datetime is not JSON serializable
2025-09-09T19:11:20.922191 | ERROR    | webgcs.mavlink.service | Error in telemetry streaming: Object of type datetime is not JSON serializable
2025-09-09T19:11:21.927824 | ERROR    | webgcs.mavlink.service | Error in telemetry streaming: Object of type datetime is not JSON serializable
2025-09-09T19:11:22.932266 | ERROR    | webgcs.mavlink.service | Error in telemetry streaming: Object of type datetime is not JSON serializable
2025-09-09T19:11:23.938018 | ERROR    | webgcs.mavlink.service | Error in telemetry streaming: Object of type datetime is not JSON serializable
2025-09-09T19:11:24.943948 | ERROR    | webgcs.mavlink.service | Error in telemetry streaming: Object of type datetime is not JSON serializable
2025-09-09T19:11:25.950218 | ERROR    | webgcs.mavlink.service | Error in telemetry streaming: Object of type datetime is not JSON serializable
2025-09-09T19:11:26.950822 | ERROR    | webgcs.mavlink.service | Error in telemetry streaming: Object of type datetime is not JSON serializable
2025-09-09T19:11:27.958051 | ERROR    | webgcs.mavlink.service | Error in telemetry streaming: Object of type datetime is not JSON serializable
2025-09-09T19:11:28.963773 | ERROR    | webgcs.mavlink.service | Error in telemetry streaming: Object of type datetime is not JSON serializable
2025-09-09T19:11:29.967890 | ERROR    | webgcs.mavlink.service | Error in telemetry streaming: Object of type datetime is not JSON serializable
2025-09-09T19:11:30.970215 | ERROR    | webgcs.mavlink.service | Error in telemetry streaming: Object of type datetime is not JSON serializable
2025-09-09T19:11:31.972371 | ERROR    | webgcs.mavlink.service | Error in telemetry streaming: Object of type datetime is not JSON serializable
2025-09-09T19:11:32.976889 | ERROR    | webgcs.mavlink.service | Error in telemetry streaming: Object of type datetime is not JSON serializable
2025-09-09T19:11:33.983088 | ERROR    | webgcs.mavlink.service | Error in telemetry streaming: Object of type datetime is not JSON serializable
2025-09-09T19:11:34.984015 | ERROR    | webgcs.mavlink.service | Error in telemetry streaming: Object of type datetime is not JSON serializable
2025-09-09T19:11:35.988205 | ERROR    | webgcs.mavlink.service | Error in telemetry streaming: Object of type datetime is not JSON serializable
2025-09-09T19:11:36.994135 | ERROR    | webgcs.mavlink.service | Error in telemetry streaming: Object of type datetime is not JSON serializable
2025-09-09T19:11:38.000020 | ERROR    | webgcs.mavlink.service | Error in telemetry streaming: Object of type datetime is not JSON serializable
2025-09-09T19:11:39.004486 | ERROR    | webgcs.mavlink.service | Error in telemetry streaming: Object of type datetime is not JSON serializable
2025-09-09T19:11:40.011495 | ERROR    | webgcs.mavlink.service | Error in telemetry streaming: Object of type datetime is not JSON serializable
2025-09-09T19:11:41.017236 | ERROR    | webgcs.mavlink.service | Error in telemetry streaming: Object of type datetime is not JSON serializable
2025-09-09T19:11:42.023127 | ERROR    | webgcs.mavlink.service | Error in telemetry streaming: Object of type datetime is not JSON serializable
2025-09-09T19:11:43.028673 | ERROR    | webgcs.mavlink.service | Error in telemetry streaming: Object of type datetime is not JSON serializable
2025-09-09T19:11:44.035496 | ERROR    | webgcs.mavlink.service | Error in telemetry streaming: Object of type datetime is not JSON serializable
2025-09-09T19:11:45.040923 | ERROR    | webgcs.mavlink.service | Error in telemetry streaming: Object of type datetime is not JSON serializable
2025-09-09T19:11:46.044220 | ERROR    | webgcs.mavlink.service | Error in telemetry streaming: Object of type datetime is not JSON serializable
2025-09-09T19:11:47.051445 | ERROR    | webgcs.mavlink.service | Error in telemetry streaming: Object of type datetime is not JSON serializable
2025-09-09T19:11:48.054414 | ERROR    | webgcs.mavlink.service | Error in telemetry streaming: Object of type datetime is not JSON serializable
2025-09-09T19:11:49.056744 | ERROR    | webgcs.mavlink.service | Error in telemetry streaming: Object of type datetime is not JSON serializable
2025-09-09T19:11:50.062515 | ERROR    | webgcs.mavlink.service | Error in telemetry streaming: Object of type datetime is not JSON serializable
2025-09-09T19:11:51.069995 | ERROR    | webgcs.mavlink.service | Error in telemetry streaming: Object of type datetime is not JSON serializable
2025-09-09T19:11:52.075848 | ERROR    | webgcs.mavlink.service | Error in telemetry streaming: Object of type datetime is not JSON serializable
2025-09-09T19:11:53.081377 | ERROR    | webgcs.mavlink.service | Error in telemetry streaming: Object of type datetime is not JSON serializable
2025-09-09T19:11:54.086674 | ERROR    | webgcs.mavlink.service | Error in telemetry streaming: Object of type datetime is not JSON serializable
2025-09-09T19:11:55.094194 | ERROR    | webgcs.mavlink.service | Error in telemetry streaming: Object of type datetime is not JSON serializable
2025-09-09T19:11:56.100717 | ERROR    | webgcs.mavlink.service | Error in telemetry streaming: Object of type datetime is not JSON serializable
2025-09-09T19:11:57.106926 | ERROR    | webgcs.mavlink.service | Error in telemetry streaming: Object of type datetime is not JSON serializable
2025-09-09T19:11:58.112442 | ERROR    | webgcs.mavlink.service | Error in telemetry streaming: Object of type datetime is not JSON serializable
2025-09-09T19:11:59.116721 | ERROR    | webgcs.mavlink.service | Error in telemetry streaming: Object of type datetime is not JSON serializable
2025-09-09T19:12:00.122638 | ERROR    | webgcs.mavlink.service | Error in telemetry streaming: Object of type datetime is not JSON serializable
2025-09-09T19:12:01.128402 | ERROR    | webgcs.mavlink.service | Error in telemetry streaming: Object of type datetime is not JSON serializable
2025-09-09T19:12:02.134625 | ERROR    | webgcs.mavlink.service | Error in telemetry streaming: Object of type datetime is not JSON serializable
2025-09-09T19:12:03.138897 | ERROR    | webgcs.mavlink.service | Error in telemetry streaming: Object of type datetime is not JSON serializable
2025-09-09T19:12:04.140298 | ERROR    | webgcs.mavlink.service | Error in telemetry streaming: Object of type datetime is not JSON serializable
2025-09-09T19:12:05.147790 | ERROR    | webgcs.mavlink.service | Error in telemetry streaming: Object of type datetime is not JSON serializable
2025-09-09T19:12:06.154710 | ERROR    | webgcs.mavlink.service | Error in telemetry streaming: Object of type datetime is not JSON serializable
2025-09-09T19:12:07.160514 | ERROR    | webgcs.mavlink.service | Error in telemetry streaming: Object of type datetime is not JSON serializable
2025-09-09T19:12:08.165817 | ERROR    | webgcs.mavlink.service | Error in telemetry streaming: Object of type datetime is not JSON serializable
2025-09-09T19:12:09.172936 | ERROR    | webgcs.mavlink.service | Error in telemetry streaming: Object of type datetime is not JSON serializable
2025-09-09T19:12:10.179189 | ERROR    | webgcs.mavlink.service | Error in telemetry streaming: Object of type datetime is not JSON serializable
2025-09-09T19:12:11.186063 | ERROR    | webgcs.mavlink.service | Error in telemetry streaming: Object of type datetime is not JSON serializable
2025-09-09T19:12:12.187491 | ERROR    | webgcs.mavlink.service | Error in telemetry streaming: Object of type datetime is not JSON serializable
2025-09-09T19:12:13.193107 | ERROR    | webgcs.mavlink.service | Error in telemetry streaming: Object of type datetime is not JSON serializable
2025-09-09T19:12:14.200242 | ERROR    | webgcs.mavlink.service | Error in telemetry streaming: Object of type datetime is not JSON serializable
2025-09-09T19:12:15.201411 | ERROR    | webgcs.mavlink.service | Error in telemetry streaming: Object of type datetime is not JSON serializable
2025-09-09T19:12:16.205242 | ERROR    | webgcs.mavlink.service | Error in telemetry streaming: Object of type datetime is not JSON serializable
2025-09-09T19:12:17.211442 | ERROR    | webgcs.mavlink.service | Error in telemetry streaming: Object of type datetime is not JSON serializable
2025-09-09T19:12:18.216747 | ERROR    | webgcs.mavlink.service | Error in telemetry streaming: Object of type datetime is not JSON serializable
2025-09-09T19:12:19.221371 | ERROR    | webgcs.mavlink.service | Error in telemetry streaming: Object of type datetime is not JSON serializable
2025-09-09T19:12:20.228104 | ERROR    | webgcs.mavlink.service | Error in telemetry streaming: Object of type datetime is not JSON serializable
2025-09-09T19:12:21.233630 | ERROR    | webgcs.mavlink.service | Error in telemetry streaming: Object of type datetime is not JSON serializable
2025-09-09T19:12:22.240636 | ERROR    | webgcs.mavlink.service | Error in telemetry streaming: Object of type datetime is not JSON serializable
2025-09-09T19:12:23.246464 | ERROR    | webgcs.mavlink.service | Error in telemetry streaming: Object of type datetime is not JSON serializable
2025-09-09T19:12:24.247929 | ERROR    | webgcs.mavlink.service | Error in telemetry streaming: Object of type datetime is not JSON serializable
2025-09-09T19:12:25.254310 | ERROR    | webgcs.mavlink.service | Error in telemetry streaming: Object of type datetime is not JSON serializable
2025-09-09T19:12:26.259800 | ERROR    | webgcs.mavlink.service | Error in telemetry streaming: Object of type datetime is not JSON serializable
2025-09-09T19:12:27.261562 | ERROR    | webgcs.mavlink.service | Error in telemetry streaming: Object of type datetime is not JSON serializable
2025-09-09T19:12:28.263631 | ERROR    | webgcs.mavlink.service | Error in telemetry streaming: Object of type datetime is not JSON serializable
2025-09-09T19:12:29.270007 | ERROR    | webgcs.mavlink.service | Error in telemetry streaming: Object of type datetime is not JSON serializable
2025-09-09T19:12:30.273040 | ERROR    | webgcs.mavlink.service | Error in telemetry streaming: Object of type datetime is not JSON serializable
2025-09-09T19:12:31.278791 | ERROR    | webgcs.mavlink.service | Error in telemetry streaming: Object of type datetime is not JSON serializable
2025-09-09T19:12:32.285565 | ERROR    | webgcs.mavlink.service | Error in telemetry streaming: Object of type datetime is not JSON serializable
2025-09-09T19:12:33.291379 | ERROR    | webgcs.mavlink.service | Error in telemetry streaming: Object of type datetime is not JSON serializable
2025-09-09T19:12:34.297343 | ERROR    | webgcs.mavlink.service | Error in telemetry streaming: Object of type datetime is not JSON serializable
2025-09-09T19:12:35.303345 | ERROR    | webgcs.mavlink.service | Error in telemetry streaming: Object of type datetime is not JSON serializable
2025-09-09T19:12:36.309363 | ERROR    | webgcs.mavlink.service | Error in telemetry streaming: Object of type datetime is not JSON serializable
2025-09-09T19:12:37.315985 | ERROR    | webgcs.mavlink.service | Error in telemetry streaming: Object of type datetime is not JSON serializable
2025-09-09T19:12:38.321415 | ERROR    | webgcs.mavlink.service | Error in telemetry streaming: Object of type datetime is not JSON serializable
2025-09-09T19:12:39.327462 | ERROR    | webgcs.mavlink.service | Error in telemetry streaming: Object of type datetime is not JSON serializable
2025-09-09T19:12:40.328916 | ERROR    | webgcs.mavlink.service | Error in telemetry streaming: Object of type datetime is not JSON serializable
2025-09-09T19:12:41.334217 | ERROR    | webgcs.mavlink.service | Error in telemetry streaming: Object of type datetime is not JSON serializable
2025-09-09T19:12:42.338465 | ERROR    | webgcs.mavlink.service | Error in telemetry streaming: Object of type datetime is not JSON serializable
2025-09-09T19:12:43.344353 | ERROR    | webgcs.mavlink.service | Error in telemetry streaming: Object of type datetime is not JSON serializable
2025-09-09T19:12:44.348349 | ERROR    | webgcs.mavlink.service | Error in telemetry streaming: Object of type datetime is not JSON serializable
2025-09-09T19:12:45.353069 | ERROR    | webgcs.mavlink.service | Error in telemetry streaming: Object of type datetime is not JSON serializable
2025-09-09T19:12:46.354898 | ERROR    | webgcs.mavlink.service | Error in telemetry streaming: Object of type datetime is not JSON serializable
2025-09-09T19:12:47.361316 | ERROR    | webgcs.mavlink.service | Error in telemetry streaming: Object of type datetime is not JSON serializable
2025-09-09T19:12:48.368695 | ERROR    | webgcs.mavlink.service | Error in telemetry streaming: Object of type datetime is not JSON serializable
2025-09-09T19:12:49.371237 | ERROR    | webgcs.mavlink.service | Error in telemetry streaming: Object of type datetime is not JSON serializable
2025-09-09T19:12:50.371704 | ERROR    | webgcs.mavlink.service | Error in telemetry streaming: Object of type datetime is not JSON serializable
2025-09-09T19:12:51.381873 | ERROR    | webgcs.mavlink.service | Error in telemetry streaming: Object of type datetime is not JSON serializable
2025-09-09T19:12:52.388093 | ERROR    | webgcs.mavlink.service | Error in telemetry streaming: Object of type datetime is not JSON serializable
2025-09-09T19:12:53.394966 | ERROR    | webgcs.mavlink.service | Error in telemetry streaming: Object of type datetime is not JSON serializable
2025-09-09T19:12:54.400894 | ERROR    | webgcs.mavlink.service | Error in telemetry streaming: Object of type datetime is not JSON serializable
2025-09-09T19:12:55.404978 | ERROR    | webgcs.mavlink.service | Error in telemetry streaming: Object of type datetime is not JSON serializable
2025-09-09T19:12:56.411190 | ERROR    | webgcs.mavlink.service | Error in telemetry streaming: Object of type datetime is not JSON serializable
2025-09-09T19:12:57.416348 | ERROR    | webgcs.mavlink.service | Error in telemetry streaming: Object of type datetime is not JSON serializable
2025-09-09T19:12:58.422503 | ERROR    | webgcs.mavlink.service | Error in telemetry streaming: Object of type datetime is not JSON serializable
2025-09-09T19:12:59.427644 | ERROR    | webgcs.mavlink.service | Error in telemetry streaming: Object of type datetime is not JSON serializable
2025-09-09T19:13:00.433875 | ERROR    | webgcs.mavlink.service | Error in telemetry streaming: Object of type datetime is not JSON serializable
2025-09-09T19:13:01.440120 | ERROR    | webgcs.mavlink.service | Error in telemetry streaming: Object of type datetime is not JSON serializable
2025-09-09T19:13:02.443252 | ERROR    | webgcs.mavlink.service | Error in telemetry streaming: Object of type datetime is not JSON serializable
2025-09-09T19:13:03.448428 | ERROR    | webgcs.mavlink.service | Error in telemetry streaming: Object of type datetime is not JSON serializable
2025-09-09T19:13:04.453637 | ERROR    | webgcs.mavlink.service | Error in telemetry streaming: Object of type datetime is not JSON serializable
2025-09-09T19:13:05.458810 | ERROR    | webgcs.mavlink.service | Error in telemetry streaming: Object of type datetime is not JSON serializable
2025-09-09T19:13:06.464634 | ERROR    | webgcs.mavlink.service | Error in telemetry streaming: Object of type datetime is not JSON serializable
2025-09-09T19:13:07.470381 | ERROR    | webgcs.mavlink.service | Error in telemetry streaming: Object of type datetime is not JSON serializable
2025-09-09T19:13:08.475791 | ERROR    | webgcs.mavlink.service | Error in telemetry streaming: Object of type datetime is not JSON serializable
2025-09-09T19:13:09.481672 | ERROR    | webgcs.mavlink.service | Error in telemetry streaming: Object of type datetime is not JSON serializable
2025-09-09T19:13:10.487433 | ERROR    | webgcs.mavlink.service | Error in telemetry streaming: Object of type datetime is not JSON serializable
2025-09-09T19:13:11.493728 | ERROR    | webgcs.mavlink.service | Error in telemetry streaming: Object of type datetime is not JSON serializable
2025-09-09T19:13:12.500297 | ERROR    | webgcs.mavlink.service | Error in telemetry streaming: Object of type datetime is not JSON serializable
2025-09-09T19:13:13.505893 | ERROR    | webgcs.mavlink.service | Error in telemetry streaming: Object of type datetime is not JSON serializable
2025-09-09T19:13:14.511266 | ERROR    | webgcs.mavlink.service | Error in telemetry streaming: Object of type datetime is not JSON serializable
2025-09-09T19:13:15.517976 | ERROR    | webgcs.mavlink.service | Error in telemetry streaming: Object of type datetime is not JSON serializable
2025-09-09T19:13:16.523607 | ERROR    | webgcs.mavlink.service | Error in telemetry streaming: Object of type datetime is not JSON serializable
2025-09-09T19:13:17.529848 | ERROR    | webgcs.mavlink.service | Error in telemetry streaming: Object of type datetime is not JSON serializable
2025-09-09T19:13:18.535596 | ERROR    | webgcs.mavlink.service | Error in telemetry streaming: Object of type datetime is not JSON serializable
2025-09-09T19:13:19.541521 | ERROR    | webgcs.mavlink.service | Error in telemetry streaming: Object of type datetime is not JSON serializable
2025-09-09T19:13:20.549644 | ERROR    | webgcs.mavlink.service | Error in telemetry streaming: Object of type datetime is not JSON serializable
2025-09-09T19:13:21.555199 | ERROR    | webgcs.mavlink.service | Error in telemetry streaming: Object of type datetime is not JSON serializable
2025-09-09T19:13:22.562656 | ERROR    | webgcs.mavlink.service | Error in telemetry streaming: Object of type datetime is not JSON serializable
2025-09-09T19:13:23.569260 | ERROR    | webgcs.mavlink.service | Error in telemetry streaming: Object of type datetime is not JSON serializable
2025-09-09T19:13:24.575240 | ERROR    | webgcs.mavlink.service | Error in telemetry streaming: Object of type datetime is not JSON serializable
2025-09-09T19:13:25.580983 | ERROR    | webgcs.mavlink.service | Error in telemetry streaming: Object of type datetime is not JSON serializable
2025-09-09T19:13:26.586260 | ERROR    | webgcs.mavlink.service | Error in telemetry streaming: Object of type datetime is not JSON serializable
2025-09-09T19:13:27.592635 | ERROR    | webgcs.mavlink.service | Error in telemetry streaming: Object of type datetime is not JSON serializable
2025-09-09T19:13:28.598405 | ERROR    | webgcs.mavlink.service | Error in telemetry streaming: Object of type datetime is not JSON serializable
2025-09-09T19:13:29.605015 | ERROR    | webgcs.mavlink.service | Error in telemetry streaming: Object of type datetime is not JSON serializable
2025-09-09T19:13:30.611018 | ERROR    | webgcs.mavlink.service | Error in telemetry streaming: Object of type datetime is not JSON serializable
2025-09-09T19:13:31.616910 | ERROR    | webgcs.mavlink.service | Error in telemetry streaming: Object of type datetime is not JSON serializable
2025-09-09T19:13:32.623032 | ERROR    | webgcs.mavlink.service | Error in telemetry streaming: Object of type datetime is not JSON serializable
2025-09-09T19:13:33.629254 | ERROR    | webgcs.mavlink.service | Error in telemetry streaming: Object of type datetime is not JSON serializable
2025-09-09T19:13:34.634827 | ERROR    | webgcs.mavlink.service | Error in telemetry streaming: Object of type datetime is not JSON serializable
2025-09-09T19:13:35.635460 | ERROR    | webgcs.mavlink.service | Error in telemetry streaming: Object of type datetime is not JSON serializable
2025-09-09T19:13:36.641903 | ERROR    | webgcs.mavlink.service | Error in telemetry streaming: Object of type datetime is not JSON serializable
2025-09-09T19:13:37.648032 | ERROR    | webgcs.mavlink.service | Error in telemetry streaming: Object of type datetime is not JSON serializable
2025-09-09T19:13:38.653863 | ERROR    | webgcs.mavlink.service | Error in telemetry streaming: Object of type datetime is not JSON serializable
2025-09-09T19:13:39.659632 | ERROR    | webgcs.mavlink.service | Error in telemetry streaming: Object of type datetime is not JSON serializable
2025-09-09T19:13:40.665092 | ERROR    | webgcs.mavlink.service | Error in telemetry streaming: Object of type datetime is not JSON serializable
2025-09-09T19:13:41.671820 | ERROR    | webgcs.mavlink.service | Error in telemetry streaming: Object of type datetime is not JSON serializable
2025-09-09T19:13:42.677370 | ERROR    | webgcs.mavlink.service | Error in telemetry streaming: Object of type datetime is not JSON serializable
2025-09-09T19:13:43.683084 | ERROR    | webgcs.mavlink.service | Error in telemetry streaming: Object of type datetime is not JSON serializable
2025-09-09T19:13:44.688504 | ERROR    | webgcs.mavlink.service | Error in telemetry streaming: Object of type datetime is not JSON serializable
2025-09-09T19:13:45.694401 | ERROR    | webgcs.mavlink.service | Error in telemetry streaming: Object of type datetime is not JSON serializable
2025-09-09T19:13:46.700242 | ERROR    | webgcs.mavlink.service | Error in telemetry streaming: Object of type datetime is not JSON serializable
2025-09-09T19:13:47.706170 | ERROR    | webgcs.mavlink.service | Error in telemetry streaming: Object of type datetime is not JSON serializable
2025-09-09T19:13:48.711763 | ERROR    | webgcs.mavlink.service | Error in telemetry streaming: Object of type datetime is not JSON serializable
2025-09-09T19:13:49.716989 | ERROR    | webgcs.mavlink.service | Error in telemetry streaming: Object of type datetime is not JSON serializable
2025-09-09T19:13:50.724035 | ERROR    | webgcs.mavlink.service | Error in telemetry streaming: Object of type datetime is not JSON serializable
2025-09-09T19:13:51.729452 | ERROR    | webgcs.mavlink.service | Error in telemetry streaming: Object of type datetime is not JSON serializable
2025-09-09T19:13:52.735172 | ERROR    | webgcs.mavlink.service | Error in telemetry streaming: Object of type datetime is not JSON serializable
2025-09-09T19:13:53.742277 | ERROR    | webgcs.mavlink.service | Error in telemetry streaming: Object of type datetime is not JSON serializable
2025-09-09T19:13:54.747408 | ERROR    | webgcs.mavlink.service | Error in telemetry streaming: Object of type datetime is not JSON serializable
2025-09-09T19:13:55.753747 | ERROR    | webgcs.mavlink.service | Error in telemetry streaming: Object of type datetime is not JSON serializable
2025-09-09T19:13:56.758073 | ERROR    | webgcs.mavlink.service | Error in telemetry streaming: Object of type datetime is not JSON serializable
2025-09-09T19:13:57.764327 | ERROR    | webgcs.mavlink.service | Error in telemetry streaming: Object of type datetime is not JSON serializable
2025-09-09T19:13:58.769484 | ERROR    | webgcs.mavlink.service | Error in telemetry streaming: Object of type datetime is not JSON serializable
2025-09-09T19:13:59.776277 | ERROR    | webgcs.mavlink.service | Error in telemetry streaming: Object of type datetime is not JSON serializable
2025-09-09T19:14:00.783068 | ERROR    | webgcs.mavlink.service | Error in telemetry streaming: Object of type datetime is not JSON serializable
2025-09-09T19:14:01.788940 | ERROR    | webgcs.mavlink.service | Error in telemetry streaming: Object of type datetime is not JSON serializable
2025-09-09T19:14:02.794135 | ERROR    | webgcs.mavlink.service | Error in telemetry streaming: Object of type datetime is not JSON serializable
2025-09-09T19:14:03.801534 | ERROR    | webgcs.mavlink.service | Error in telemetry streaming: Object of type datetime is not JSON serializable
2025-09-09T19:14:04.807368 | ERROR    | webgcs.mavlink.service | Error in telemetry streaming: Object of type datetime is not JSON serializable
2025-09-09T19:14:05.813636 | ERROR    | webgcs.mavlink.service | Error in telemetry streaming: Object of type datetime is not JSON serializable
2025-09-09T19:14:06.818874 | ERROR    | webgcs.mavlink.service | Error in telemetry streaming: Object of type datetime is not JSON serializable
2025-09-09T19:14:07.824273 | ERROR    | webgcs.mavlink.service | Error in telemetry streaming: Object of type datetime is not JSON serializable
2025-09-09T19:14:08.830144 | ERROR    | webgcs.mavlink.service | Error in telemetry streaming: Object of type datetime is not JSON serializable
2025-09-09T19:14:09.836659 | ERROR    | webgcs.mavlink.service | Error in telemetry streaming: Object of type datetime is not JSON serializable
2025-09-09T19:14:10.843177 | ERROR    | webgcs.mavlink.service | Error in telemetry streaming: Object of type datetime is not JSON serializable
2025-09-09T19:14:11.848814 | ERROR    | webgcs.mavlink.service | Error in telemetry streaming: Object of type datetime is not JSON serializable
2025-09-09T19:14:12.854336 | ERROR    | webgcs.mavlink.service | Error in telemetry streaming: Object of type datetime is not JSON serializable
2025-09-09T19:14:13.859640 | ERROR    | webgcs.mavlink.service | Error in telemetry streaming: Object of type datetime is not JSON serializable
2025-09-09T19:14:14.865550 | ERROR    | webgcs.mavlink.service | Error in telemetry streaming: Object of type datetime is not JSON serializable
2025-09-09T19:14:15.870846 | ERROR    | webgcs.mavlink.service | Error in telemetry streaming: Object of type datetime is not JSON serializable
2025-09-09T19:14:16.876116 | ERROR    | webgcs.mavlink.service | Error in telemetry streaming: Object of type datetime is not JSON serializable
2025-09-09T19:14:17.883704 | ERROR    | webgcs.mavlink.service | Error in telemetry streaming: Object of type datetime is not JSON serializable
2025-09-09T19:14:18.889491 | ERROR    | webgcs.mavlink.service | Error in telemetry streaming: Object of type datetime is not JSON serializable
2025-09-09T19:14:19.894896 | ERROR    | webgcs.mavlink.service | Error in telemetry streaming: Object of type datetime is not JSON serializable
2025-09-09T19:14:20.900673 | ERROR    | webgcs.mavlink.service | Error in telemetry streaming: Object of type datetime is not JSON serializable
2025-09-09T19:14:21.906542 | ERROR    | webgcs.mavlink.service | Error in telemetry streaming: Object of type datetime is not JSON serializable
2025-09-09T19:14:22.911864 | ERROR    | webgcs.mavlink.service | Error in telemetry streaming: Object of type datetime is not JSON serializable
2025-09-09T19:14:23.916532 | ERROR    | webgcs.mavlink.service | Error in telemetry streaming: Object of type datetime is not JSON serializable
2025-09-09T19:14:24.921966 | ERROR    | webgcs.mavlink.service | Error in telemetry streaming: Object of type datetime is not JSON serializable
2025-09-09T19:14:25.927778 | ERROR    | webgcs.mavlink.service | Error in telemetry streaming: Object of type datetime is not JSON serializable
2025-09-09T19:14:26.934770 | ERROR    | webgcs.mavlink.service | Error in telemetry streaming: Object of type datetime is not JSON serializable
2025-09-09T19:14:27.941018 | ERROR    | webgcs.mavlink.service | Error in telemetry streaming: Object of type datetime is not JSON serializable
2025-09-09T19:14:28.946887 | ERROR    | webgcs.mavlink.service | Error in telemetry streaming: Object of type datetime is not JSON serializable
2025-09-09T19:14:29.952020 | ERROR    | webgcs.mavlink.service | Error in telemetry streaming: Object of type datetime is not JSON serializable
2025-09-09T19:14:30.957811 | ERROR    | webgcs.mavlink.service | Error in telemetry streaming: Object of type datetime is not JSON serializable
2025-09-09T19:14:31.963444 | ERROR    | webgcs.mavlink.service | Error in telemetry streaming: Object of type datetime is not JSON serializable
2025-09-09T19:14:32.969068 | ERROR    | webgcs.mavlink.service | Error in telemetry streaming: Object of type datetime is not JSON serializable
2025-09-09T19:14:33.975333 | ERROR    | webgcs.mavlink.service | Error in telemetry streaming: Object of type datetime is not JSON serializable
2025-09-09T19:14:34.986396 | ERROR    | webgcs.mavlink.service | Error in telemetry streaming: Object of type datetime is not JSON serializable
2025-09-09T19:14:35.997998 | ERROR    | webgcs.mavlink.service | Error in telemetry streaming: Object of type datetime is not JSON serializable
2025-09-09T19:14:37.008591 | ERROR    | webgcs.mavlink.service | Error in telemetry streaming: Object of type datetime is not JSON serializable
2025-09-09T19:14:38.020020 | ERROR    | webgcs.mavlink.service | Error in telemetry streaming: Object of type datetime is not JSON serializable
2025-09-09T19:14:39.031163 | ERROR    | webgcs.mavlink.service | Error in telemetry streaming: Object of type datetime is not JSON serializable
2025-09-09T19:14:40.042064 | ERROR    | webgcs.mavlink.service | Error in telemetry streaming: Object of type datetime is not JSON serializable
2025-09-09T19:14:41.052224 | ERROR    | webgcs.mavlink.service | Error in telemetry streaming: Object of type datetime is not JSON serializable
2025-09-09T19:14:42.063194 | ERROR    | webgcs.mavlink.service | Error in telemetry streaming: Object of type datetime is not JSON serializable
2025-09-09T19:14:43.073439 | ERROR    | webgcs.mavlink.service | Error in telemetry streaming: Object of type datetime is not JSON serializable
2025-09-09T19:14:44.084992 | ERROR    | webgcs.mavlink.service | Error in telemetry streaming: Object of type datetime is not JSON serializable
2025-09-09T19:14:45.097377 | ERROR    | webgcs.mavlink.service | Error in telemetry streaming: Object of type datetime is not JSON serializable
2025-09-09T19:14:46.108262 | ERROR    | webgcs.mavlink.service | Error in telemetry streaming: Object of type datetime is not JSON serializable
2025-09-09T19:14:47.119940 | ERROR    | webgcs.mavlink.service | Error in telemetry streaming: Object of type datetime is not JSON serializable
2025-09-09T19:14:48.131379 | ERROR    | webgcs.mavlink.service | Error in telemetry streaming: Object of type datetime is not JSON serializable
2025-09-09T19:14:49.136203 | ERROR    | webgcs.mavlink.service | Error in telemetry streaming: Object of type datetime is not JSON serializable
2025-09-09T19:14:50.141328 | ERROR    | webgcs.mavlink.service | Error in telemetry streaming: Object of type datetime is not JSON serializable
2025-09-09T19:14:51.151484 | ERROR    | webgcs.mavlink.service | Error in telemetry streaming: Object of type datetime is not JSON serializable
2025-09-09T19:14:52.161618 | ERROR    | webgcs.mavlink.service | Error in telemetry streaming: Object of type datetime is not JSON serializable
2025-09-09T19:14:53.163959 | ERROR    | webgcs.mavlink.service | Error in telemetry streaming: Object of type datetime is not JSON serializable
2025-09-09T19:14:54.174759 | ERROR    | webgcs.mavlink.service | Error in telemetry streaming: Object of type datetime is not JSON serializable
2025-09-09T19:14:55.185637 | ERROR    | webgcs.mavlink.service | Error in telemetry streaming: Object of type datetime is not JSON serializable
2025-09-09T19:14:56.196125 | ERROR    | webgcs.mavlink.service | Error in telemetry streaming: Object of type datetime is not JSON serializable
2025-09-09T19:14:57.208364 | ERROR    | webgcs.mavlink.service | Error in telemetry streaming: Object of type datetime is not JSON serializable
2025-09-09T19:14:58.220582 | ERROR    | webgcs.mavlink.service | Error in telemetry streaming: Object of type datetime is not JSON serializable
2025-09-09T19:14:59.231112 | ERROR    | webgcs.mavlink.service | Error in telemetry streaming: Object of type datetime is not JSON serializable
2025-09-09T19:15:00.241250 | ERROR    | webgcs.mavlink.service | Error in telemetry streaming: Object of type datetime is not JSON serializable
2025-09-09T19:15:01.251462 | ERROR    | webgcs.mavlink.service | Error in telemetry streaming: Object of type datetime is not JSON serializable
2025-09-09T19:15:02.263666 | ERROR    | webgcs.mavlink.service | Error in telemetry streaming: Object of type datetime is not JSON serializable
2025-09-09T19:15:03.274824 | ERROR    | webgcs.mavlink.service | Error in telemetry streaming: Object of type datetime is not JSON serializable
2025-09-09T19:15:04.285904 | ERROR    | webgcs.mavlink.service | Error in telemetry streaming: Object of type datetime is not JSON serializable
2025-09-09T19:15:05.296669 | ERROR    | webgcs.mavlink.service | Error in telemetry streaming: Object of type datetime is not JSON serializable
2025-09-09T19:15:06.307510 | ERROR    | webgcs.mavlink.service | Error in telemetry streaming: Object of type datetime is not JSON serializable
2025-09-09T19:15:07.318384 | ERROR    | webgcs.mavlink.service | Error in telemetry streaming: Object of type datetime is not JSON serializable
2025-09-09T19:15:08.322663 | ERROR    | webgcs.mavlink.service | Error in telemetry streaming: Object of type datetime is not JSON serializable
2025-09-09T19:15:09.334562 | ERROR    | webgcs.mavlink.service | Error in telemetry streaming: Object of type datetime is not JSON serializable
2025-09-09T19:15:10.340603 | ERROR    | webgcs.mavlink.service | Error in telemetry streaming: Object of type datetime is not JSON serializable
2025-09-09T19:15:11.350027 | ERROR    | webgcs.mavlink.service | Error in telemetry streaming: Object of type datetime is not JSON serializable
2025-09-09T19:15:12.361651 | ERROR    | webgcs.mavlink.service | Error in telemetry streaming: Object of type datetime is not JSON serializable
2025-09-09T19:15:13.372785 | ERROR    | webgcs.mavlink.service | Error in telemetry streaming: Object of type datetime is not JSON serializable
2025-09-09T19:15:14.384218 | ERROR    | webgcs.mavlink.service | Error in telemetry streaming: Object of type datetime is not JSON serializable
2025-09-09T19:15:15.394464 | ERROR    | webgcs.mavlink.service | Error in telemetry streaming: Object of type datetime is not JSON serializable
2025-09-09T19:15:16.404605 | ERROR    | webgcs.mavlink.service | Error in telemetry streaming: Object of type datetime is not JSON serializable
2025-09-09T19:15:17.406887 | ERROR    | webgcs.mavlink.service | Error in telemetry streaming: Object of type datetime is not JSON serializable
2025-09-09T19:15:18.417555 | ERROR    | webgcs.mavlink.service | Error in telemetry streaming: Object of type datetime is not JSON serializable
2025-09-09T19:15:19.424727 | ERROR    | webgcs.mavlink.service | Error in telemetry streaming: Object of type datetime is not JSON serializable
2025-09-09T19:15:20.435462 | ERROR    | webgcs.mavlink.service | Error in telemetry streaming: Object of type datetime is not JSON serializable
2025-09-09T19:15:21.448274 | ERROR    | webgcs.mavlink.service | Error in telemetry streaming: Object of type datetime is not JSON serializable
2025-09-09T19:15:22.457378 | ERROR    | webgcs.mavlink.service | Error in telemetry streaming: Object of type datetime is not JSON serializable
2025-09-09T19:15:23.468419 | ERROR    | webgcs.mavlink.service | Error in telemetry streaming: Object of type datetime is not JSON serializable
2025-09-09T19:15:24.479230 | ERROR    | webgcs.mavlink.service | Error in telemetry streaming: Object of type datetime is not JSON serializable
2025-09-09T19:15:25.490660 | ERROR    | webgcs.mavlink.service | Error in telemetry streaming: Object of type datetime is not JSON serializable
2025-09-09T19:15:26.501552 | ERROR    | webgcs.mavlink.service | Error in telemetry streaming: Object of type datetime is not JSON serializable
2025-09-09T19:15:27.513131 | ERROR    | webgcs.mavlink.service | Error in telemetry streaming: Object of type datetime is not JSON serializable
2025-09-09T19:15:28.524088 | ERROR    | webgcs.mavlink.service | Error in telemetry streaming: Object of type datetime is not JSON serializable
2025-09-09T19:15:29.535926 | ERROR    | webgcs.mavlink.service | Error in telemetry streaming: Object of type datetime is not JSON serializable
2025-09-09T19:15:30.546509 | ERROR    | webgcs.mavlink.service | Error in telemetry streaming: Object of type datetime is not JSON serializable
2025-09-09T19:15:31.557437 | ERROR    | webgcs.mavlink.service | Error in telemetry streaming: Object of type datetime is not JSON serializable
2025-09-09T19:15:32.568371 | ERROR    | webgcs.mavlink.service | Error in telemetry streaming: Object of type datetime is not JSON serializable
2025-09-09T19:15:33.579337 | ERROR    | webgcs.mavlink.service | Error in telemetry streaming: Object of type datetime is not JSON serializable
2025-09-09T19:15:34.589748 | ERROR    | webgcs.mavlink.service | Error in telemetry streaming: Object of type datetime is not JSON serializable
2025-09-09T19:15:35.600497 | ERROR    | webgcs.mavlink.service | Error in telemetry streaming: Object of type datetime is not JSON serializable
2025-09-09T19:15:36.611076 | ERROR    | webgcs.mavlink.service | Error in telemetry streaming: Object of type datetime is not JSON serializable
2025-09-09T19:15:37.621689 | ERROR    | webgcs.mavlink.service | Error in telemetry streaming: Object of type datetime is not JSON serializable
2025-09-09T19:15:38.632340 | ERROR    | webgcs.mavlink.service | Error in telemetry streaming: Object of type datetime is not JSON serializable
2025-09-09T19:15:39.642897 | ERROR    | webgcs.mavlink.service | Error in telemetry streaming: Object of type datetime is not JSON serializable
2025-09-09T19:15:40.654545 | ERROR    | webgcs.mavlink.service | Error in telemetry streaming: Object of type datetime is not JSON serializable
2025-09-09T19:15:41.665897 | ERROR    | webgcs.mavlink.service | Error in telemetry streaming: Object of type datetime is not JSON serializable
2025-09-09T19:15:42.676910 | ERROR    | webgcs.mavlink.service | Error in telemetry streaming: Object of type datetime is not JSON serializable
2025-09-09T19:15:43.688133 | ERROR    | webgcs.mavlink.service | Error in telemetry streaming: Object of type datetime is not JSON serializable
2025-09-09T19:15:44.699458 | ERROR    | webgcs.mavlink.service | Error in telemetry streaming: Object of type datetime is not JSON serializable
2025-09-09T19:15:45.710534 | ERROR    | webgcs.mavlink.service | Error in telemetry streaming: Object of type datetime is not JSON serializable
2025-09-09T19:15:46.720679 | ERROR    | webgcs.mavlink.service | Error in telemetry streaming: Object of type datetime is not JSON serializable
2025-09-09T19:15:47.721202 | ERROR    | webgcs.mavlink.service | Error in telemetry streaming: Object of type datetime is not JSON serializable
2025-09-09T19:15:48.731423 | ERROR    | webgcs.mavlink.service | Error in telemetry streaming: Object of type datetime is not JSON serializable
2025-09-09T19:15:49.742301 | ERROR    | webgcs.mavlink.service | Error in telemetry streaming: Object of type datetime is not JSON serializable
2025-09-09T19:15:50.753047 | ERROR    | webgcs.mavlink.service | Error in telemetry streaming: Object of type datetime is not JSON serializable
2025-09-09T19:15:51.759414 | ERROR    | webgcs.mavlink.service | Error in telemetry streaming: Object of type datetime is not JSON serializable
2025-09-09T19:15:52.759876 | ERROR    | webgcs.mavlink.service | Error in telemetry streaming: Object of type datetime is not JSON serializable
2025-09-09T19:15:53.770041 | ERROR    | webgcs.mavlink.service | Error in telemetry streaming: Object of type datetime is not JSON serializable
2025-09-09T19:15:54.780574 | ERROR    | webgcs.mavlink.service | Error in telemetry streaming: Object of type datetime is not JSON serializable
2025-09-09T19:15:55.791130 | ERROR    | webgcs.mavlink.service | Error in telemetry streaming: Object of type datetime is not JSON serializable
2025-09-09T19:15:56.801569 | ERROR    | webgcs.mavlink.service | Error in telemetry streaming: Object of type datetime is not JSON serializable
2025-09-09T19:15:57.813808 | ERROR    | webgcs.mavlink.service | Error in telemetry streaming: Object of type datetime is not JSON serializable
2025-09-09T19:15:58.824460 | ERROR    | webgcs.mavlink.service | Error in telemetry streaming: Object of type datetime is not JSON serializable
2025-09-09T19:15:59.836147 | ERROR    | webgcs.mavlink.service | Error in telemetry streaming: Object of type datetime is not JSON serializable
2025-09-09T19:16:00.841152 | ERROR    | webgcs.mavlink.service | Error in telemetry streaming: Object of type datetime is not JSON serializable
2025-09-09T19:16:01.851586 | ERROR    | webgcs.mavlink.service | Error in telemetry streaming: Object of type datetime is not JSON serializable
2025-09-09T19:16:02.861743 | ERROR    | webgcs.mavlink.service | Error in telemetry streaming: Object of type datetime is not JSON serializable
2025-09-09T19:16:03.871975 | ERROR    | webgcs.mavlink.service | Error in telemetry streaming: Object of type datetime is not JSON serializable
2025-09-09T19:16:04.884971 | ERROR    | webgcs.mavlink.service | Error in telemetry streaming: Object of type datetime is not JSON serializable
2025-09-09T19:16:05.895154 | ERROR    | webgcs.mavlink.service | Error in telemetry streaming: Object of type datetime is not JSON serializable
2025-09-09T19:16:06.906492 | ERROR    | webgcs.mavlink.service | Error in telemetry streaming: Object of type datetime is not JSON serializable
2025-09-09T19:16:07.916988 | ERROR    | webgcs.mavlink.service | Error in telemetry streaming: Object of type datetime is not JSON serializable
2025-09-09T19:16:08.927493 | ERROR    | webgcs.mavlink.service | Error in telemetry streaming: Object of type datetime is not JSON serializable
2025-09-09T19:16:09.938499 | ERROR    | webgcs.mavlink.service | Error in telemetry streaming: Object of type datetime is not JSON serializable
2025-09-09T19:16:10.950636 | ERROR    | webgcs.mavlink.service | Error in telemetry streaming: Object of type datetime is not JSON serializable
2025-09-09T19:16:11.957868 | ERROR    | webgcs.mavlink.service | Error in telemetry streaming: Object of type datetime is not JSON serializable
2025-09-09T19:16:12.968623 | ERROR    | webgcs.mavlink.service | Error in telemetry streaming: Object of type datetime is not JSON serializable
2025-09-09T19:16:13.978972 | ERROR    | webgcs.mavlink.service | Error in telemetry streaming: Object of type datetime is not JSON serializable
2025-09-09T19:16:14.989619 | ERROR    | webgcs.mavlink.service | Error in telemetry streaming: Object of type datetime is not JSON serializable
2025-09-09T19:16:16.001290 | ERROR    | webgcs.mavlink.service | Error in telemetry streaming: Object of type datetime is not JSON serializable
2025-09-09T19:16:17.011659 | ERROR    | webgcs.mavlink.service | Error in telemetry streaming: Object of type datetime is not JSON serializable
2025-09-09T19:16:18.021806 | ERROR    | webgcs.mavlink.service | Error in telemetry streaming: Object of type datetime is not JSON serializable
2025-09-09T19:16:19.032743 | ERROR    | webgcs.mavlink.service | Error in telemetry streaming: Object of type datetime is not JSON serializable
2025-09-09T19:16:20.043509 | ERROR    | webgcs.mavlink.service | Error in telemetry streaming: Object of type datetime is not JSON serializable
2025-09-09T19:16:21.054361 | ERROR    | webgcs.mavlink.service | Error in telemetry streaming: Object of type datetime is not JSON serializable
2025-09-09T19:16:22.064933 | ERROR    | webgcs.mavlink.service | Error in telemetry streaming: Object of type datetime is not JSON serializable
2025-09-09T19:16:23.075601 | ERROR    | webgcs.mavlink.service | Error in telemetry streaming: Object of type datetime is not JSON serializable
2025-09-09T19:16:24.086363 | ERROR    | webgcs.mavlink.service | Error in telemetry streaming: Object of type datetime is not JSON serializable
2025-09-09T19:16:25.098128 | ERROR    | webgcs.mavlink.service | Error in telemetry streaming: Object of type datetime is not JSON serializable
2025-09-09T19:16:26.101287 | ERROR    | webgcs.mavlink.service | Error in telemetry streaming: Object of type datetime is not JSON serializable
2025-09-09T19:16:27.113379 | ERROR    | webgcs.mavlink.service | Error in telemetry streaming: Object of type datetime is not JSON serializable
2025-09-09T19:16:28.118391 | ERROR    | webgcs.mavlink.service | Error in telemetry streaming: Object of type datetime is not JSON serializable
2025-09-09T19:16:29.123247 | ERROR    | webgcs.mavlink.service | Error in telemetry streaming: Object of type datetime is not JSON serializable
2025-09-09T19:16:30.135554 | ERROR    | webgcs.mavlink.service | Error in telemetry streaming: Object of type datetime is not JSON serializable
2025-09-09T19:16:31.146309 | ERROR    | webgcs.mavlink.service | Error in telemetry streaming: Object of type datetime is not JSON serializable
2025-09-09T19:16:32.158089 | ERROR    | webgcs.mavlink.service | Error in telemetry streaming: Object of type datetime is not JSON serializable
2025-09-09T19:16:33.169427 | ERROR    | webgcs.mavlink.service | Error in telemetry streaming: Object of type datetime is not JSON serializable
2025-09-09T19:16:34.181201 | ERROR    | webgcs.mavlink.service | Error in telemetry streaming: Object of type datetime is not JSON serializable
2025-09-09T19:16:35.191427 | ERROR    | webgcs.mavlink.service | Error in telemetry streaming: Object of type datetime is not JSON serializable
2025-09-09T19:16:36.202108 | ERROR    | webgcs.mavlink.service | Error in telemetry streaming: Object of type datetime is not JSON serializable
2025-09-09T19:16:37.212231 | ERROR    | webgcs.mavlink.service | Error in telemetry streaming: Object of type datetime is not JSON serializable
2025-09-09T19:16:38.223492 | ERROR    | webgcs.mavlink.service | Error in telemetry streaming: Object of type datetime is not JSON serializable
2025-09-09T19:16:39.234149 | ERROR    | webgcs.mavlink.service | Error in telemetry streaming: Object of type datetime is not JSON serializable
2025-09-09T19:16:40.244908 | ERROR    | webgcs.mavlink.service | Error in telemetry streaming: Object of type datetime is not JSON serializable
2025-09-09T19:16:41.256196 | ERROR    | webgcs.mavlink.service | Error in telemetry streaming: Object of type datetime is not JSON serializable
2025-09-09T19:16:42.266996 | ERROR    | webgcs.mavlink.service | Error in telemetry streaming: Object of type datetime is not JSON serializable
2025-09-09T19:16:43.277812 | ERROR    | webgcs.mavlink.service | Error in telemetry streaming: Object of type datetime is not JSON serializable
2025-09-09T19:16:44.288627 | ERROR    | webgcs.mavlink.service | Error in telemetry streaming: Object of type datetime is not JSON serializable
2025-09-09T19:16:45.299838 | ERROR    | webgcs.mavlink.service | Error in telemetry streaming: Object of type datetime is not JSON serializable
2025-09-09T19:16:46.311272 | ERROR    | webgcs.mavlink.service | Error in telemetry streaming: Object of type datetime is not JSON serializable
2025-09-09T19:16:47.322012 | ERROR    | webgcs.mavlink.service | Error in telemetry streaming: Object of type datetime is not JSON serializable
2025-09-09T19:16:48.332178 | ERROR    | webgcs.mavlink.service | Error in telemetry streaming: Object of type datetime is not JSON serializable
2025-09-09T19:16:49.342354 | ERROR    | webgcs.mavlink.service | Error in telemetry streaming: Object of type datetime is not JSON serializable
2025-09-09T19:16:50.352533 | ERROR    | webgcs.mavlink.service | Error in telemetry streaming: Object of type datetime is not JSON serializable
2025-09-09T19:16:51.363390 | ERROR    | webgcs.mavlink.service | Error in telemetry streaming: Object of type datetime is not JSON serializable
2025-09-09T19:16:52.373977 | ERROR    | webgcs.mavlink.service | Error in telemetry streaming: Object of type datetime is not JSON serializable
2025-09-09T19:16:53.384117 | ERROR    | webgcs.mavlink.service | Error in telemetry streaming: Object of type datetime is not JSON serializable
2025-09-09T19:16:54.391732 | ERROR    | webgcs.mavlink.service | Error in telemetry streaming: Object of type datetime is not JSON serializable
2025-09-09T19:16:55.403899 | ERROR    | webgcs.mavlink.service | Error in telemetry streaming: Object of type datetime is not JSON serializable
2025-09-09T19:16:56.414847 | ERROR    | webgcs.mavlink.service | Error in telemetry streaming: Object of type datetime is not JSON serializable
2025-09-09T19:16:57.426347 | ERROR    | webgcs.mavlink.service | Error in telemetry streaming: Object of type datetime is not JSON serializable
2025-09-09T19:16:58.437521 | ERROR    | webgcs.mavlink.service | Error in telemetry streaming: Object of type datetime is not JSON serializable
2025-09-09T19:16:59.441700 | ERROR    | webgcs.mavlink.service | Error in telemetry streaming: Object of type datetime is not JSON serializable
2025-09-09T19:17:00.446580 | ERROR    | webgcs.mavlink.service | Error in telemetry streaming: Object of type datetime is not JSON serializable
2025-09-09T19:17:01.457419 | ERROR    | webgcs.mavlink.service | Error in telemetry streaming: Object of type datetime is not JSON serializable
2025-09-09T19:17:02.468038 | ERROR    | webgcs.mavlink.service | Error in telemetry streaming: Object of type datetime is not JSON serializable
2025-09-09T19:17:03.475348 | ERROR    | webgcs.mavlink.service | Error in telemetry streaming: Object of type datetime is not JSON serializable
2025-09-09T19:17:04.485577 | ERROR    | webgcs.mavlink.service | Error in telemetry streaming: Object of type datetime is not JSON serializable
2025-09-09T19:17:05.496182 | ERROR    | webgcs.mavlink.service | Error in telemetry streaming: Object of type datetime is not JSON serializable
2025-09-09T19:17:06.506392 | ERROR    | webgcs.mavlink.service | Error in telemetry streaming: Object of type datetime is not JSON serializable
2025-09-09T19:17:07.518549 | ERROR    | webgcs.mavlink.service | Error in telemetry streaming: Object of type datetime is not JSON serializable
2025-09-09T19:17:08.528836 | ERROR    | webgcs.mavlink.service | Error in telemetry streaming: Object of type datetime is not JSON serializable
2025-09-09T19:17:09.539663 | ERROR    | webgcs.mavlink.service | Error in telemetry streaming: Object of type datetime is not JSON serializable
2025-09-09T19:17:10.550192 | ERROR    | webgcs.mavlink.service | Error in telemetry streaming: Object of type datetime is not JSON serializable
2025-09-09T19:17:11.561044 | ERROR    | webgcs.mavlink.service | Error in telemetry streaming: Object of type datetime is not JSON serializable
2025-09-09T19:17:12.572777 | ERROR    | webgcs.mavlink.service | Error in telemetry streaming: Object of type datetime is not JSON serializable
2025-09-09T19:17:13.584290 | ERROR    | webgcs.mavlink.service | Error in telemetry streaming: Object of type datetime is not JSON serializable
2025-09-09T19:17:14.594506 | ERROR    | webgcs.mavlink.service | Error in telemetry streaming: Object of type datetime is not JSON serializable
2025-09-09T19:17:15.606927 | ERROR    | webgcs.mavlink.service | Error in telemetry streaming: Object of type datetime is not JSON serializable
2025-09-09T19:17:16.617727 | ERROR    | webgcs.mavlink.service | Error in telemetry streaming: Object of type datetime is not JSON serializable
2025-09-09T19:17:17.628248 | ERROR    | webgcs.mavlink.service | Error in telemetry streaming: Object of type datetime is not JSON serializable
2025-09-09T19:17:18.639523 | ERROR    | webgcs.mavlink.service | Error in telemetry streaming: Object of type datetime is not JSON serializable
2025-09-09T19:17:19.649983 | ERROR    | webgcs.mavlink.service | Error in telemetry streaming: Object of type datetime is not JSON serializable
2025-09-09T19:17:20.661234 | ERROR    | webgcs.mavlink.service | Error in telemetry streaming: Object of type datetime is not JSON serializable
2025-09-09T19:17:21.671779 | ERROR    | webgcs.mavlink.service | Error in telemetry streaming: Object of type datetime is not JSON serializable
2025-09-09T19:17:22.684219 | ERROR    | webgcs.mavlink.service | Error in telemetry streaming: Object of type datetime is not JSON serializable
2025-09-09T19:17:23.695303 | ERROR    | webgcs.mavlink.service | Error in telemetry streaming: Object of type datetime is not JSON serializable
2025-09-09T19:17:24.706195 | ERROR    | webgcs.mavlink.service | Error in telemetry streaming: Object of type datetime is not JSON serializable
2025-09-09T19:17:25.717694 | ERROR    | webgcs.mavlink.service | Error in telemetry streaming: Object of type datetime is not JSON serializable
2025-09-09T19:17:26.728121 | ERROR    | webgcs.mavlink.service | Error in telemetry streaming: Object of type datetime is not JSON serializable
2025-09-09T19:17:27.739170 | ERROR    | webgcs.mavlink.service | Error in telemetry streaming: Object of type datetime is not JSON serializable
2025-09-09T19:17:28.751337 | ERROR    | webgcs.mavlink.service | Error in telemetry streaming: Object of type datetime is not JSON serializable
2025-09-09T19:17:29.760880 | ERROR    | webgcs.mavlink.service | Error in telemetry streaming: Object of type datetime is not JSON serializable
2025-09-09T19:17:30.761187 | ERROR    | webgcs.mavlink.service | Error in telemetry streaming: Object of type datetime is not JSON serializable
2025-09-09T19:17:31.772232 | ERROR    | webgcs.mavlink.service | Error in telemetry streaming: Object of type datetime is not JSON serializable
2025-09-09T19:17:32.783351 | ERROR    | webgcs.mavlink.service | Error in telemetry streaming: Object of type datetime is not JSON serializable
2025-09-09T19:17:33.793509 | ERROR    | webgcs.mavlink.service | Error in telemetry streaming: Object of type datetime is not JSON serializable
2025-09-09T19:17:34.803629 | ERROR    | webgcs.mavlink.service | Error in telemetry streaming: Object of type datetime is not JSON serializable
2025-09-09T19:17:35.814685 | ERROR    | webgcs.mavlink.service | Error in telemetry streaming: Object of type datetime is not JSON serializable
2025-09-09T19:17:36.824871 | ERROR    | webgcs.mavlink.service | Error in telemetry streaming: Object of type datetime is not JSON serializable
2025-09-09T19:17:37.835545 | ERROR    | webgcs.mavlink.service | Error in telemetry streaming: Object of type datetime is not JSON serializable
2025-09-09T19:17:38.847977 | ERROR    | webgcs.mavlink.service | Error in telemetry streaming: Object of type datetime is not JSON serializable
2025-09-09T19:17:39.860198 | ERROR    | webgcs.mavlink.service | Error in telemetry streaming: Object of type datetime is not JSON serializable
2025-09-09T19:17:40.870992 | ERROR    | webgcs.mavlink.service | Error in telemetry streaming: Object of type datetime is not JSON serializable
2025-09-09T19:17:41.882155 | ERROR    | webgcs.mavlink.service | Error in telemetry streaming: Object of type datetime is not JSON serializable
2025-09-09T19:17:42.892112 | ERROR    | webgcs.mavlink.service | Error in telemetry streaming: Object of type datetime is not JSON serializable
2025-09-09T19:17:43.904329 | ERROR    | webgcs.mavlink.service | Error in telemetry streaming: Object of type datetime is not JSON serializable
2025-09-09T19:17:44.914554 | ERROR    | webgcs.mavlink.service | Error in telemetry streaming: Object of type datetime is not JSON serializable
2025-09-09T19:17:45.924769 | ERROR    | webgcs.mavlink.service | Error in telemetry streaming: Object of type datetime is not JSON serializable
2025-09-09T19:17:46.935112 | ERROR    | webgcs.mavlink.service | Error in telemetry streaming: Object of type datetime is not JSON serializable
2025-09-09T19:17:47.947201 | ERROR    | webgcs.mavlink.service | Error in telemetry streaming: Object of type datetime is not JSON serializable
2025-09-09T19:17:48.958858 | ERROR    | webgcs.mavlink.service | Error in telemetry streaming: Object of type datetime is not JSON serializable
2025-09-09T19:17:49.969795 | ERROR    | webgcs.mavlink.service | Error in telemetry streaming: Object of type datetime is not JSON serializable
2025-09-09T19:17:50.979948 | ERROR    | webgcs.mavlink.service | Error in telemetry streaming: Object of type datetime is not JSON serializable
2025-09-09T19:17:51.991156 | ERROR    | webgcs.mavlink.service | Error in telemetry streaming: Object of type datetime is not JSON serializable
2025-09-09T19:17:53.002065 | ERROR    | webgcs.mavlink.service | Error in telemetry streaming: Object of type datetime is not JSON serializable
2025-09-09T19:17:54.012301 | ERROR    | webgcs.mavlink.service | Error in telemetry streaming: Object of type datetime is not JSON serializable
2025-09-09T19:17:55.025090 | ERROR    | webgcs.mavlink.service | Error in telemetry streaming: Object of type datetime is not JSON serializable
2025-09-09T19:17:56.036693 | ERROR    | webgcs.mavlink.service | Error in telemetry streaming: Object of type datetime is not JSON serializable
2025-09-09T19:17:57.047561 | ERROR    | webgcs.mavlink.service | Error in telemetry streaming: Object of type datetime is not JSON serializable
2025-09-09T19:17:58.059607 | ERROR    | webgcs.mavlink.service | Error in telemetry streaming: Object of type datetime is not JSON serializable
2025-09-09T19:17:59.071275 | ERROR    | webgcs.mavlink.service | Error in telemetry streaming: Object of type datetime is not JSON serializable
2025-09-09T19:18:00.086123 | ERROR    | webgcs.mavlink.service | Error in telemetry streaming: Object of type datetime is not JSON serializable
2025-09-09T19:18:01.097497 | ERROR    | webgcs.mavlink.service | Error in telemetry streaming: Object of type datetime is not JSON serializable
2025-09-09T19:18:02.109654 | ERROR    | webgcs.mavlink.service | Error in telemetry streaming: Object of type datetime is not JSON serializable
2025-09-09T19:18:03.120935 | ERROR    | webgcs.mavlink.service | Error in telemetry streaming: Object of type datetime is not JSON serializable
2025-09-09T19:18:04.131133 | ERROR    | webgcs.mavlink.service | Error in telemetry streaming: Object of type datetime is not JSON serializable
2025-09-09T19:18:05.141616 | ERROR    | webgcs.mavlink.service | Error in telemetry streaming: Object of type datetime is not JSON serializable
2025-09-09T19:18:06.151779 | ERROR    | webgcs.mavlink.service | Error in telemetry streaming: Object of type datetime is not JSON serializable
2025-09-09T19:18:07.162674 | ERROR    | webgcs.mavlink.service | Error in telemetry streaming: Object of type datetime is not JSON serializable
2025-09-09T19:18:08.174343 | ERROR    | webgcs.mavlink.service | Error in telemetry streaming: Object of type datetime is not JSON serializable
2025-09-09T19:18:09.186801 | ERROR    | webgcs.mavlink.service | Error in telemetry streaming: Object of type datetime is not JSON serializable
2025-09-09T19:18:10.197972 | ERROR    | webgcs.mavlink.service | Error in telemetry streaming: Object of type datetime is not JSON serializable
2025-09-09T19:18:11.208982 | ERROR    | webgcs.mavlink.service | Error in telemetry streaming: Object of type datetime is not JSON serializable
2025-09-09T19:18:12.220916 | ERROR    | webgcs.mavlink.service | Error in telemetry streaming: Object of type datetime is not JSON serializable
2025-09-09T19:18:13.231717 | ERROR    | webgcs.mavlink.service | Error in telemetry streaming: Object of type datetime is not JSON serializable
2025-09-09T19:18:14.242459 | ERROR    | webgcs.mavlink.service | Error in telemetry streaming: Object of type datetime is not JSON serializable
2025-09-09T19:18:15.253162 | ERROR    | webgcs.mavlink.service | Error in telemetry streaming: Object of type datetime is not JSON serializable
2025-09-09T19:18:16.264254 | ERROR    | webgcs.mavlink.service | Error in telemetry streaming: Object of type datetime is not JSON serializable
2025-09-09T19:18:17.274424 | ERROR    | webgcs.mavlink.service | Error in telemetry streaming: Object of type datetime is not JSON serializable
2025-09-09T19:18:18.286739 | ERROR    | webgcs.mavlink.service | Error in telemetry streaming: Object of type datetime is not JSON serializable
2025-09-09T19:18:19.297529 | ERROR    | webgcs.mavlink.service | Error in telemetry streaming: Object of type datetime is not JSON serializable
2025-09-09T19:18:20.307899 | ERROR    | webgcs.mavlink.service | Error in telemetry streaming: Object of type datetime is not JSON serializable
2025-09-09T19:18:21.318852 | ERROR    | webgcs.mavlink.service | Error in telemetry streaming: Object of type datetime is not JSON serializable
2025-09-09T19:18:22.325881 | ERROR    | webgcs.mavlink.service | Error in telemetry streaming: Object of type datetime is not JSON serializable
2025-09-09T19:18:23.337991 | ERROR    | webgcs.mavlink.service | Error in telemetry streaming: Object of type datetime is not JSON serializable
2025-09-09T19:18:24.342559 | ERROR    | webgcs.mavlink.service | Error in telemetry streaming: Object of type datetime is not JSON serializable
2025-09-09T19:18:25.353953 | ERROR    | webgcs.mavlink.service | Error in telemetry streaming: Object of type datetime is not JSON serializable
2025-09-09T19:18:26.364778 | ERROR    | webgcs.mavlink.service | Error in telemetry streaming: Object of type datetime is not JSON serializable
2025-09-09T19:18:27.375896 | ERROR    | webgcs.mavlink.service | Error in telemetry streaming: Object of type datetime is not JSON serializable
2025-09-09T19:18:28.386103 | ERROR    | webgcs.mavlink.service | Error in telemetry streaming: Object of type datetime is not JSON serializable
2025-09-09T19:18:29.397618 | ERROR    | webgcs.mavlink.service | Error in telemetry streaming: Object of type datetime is not JSON serializable
2025-09-09T19:18:30.407793 | ERROR    | webgcs.mavlink.service | Error in telemetry streaming: Object of type datetime is not JSON serializable
2025-09-09T19:18:31.419389 | ERROR    | webgcs.mavlink.service | Error in telemetry streaming: Object of type datetime is not JSON serializable
2025-09-09T19:18:32.431527 | ERROR    | webgcs.mavlink.service | Error in telemetry streaming: Object of type datetime is not JSON serializable
2025-09-09T19:18:33.442187 | ERROR    | webgcs.mavlink.service | Error in telemetry streaming: Object of type datetime is not JSON serializable
2025-09-09T19:18:34.452534 | ERROR    | webgcs.mavlink.service | Error in telemetry streaming: Object of type datetime is not JSON serializable
2025-09-09T19:18:35.463590 | ERROR    | webgcs.mavlink.service | Error in telemetry streaming: Object of type datetime is not JSON serializable
2025-09-09T19:18:36.475039 | ERROR    | webgcs.mavlink.service | Error in telemetry streaming: Object of type datetime is not JSON serializable
2025-09-09T19:18:37.487303 | ERROR    | webgcs.mavlink.service | Error in telemetry streaming: Object of type datetime is not JSON serializable
2025-09-09T19:18:38.498613 | ERROR    | webgcs.mavlink.service | Error in telemetry streaming: Object of type datetime is not JSON serializable
2025-09-09T19:18:39.509343 | ERROR    | webgcs.mavlink.service | Error in telemetry streaming: Object of type datetime is not JSON serializable
2025-09-09T19:18:40.519730 | ERROR    | webgcs.mavlink.service | Error in telemetry streaming: Object of type datetime is not JSON serializable
2025-09-09T19:18:41.530670 | ERROR    | webgcs.mavlink.service | Error in telemetry streaming: Object of type datetime is not JSON serializable
2025-09-09T19:18:42.541842 | ERROR    | webgcs.mavlink.service | Error in telemetry streaming: Object of type datetime is not JSON serializable
2025-09-09T19:18:43.552665 | ERROR    | webgcs.mavlink.service | Error in telemetry streaming: Object of type datetime is not JSON serializable
2025-09-09T19:18:44.563286 | ERROR    | webgcs.mavlink.service | Error in telemetry streaming: Object of type datetime is not JSON serializable
2025-09-09T19:18:45.574209 | ERROR    | webgcs.mavlink.service | Error in telemetry streaming: Object of type datetime is not JSON serializable
2025-09-09T19:18:46.585163 | ERROR    | webgcs.mavlink.service | Error in telemetry streaming: Object of type datetime is not JSON serializable
2025-09-09T19:18:47.595936 | ERROR    | webgcs.mavlink.service | Error in telemetry streaming: Object of type datetime is not JSON serializable
2025-09-09T19:18:48.606371 | ERROR    | webgcs.mavlink.service | Error in telemetry streaming: Object of type datetime is not JSON serializable
2025-09-09T19:18:49.617398 | ERROR    | webgcs.mavlink.service | Error in telemetry streaming: Object of type datetime is not JSON serializable
2025-09-09T19:18:50.628207 | ERROR    | webgcs.mavlink.service | Error in telemetry streaming: Object of type datetime is not JSON serializable
2025-09-09T19:18:51.638934 | ERROR    | webgcs.mavlink.service | Error in telemetry streaming: Object of type datetime is not JSON serializable
2025-09-09T19:18:52.649689 | ERROR    | webgcs.mavlink.service | Error in telemetry streaming: Object of type datetime is not JSON serializable
2025-09-09T19:18:53.660331 | ERROR    | webgcs.mavlink.service | Error in telemetry streaming: Object of type datetime is not JSON serializable
2025-09-09T19:18:54.671446 | ERROR    | webgcs.mavlink.service | Error in telemetry streaming: Object of type datetime is not JSON serializable
2025-09-09T19:18:55.683599 | ERROR    | webgcs.mavlink.service | Error in telemetry streaming: Object of type datetime is not JSON serializable
2025-09-09T19:18:56.694132 | ERROR    | webgcs.mavlink.service | Error in telemetry streaming: Object of type datetime is not JSON serializable
2025-09-09T19:18:57.704266 | ERROR    | webgcs.mavlink.service | Error in telemetry streaming: Object of type datetime is not JSON serializable
2025-09-09T19:18:58.715217 | ERROR    | webgcs.mavlink.service | Error in telemetry streaming: Object of type datetime is not JSON serializable
2025-09-09T19:18:59.725809 | ERROR    | webgcs.mavlink.service | Error in telemetry streaming: Object of type datetime is not JSON serializable
2025-09-09T19:19:00.735968 | ERROR    | webgcs.mavlink.service | Error in telemetry streaming: Object of type datetime is not JSON serializable
2025-09-09T19:19:01.747149 | ERROR    | webgcs.mavlink.service | Error in telemetry streaming: Object of type datetime is not JSON serializable
2025-09-09T19:19:02.759581 | ERROR    | webgcs.mavlink.service | Error in telemetry streaming: Object of type datetime is not JSON serializable
2025-09-09T19:19:03.770125 | ERROR    | webgcs.mavlink.service | Error in telemetry streaming: Object of type datetime is not JSON serializable
2025-09-09T19:19:04.781504 | ERROR    | webgcs.mavlink.service | Error in telemetry streaming: Object of type datetime is not JSON serializable
2025-09-09T19:19:05.792775 | ERROR    | webgcs.mavlink.service | Error in telemetry streaming: Object of type datetime is not JSON serializable
2025-09-09T19:19:06.802984 | ERROR    | webgcs.mavlink.service | Error in telemetry streaming: Object of type datetime is not JSON serializable
2025-09-09T19:19:07.814675 | ERROR    | webgcs.mavlink.service | Error in telemetry streaming: Object of type datetime is not JSON serializable
2025-09-09T19:19:08.817438 | ERROR    | webgcs.mavlink.service | Error in telemetry streaming: Object of type datetime is not JSON serializable
2025-09-09T19:19:09.826302 | ERROR    | webgcs.mavlink.service | Error in telemetry streaming: Object of type datetime is not JSON serializable
2025-09-09T19:19:10.836456 | ERROR    | webgcs.mavlink.service | Error in telemetry streaming: Object of type datetime is not JSON serializable
2025-09-09T19:19:11.847162 | ERROR    | webgcs.mavlink.service | Error in telemetry streaming: Object of type datetime is not JSON serializable
2025-09-09T19:19:12.858484 | ERROR    | webgcs.mavlink.service | Error in telemetry streaming: Object of type datetime is not JSON serializable
2025-09-09T19:19:13.869239 | ERROR    | webgcs.mavlink.service | Error in telemetry streaming: Object of type datetime is not JSON serializable
2025-09-09T19:19:14.879767 | ERROR    | webgcs.mavlink.service | Error in telemetry streaming: Object of type datetime is not JSON serializable
2025-09-09T19:19:15.890555 | ERROR    | webgcs.mavlink.service | Error in telemetry streaming: Object of type datetime is not JSON serializable
2025-09-09T19:19:16.901210 | ERROR    | webgcs.mavlink.service | Error in telemetry streaming: Object of type datetime is not JSON serializable
2025-09-09T19:19:17.911895 | ERROR    | webgcs.mavlink.service | Error in telemetry streaming: Object of type datetime is not JSON serializable
2025-09-09T19:19:18.922806 | ERROR    | webgcs.mavlink.service | Error in telemetry streaming: Object of type datetime is not JSON serializable
2025-09-09T19:19:19.935244 | ERROR    | webgcs.mavlink.service | Error in telemetry streaming: Object of type datetime is not JSON serializable
2025-09-09T19:19:20.945383 | ERROR    | webgcs.mavlink.service | Error in telemetry streaming: Object of type datetime is not JSON serializable
2025-09-09T19:19:21.957964 | ERROR    | webgcs.mavlink.service | Error in telemetry streaming: Object of type datetime is not JSON serializable
2025-09-09T19:19:22.968965 | ERROR    | webgcs.mavlink.service | Error in telemetry streaming: Object of type datetime is not JSON serializable
2025-09-09T19:19:23.975080 | ERROR    | webgcs.mavlink.service | Error in telemetry streaming: Object of type datetime is not JSON serializable
2025-09-09T19:19:24.985594 | ERROR    | webgcs.mavlink.service | Error in telemetry streaming: Object of type datetime is not JSON serializable
2025-09-09T19:19:25.993116 | ERROR    | webgcs.mavlink.service | Error in telemetry streaming: Object of type datetime is not JSON serializable
2025-09-09T19:19:27.003362 | ERROR    | webgcs.mavlink.service | Error in telemetry streaming: Object of type datetime is not JSON serializable
2025-09-09T19:19:28.015116 | ERROR    | webgcs.mavlink.service | Error in telemetry streaming: Object of type datetime is not JSON serializable
2025-09-09T19:19:29.025945 | ERROR    | webgcs.mavlink.service | Error in telemetry streaming: Object of type datetime is not JSON serializable
2025-09-09T19:19:30.038625 | ERROR    | webgcs.mavlink.service | Error in telemetry streaming: Object of type datetime is not JSON serializable
2025-09-09T19:19:31.049426 | ERROR    | webgcs.mavlink.service | Error in telemetry streaming: Object of type datetime is not JSON serializable
2025-09-09T19:19:32.061750 | ERROR    | webgcs.mavlink.service | Error in telemetry streaming: Object of type datetime is not JSON serializable
2025-09-09T19:19:33.072376 | ERROR    | webgcs.mavlink.service | Error in telemetry streaming: Object of type datetime is not JSON serializable
2025-09-09T19:19:34.082838 | ERROR    | webgcs.mavlink.service | Error in telemetry streaming: Object of type datetime is not JSON serializable
2025-09-09T19:19:35.093214 | ERROR    | webgcs.mavlink.service | Error in telemetry streaming: Object of type datetime is not JSON serializable
2025-09-09T19:19:36.103881 | ERROR    | webgcs.mavlink.service | Error in telemetry streaming: Object of type datetime is not JSON serializable
2025-09-09T19:19:37.114207 | ERROR    | webgcs.mavlink.service | Error in telemetry streaming: Object of type datetime is not JSON serializable
2025-09-09T19:19:38.125047 | ERROR    | webgcs.mavlink.service | Error in telemetry streaming: Object of type datetime is not JSON serializable
2025-09-09T19:19:39.135344 | ERROR    | webgcs.mavlink.service | Error in telemetry streaming: Object of type datetime is not JSON serializable
2025-09-09T19:19:40.146238 | ERROR    | webgcs.mavlink.service | Error in telemetry streaming: Object of type datetime is not JSON serializable
2025-09-09T19:19:41.156380 | ERROR    | webgcs.mavlink.service | Error in telemetry streaming: Object of type datetime is not JSON serializable
2025-09-09T19:19:42.166544 | ERROR    | webgcs.mavlink.service | Error in telemetry streaming: Object of type datetime is not JSON serializable
2025-09-09T19:19:43.176759 | ERROR    | webgcs.mavlink.service | Error in telemetry streaming: Object of type datetime is not JSON serializable
2025-09-09T19:19:44.187238 | ERROR    | webgcs.mavlink.service | Error in telemetry streaming: Object of type datetime is not JSON serializable
2025-09-09T19:19:45.198187 | ERROR    | webgcs.mavlink.service | Error in telemetry streaming: Object of type datetime is not JSON serializable
2025-09-09T19:19:46.209980 | ERROR    | webgcs.mavlink.service | Error in telemetry streaming: Object of type datetime is not JSON serializable
2025-09-09T19:19:47.221489 | ERROR    | webgcs.mavlink.service | Error in telemetry streaming: Object of type datetime is not JSON serializable
2025-09-09T19:19:48.232328 | ERROR    | webgcs.mavlink.service | Error in telemetry streaming: Object of type datetime is not JSON serializable
2025-09-09T19:19:49.243310 | ERROR    | webgcs.mavlink.service | Error in telemetry streaming: Object of type datetime is not JSON serializable
2025-09-09T19:19:50.255151 | ERROR    | webgcs.mavlink.service | Error in telemetry streaming: Object of type datetime is not JSON serializable
2025-09-09T19:19:51.265336 | ERROR    | webgcs.mavlink.service | Error in telemetry streaming: Object of type datetime is not JSON serializable
2025-09-09T19:19:52.276124 | ERROR    | webgcs.mavlink.service | Error in telemetry streaming: Object of type datetime is not JSON serializable
2025-09-09T19:19:53.286492 | ERROR    | webgcs.mavlink.service | Error in telemetry streaming: Object of type datetime is not JSON serializable
2025-09-09T19:19:54.296660 | ERROR    | webgcs.mavlink.service | Error in telemetry streaming: Object of type datetime is not JSON serializable
2025-09-09T19:19:55.310037 | ERROR    | webgcs.mavlink.service | Error in telemetry streaming: Object of type datetime is not JSON serializable
2025-09-09T19:19:56.321702 | ERROR    | webgcs.mavlink.service | Error in telemetry streaming: Object of type datetime is not JSON serializable
2025-09-09T19:19:57.332723 | ERROR    | webgcs.mavlink.service | Error in telemetry streaming: Object of type datetime is not JSON serializable
2025-09-09T19:19:58.343119 | ERROR    | webgcs.mavlink.service | Error in telemetry streaming: Object of type datetime is not JSON serializable
2025-09-09T19:19:59.343507 | ERROR    | webgcs.mavlink.service | Error in telemetry streaming: Object of type datetime is not JSON serializable
2025-09-09T19:20:00.354484 | ERROR    | webgcs.mavlink.service | Error in telemetry streaming: Object of type datetime is not JSON serializable
2025-09-09T19:20:01.364705 | ERROR    | webgcs.mavlink.service | Error in telemetry streaming: Object of type datetime is not JSON serializable
2025-09-09T19:20:02.375039 | ERROR    | webgcs.mavlink.service | Error in telemetry streaming: Object of type datetime is not JSON serializable
2025-09-09T19:20:03.379880 | ERROR    | webgcs.mavlink.service | Error in telemetry streaming: Object of type datetime is not JSON serializable
2025-09-09T19:20:04.390653 | ERROR    | webgcs.mavlink.service | Error in telemetry streaming: Object of type datetime is not JSON serializable
2025-09-09T19:20:05.400942 | ERROR    | webgcs.mavlink.service | Error in telemetry streaming: Object of type datetime is not JSON serializable
2025-09-09T19:20:06.412473 | ERROR    | webgcs.mavlink.service | Error in telemetry streaming: Object of type datetime is not JSON serializable
2025-09-09T19:20:07.424762 | ERROR    | webgcs.mavlink.service | Error in telemetry streaming: Object of type datetime is not JSON serializable
2025-09-09T19:20:08.435526 | ERROR    | webgcs.mavlink.service | Error in telemetry streaming: Object of type datetime is not JSON serializable
2025-09-09T19:20:09.443542 | ERROR    | webgcs.mavlink.service | Error in telemetry streaming: Object of type datetime is not JSON serializable
2025-09-09T19:20:10.455853 | ERROR    | webgcs.mavlink.service | Error in telemetry streaming: Object of type datetime is not JSON serializable
2025-09-09T19:20:11.460246 | ERROR    | webgcs.mavlink.service | Error in telemetry streaming: Object of type datetime is not JSON serializable
2025-09-09T19:20:12.470382 | ERROR    | webgcs.mavlink.service | Error in telemetry streaming: Object of type datetime is not JSON serializable
2025-09-09T19:20:13.476955 | ERROR    | webgcs.mavlink.service | Error in telemetry streaming: Object of type datetime is not JSON serializable
2025-09-09T19:20:14.487114 | ERROR    | webgcs.mavlink.service | Error in telemetry streaming: Object of type datetime is not JSON serializable
2025-09-09T19:20:15.497905 | ERROR    | webgcs.mavlink.service | Error in telemetry streaming: Object of type datetime is not JSON serializable
2025-09-09T19:20:16.508363 | ERROR    | webgcs.mavlink.service | Error in telemetry streaming: Object of type datetime is not JSON serializable
2025-09-09T19:20:17.513739 | ERROR    | webgcs.mavlink.service | Error in telemetry streaming: Object of type datetime is not JSON serializable
2025-09-09T19:20:18.524153 | ERROR    | webgcs.mavlink.service | Error in telemetry streaming: Object of type datetime is not JSON serializable
2025-09-09T19:20:19.536405 | ERROR    | webgcs.mavlink.service | Error in telemetry streaming: Object of type datetime is not JSON serializable
2025-09-09T19:20:20.547462 | ERROR    | webgcs.mavlink.service | Error in telemetry streaming: Object of type datetime is not JSON serializable
2025-09-09T19:20:21.559407 | ERROR    | webgcs.mavlink.service | Error in telemetry streaming: Object of type datetime is not JSON serializable
2025-09-09T19:20:22.570163 | ERROR    | webgcs.mavlink.service | Error in telemetry streaming: Object of type datetime is not JSON serializable
2025-09-09T19:20:23.580448 | ERROR    | webgcs.mavlink.service | Error in telemetry streaming: Object of type datetime is not JSON serializable
2025-09-09T19:20:24.590899 | ERROR    | webgcs.mavlink.service | Error in telemetry streaming: Object of type datetime is not JSON serializable
2025-09-09T19:20:25.602437 | ERROR    | webgcs.mavlink.service | Error in telemetry streaming: Object of type datetime is not JSON serializable
2025-09-09T19:20:26.613152 | ERROR    | webgcs.mavlink.service | Error in telemetry streaming: Object of type datetime is not JSON serializable
2025-09-09T19:20:27.623964 | ERROR    | webgcs.mavlink.service | Error in telemetry streaming: Object of type datetime is not JSON serializable
2025-09-09T19:20:28.634951 | ERROR    | webgcs.mavlink.service | Error in telemetry streaming: Object of type datetime is not JSON serializable
2025-09-09T19:20:29.645487 | ERROR    | webgcs.mavlink.service | Error in telemetry streaming: Object of type datetime is not JSON serializable
2025-09-09T19:20:30.656283 | ERROR    | webgcs.mavlink.service | Error in telemetry streaming: Object of type datetime is not JSON serializable
2025-09-09T19:20:31.666878 | ERROR    | webgcs.mavlink.service | Error in telemetry streaming: Object of type datetime is not JSON serializable
2025-09-09T19:20:32.677969 | ERROR    | webgcs.mavlink.service | Error in telemetry streaming: Object of type datetime is not JSON serializable
2025-09-09T19:20:33.689165 | ERROR    | webgcs.mavlink.service | Error in telemetry streaming: Object of type datetime is not JSON serializable
2025-09-09T19:20:34.700853 | ERROR    | webgcs.mavlink.service | Error in telemetry streaming: Object of type datetime is not JSON serializable
2025-09-09T19:20:35.710975 | ERROR    | webgcs.mavlink.service | Error in telemetry streaming: Object of type datetime is not JSON serializable
2025-09-09T19:20:36.721793 | ERROR    | webgcs.mavlink.service | Error in telemetry streaming: Object of type datetime is not JSON serializable
2025-09-09T19:20:37.733188 | ERROR    | webgcs.mavlink.service | Error in telemetry streaming: Object of type datetime is not JSON serializable
2025-09-09T19:20:38.733756 | ERROR    | webgcs.mavlink.service | Error in telemetry streaming: Object of type datetime is not JSON serializable
2025-09-09T19:20:39.743888 | ERROR    | webgcs.mavlink.service | Error in telemetry streaming: Object of type datetime is not JSON serializable
2025-09-09T19:20:40.754026 | ERROR    | webgcs.mavlink.service | Error in telemetry streaming: Object of type datetime is not JSON serializable
2025-09-09T19:20:41.762475 | ERROR    | webgcs.mavlink.service | Error in telemetry streaming: Object of type datetime is not JSON serializable
2025-09-09T19:20:42.773418 | ERROR    | webgcs.mavlink.service | Error in telemetry streaming: Object of type datetime is not JSON serializable
2025-09-09T19:20:43.783662 | ERROR    | webgcs.mavlink.service | Error in telemetry streaming: Object of type datetime is not JSON serializable
2025-09-09T19:20:44.793922 | ERROR    | webgcs.mavlink.service | Error in telemetry streaming: Object of type datetime is not JSON serializable
2025-09-09T19:20:45.804056 | ERROR    | webgcs.mavlink.service | Error in telemetry streaming: Object of type datetime is not JSON serializable
2025-09-09T19:20:46.814946 | ERROR    | webgcs.mavlink.service | Error in telemetry streaming: Object of type datetime is not JSON serializable
2025-09-09T19:20:47.825973 | ERROR    | webgcs.mavlink.service | Error in telemetry streaming: Object of type datetime is not JSON serializable
2025-09-09T19:20:48.836976 | ERROR    | webgcs.mavlink.service | Error in telemetry streaming: Object of type datetime is not JSON serializable
2025-09-09T19:20:49.847812 | ERROR    | webgcs.mavlink.service | Error in telemetry streaming: Object of type datetime is not JSON serializable
2025-09-09T19:20:50.858713 | ERROR    | webgcs.mavlink.service | Error in telemetry streaming: Object of type datetime is not JSON serializable
2025-09-09T19:20:51.871529 | ERROR    | webgcs.mavlink.service | Error in telemetry streaming: Object of type datetime is not JSON serializable
2025-09-09T19:20:52.877487 | ERROR    | webgcs.mavlink.service | Error in telemetry streaming: Object of type datetime is not JSON serializable
2025-09-09T19:20:53.887658 | ERROR    | webgcs.mavlink.service | Error in telemetry streaming: Object of type datetime is not JSON serializable
2025-09-09T19:20:54.900350 | ERROR    | webgcs.mavlink.service | Error in telemetry streaming: Object of type datetime is not JSON serializable
2025-09-09T19:20:55.910528 | ERROR    | webgcs.mavlink.service | Error in telemetry streaming: Object of type datetime is not JSON serializable
2025-09-09T19:20:56.921086 | ERROR    | webgcs.mavlink.service | Error in telemetry streaming: Object of type datetime is not JSON serializable
2025-09-09T19:20:57.931856 | ERROR    | webgcs.mavlink.service | Error in telemetry streaming: Object of type datetime is not JSON serializable
2025-09-09T19:20:58.933207 | ERROR    | webgcs.mavlink.service | Error in telemetry streaming: Object of type datetime is not JSON serializable
2025-09-09T19:20:59.935025 | ERROR    | webgcs.mavlink.service | Error in telemetry streaming: Object of type datetime is not JSON serializable
2025-09-09T19:21:00.940391 | ERROR    | webgcs.mavlink.service | Error in telemetry streaming: Object of type datetime is not JSON serializable
2025-09-09T19:21:01.946224 | ERROR    | webgcs.mavlink.service | Error in telemetry streaming: Object of type datetime is not JSON serializable
2025-09-09T19:21:02.952550 | ERROR    | webgcs.mavlink.service | Error in telemetry streaming: Object of type datetime is not JSON serializable
2025-09-09T19:21:03.958104 | ERROR    | webgcs.mavlink.service | Error in telemetry streaming: Object of type datetime is not JSON serializable
2025-09-09T19:21:04.963927 | ERROR    | webgcs.mavlink.service | Error in telemetry streaming: Object of type datetime is not JSON serializable
2025-09-09T19:21:05.969181 | ERROR    | webgcs.mavlink.service | Error in telemetry streaming: Object of type datetime is not JSON serializable
2025-09-09T19:21:06.974813 | ERROR    | webgcs.mavlink.service | Error in telemetry streaming: Object of type datetime is not JSON serializable
2025-09-09T19:21:07.981293 | ERROR    | webgcs.mavlink.service | Error in telemetry streaming: Object of type datetime is not JSON serializable
2025-09-09T19:21:08.987142 | ERROR    | webgcs.mavlink.service | Error in telemetry streaming: Object of type datetime is not JSON serializable
2025-09-09T19:21:09.993383 | ERROR    | webgcs.mavlink.service | Error in telemetry streaming: Object of type datetime is not JSON serializable
2025-09-09T19:21:10.999905 | ERROR    | webgcs.mavlink.service | Error in telemetry streaming: Object of type datetime is not JSON serializable
2025-09-09T19:21:12.006249 | ERROR    | webgcs.mavlink.service | Error in telemetry streaming: Object of type datetime is not JSON serializable
2025-09-09T19:21:13.012825 | ERROR    | webgcs.mavlink.service | Error in telemetry streaming: Object of type datetime is not JSON serializable
2025-09-09T19:21:14.019289 | ERROR    | webgcs.mavlink.service | Error in telemetry streaming: Object of type datetime is not JSON serializable
2025-09-09T19:21:15.024253 | ERROR    | webgcs.mavlink.service | Error in telemetry streaming: Object of type datetime is not JSON serializable
2025-09-09T19:21:16.026627 | ERROR    | webgcs.mavlink.service | Error in telemetry streaming: Object of type datetime is not JSON serializable
2025-09-09T19:21:17.031815 | ERROR    | webgcs.mavlink.service | Error in telemetry streaming: Object of type datetime is not JSON serializable
2025-09-09T19:21:17.480793 | INFO     | webgcs          | Client disconnected: shN8d61GxWsm44R7AAAV
2025-09-09T19:29:40.004186 | INFO     | webgcs.mavlink.connection | ConnectionManager initialized for 192.168.193.235:5678
2025-09-09T19:29:40.004235 | INFO     | webgcs.mavlink.processor | MessageProcessor initialized
2025-09-09T19:29:40.004254 | INFO     | webgcs.mavlink.commands | CommandSender initialized
2025-09-09T19:29:40.004274 | INFO     | webgcs.mavlink.service | MAVLinkService initialized for 192.168.193.235:5678
2025-09-09T19:35:34.234871 | INFO     | webgcs          | Client connected: xk_eC4M-ffX7yeZSAAAB
2025-09-09T19:35:34.289195 | INFO     | webgcs          | Command received from xk_eC4M-ffX7yeZSAAAB: connect_drone
2025-09-09T19:35:34.289249 | INFO     | webgcs.mavlink.service | Manual drone connection requested
2025-09-09T19:35:34.289270 | INFO     | webgcs.mavlink.service | Starting MAVLink service
2025-09-09T19:35:34.289296 | INFO     | webgcs.mavlink.service | Connection state changed to: connecting
2025-09-09T19:35:34.289395 | INFO     | webgcs.mavlink.connection | Connecting to drone at tcp:192.168.193.235:5678
2025-09-09T19:35:34.725719 | INFO     | webgcs.mavlink.state | Heartbeat monitor started
2025-09-09T19:35:34.725770 | INFO     | webgcs.mavlink.service | Connection state changed to: connected
2025-09-09T19:35:34.725882 | INFO     | webgcs.mavlink.connection | Successfully connected to drone at 192.168.193.235:5678
2025-09-09T19:35:34.725999 | INFO     | webgcs.mavlink.service | Message processing loop started
2025-09-09T19:35:34.726093 | INFO     | webgcs.mavlink.service | Message processing started
2025-09-09T19:35:34.726185 | INFO     | webgcs.mavlink.service | Telemetry streaming loop started
2025-09-09T19:35:34.726249 | ERROR    | webgcs.mavlink.service | Error in telemetry streaming: Object of type datetime is not JSON serializable
2025-09-09T19:35:34.726294 | INFO     | webgcs.mavlink.service | Telemetry streaming started
2025-09-09T19:35:34.726413 | INFO     | webgcs.mavlink.service | MAVLink service started successfully
2025-09-09T19:35:35.728706 | ERROR    | webgcs.mavlink.service | Error in telemetry streaming: Object of type datetime is not JSON serializable
2025-09-09T19:35:36.730601 | ERROR    | webgcs.mavlink.service | Error in telemetry streaming: Object of type datetime is not JSON serializable
2025-09-09T19:35:37.736390 | ERROR    | webgcs.mavlink.service | Error in telemetry streaming: Object of type datetime is not JSON serializable
2025-09-09T19:35:38.738081 | ERROR    | webgcs.mavlink.service | Error in telemetry streaming: Object of type datetime is not JSON serializable
2025-09-09T19:35:39.743287 | ERROR    | webgcs.mavlink.service | Error in telemetry streaming: Object of type datetime is not JSON serializable
2025-09-09T19:35:40.745737 | ERROR    | webgcs.mavlink.service | Error in telemetry streaming: Object of type datetime is not JSON serializable
2025-09-09T19:35:41.751257 | ERROR    | webgcs.mavlink.service | Error in telemetry streaming: Object of type datetime is not JSON serializable
2025-09-09T19:35:42.753687 | ERROR    | webgcs.mavlink.service | Error in telemetry streaming: Object of type datetime is not JSON serializable
2025-09-09T19:35:43.759697 | ERROR    | webgcs.mavlink.service | Error in telemetry streaming: Object of type datetime is not JSON serializable
2025-09-09T19:35:44.764818 | ERROR    | webgcs.mavlink.service | Error in telemetry streaming: Object of type datetime is not JSON serializable
2025-09-09T19:35:45.770263 | ERROR    | webgcs.mavlink.service | Error in telemetry streaming: Object of type datetime is not JSON serializable
2025-09-09T19:35:46.774241 | ERROR    | webgcs.mavlink.service | Error in telemetry streaming: Object of type datetime is not JSON serializable
2025-09-09T19:35:47.778537 | ERROR    | webgcs.mavlink.service | Error in telemetry streaming: Object of type datetime is not JSON serializable
2025-09-09T19:35:48.784954 | ERROR    | webgcs.mavlink.service | Error in telemetry streaming: Object of type datetime is not JSON serializable
2025-09-09T19:35:49.785793 | ERROR    | webgcs.mavlink.service | Error in telemetry streaming: Object of type datetime is not JSON serializable
2025-09-09T19:35:50.787518 | ERROR    | webgcs.mavlink.service | Error in telemetry streaming: Object of type datetime is not JSON serializable
2025-09-09T19:35:51.791000 | ERROR    | webgcs.mavlink.service | Error in telemetry streaming: Object of type datetime is not JSON serializable
2025-09-09T19:35:52.796916 | ERROR    | webgcs.mavlink.service | Error in telemetry streaming: Object of type datetime is not JSON serializable
2025-09-09T19:35:53.802152 | ERROR    | webgcs.mavlink.service | Error in telemetry streaming: Object of type datetime is not JSON serializable
2025-09-09T19:35:54.807501 | ERROR    | webgcs.mavlink.service | Error in telemetry streaming: Object of type datetime is not JSON serializable
2025-09-09T19:35:55.813367 | ERROR    | webgcs.mavlink.service | Error in telemetry streaming: Object of type datetime is not JSON serializable
2025-09-09T19:35:56.816648 | ERROR    | webgcs.mavlink.service | Error in telemetry streaming: Object of type datetime is not JSON serializable
2025-09-09T19:35:57.819474 | ERROR    | webgcs.mavlink.service | Error in telemetry streaming: Object of type datetime is not JSON serializable
2025-09-09T19:35:58.826092 | ERROR    | webgcs.mavlink.service | Error in telemetry streaming: Object of type datetime is not JSON serializable
2025-09-09T19:35:59.827484 | ERROR    | webgcs.mavlink.service | Error in telemetry streaming: Object of type datetime is not JSON serializable
2025-09-09T19:36:00.829656 | ERROR    | webgcs.mavlink.service | Error in telemetry streaming: Object of type datetime is not JSON serializable
2025-09-09T19:36:01.835350 | ERROR    | webgcs.mavlink.service | Error in telemetry streaming: Object of type datetime is not JSON serializable
2025-09-09T19:36:02.836584 | ERROR    | webgcs.mavlink.service | Error in telemetry streaming: Object of type datetime is not JSON serializable
2025-09-09T19:36:03.842246 | ERROR    | webgcs.mavlink.service | Error in telemetry streaming: Object of type datetime is not JSON serializable
2025-09-09T19:36:04.847597 | ERROR    | webgcs.mavlink.service | Error in telemetry streaming: Object of type datetime is not JSON serializable
2025-09-09T19:36:05.852327 | ERROR    | webgcs.mavlink.service | Error in telemetry streaming: Object of type datetime is not JSON serializable
2025-09-09T19:36:06.855077 | ERROR    | webgcs.mavlink.service | Error in telemetry streaming: Object of type datetime is not JSON serializable
2025-09-09T19:36:07.857610 | ERROR    | webgcs.mavlink.service | Error in telemetry streaming: Object of type datetime is not JSON serializable
2025-09-09T19:36:08.861822 | ERROR    | webgcs.mavlink.service | Error in telemetry streaming: Object of type datetime is not JSON serializable
2025-09-09T19:36:09.862159 | ERROR    | webgcs.mavlink.service | Error in telemetry streaming: Object of type datetime is not JSON serializable
2025-09-09T19:36:10.867943 | ERROR    | webgcs.mavlink.service | Error in telemetry streaming: Object of type datetime is not JSON serializable
2025-09-09T19:36:11.875939 | ERROR    | webgcs.mavlink.service | Error in telemetry streaming: Object of type datetime is not JSON serializable
2025-09-09T19:36:12.877436 | ERROR    | webgcs.mavlink.service | Error in telemetry streaming: Object of type datetime is not JSON serializable
2025-09-09T19:36:13.879601 | ERROR    | webgcs.mavlink.service | Error in telemetry streaming: Object of type datetime is not JSON serializable
2025-09-09T19:36:14.882109 | ERROR    | webgcs.mavlink.service | Error in telemetry streaming: Object of type datetime is not JSON serializable
2025-09-09T19:36:15.888534 | ERROR    | webgcs.mavlink.service | Error in telemetry streaming: Object of type datetime is not JSON serializable
2025-09-09T19:36:16.889882 | ERROR    | webgcs.mavlink.service | Error in telemetry streaming: Object of type datetime is not JSON serializable
2025-09-09T19:36:17.316433 | INFO     | webgcs          | Client disconnected: xk_eC4M-ffX7yeZSAAAB
2025-09-09T19:36:35.410010 | INFO     | webgcs          | Client connected: 0eCDrfcb_I78UNu0AAAD
2025-09-09T19:36:35.470962 | ERROR    | webgcs.mavlink.service | Error in telemetry streaming: Object of type datetime is not JSON serializable
2025-09-09T19:36:35.529174 | INFO     | webgcs          | Client disconnected: 0eCDrfcb_I78UNu0AAAD
2025-09-09T19:37:12.862270 | INFO     | webgcs          | Client connected: I3mPg0VI6o3Q-d60AAAF
2025-09-09T19:37:12.901388 | INFO     | webgcs          | Command received from I3mPg0VI6o3Q-d60AAAF: connect_drone
2025-09-09T19:37:12.901660 | INFO     | webgcs.mavlink.service | Manual drone connection requested
2025-09-09T19:37:12.901920 | INFO     | webgcs.mavlink.service | Already connected to drone
2025-09-09T19:37:12.918614 | ERROR    | webgcs.mavlink.service | Error in telemetry streaming: Object of type datetime is not JSON serializable
2025-09-09T19:37:13.923990 | ERROR    | webgcs.mavlink.service | Error in telemetry streaming: Object of type datetime is not JSON serializable
2025-09-09T19:37:14.928115 | ERROR    | webgcs.mavlink.service | Error in telemetry streaming: Object of type datetime is not JSON serializable
2025-09-09T19:37:15.934007 | ERROR    | webgcs.mavlink.service | Error in telemetry streaming: Object of type datetime is not JSON serializable
2025-09-09T19:37:16.940527 | ERROR    | webgcs.mavlink.service | Error in telemetry streaming: Object of type datetime is not JSON serializable
2025-09-09T19:37:17.946855 | ERROR    | webgcs.mavlink.service | Error in telemetry streaming: Object of type datetime is not JSON serializable
2025-09-09T19:37:18.952046 | ERROR    | webgcs.mavlink.service | Error in telemetry streaming: Object of type datetime is not JSON serializable
2025-09-09T19:37:19.953960 | ERROR    | webgcs.mavlink.service | Error in telemetry streaming: Object of type datetime is not JSON serializable
2025-09-09T19:37:20.959607 | ERROR    | webgcs.mavlink.service | Error in telemetry streaming: Object of type datetime is not JSON serializable
2025-09-09T19:37:21.961477 | ERROR    | webgcs.mavlink.service | Error in telemetry streaming: Object of type datetime is not JSON serializable
2025-09-09T19:37:22.964099 | ERROR    | webgcs.mavlink.service | Error in telemetry streaming: Object of type datetime is not JSON serializable
2025-09-09T19:37:23.969870 | ERROR    | webgcs.mavlink.service | Error in telemetry streaming: Object of type datetime is not JSON serializable
2025-09-09T19:37:24.971386 | ERROR    | webgcs.mavlink.service | Error in telemetry streaming: Object of type datetime is not JSON serializable
2025-09-09T19:37:25.977604 | ERROR    | webgcs.mavlink.service | Error in telemetry streaming: Object of type datetime is not JSON serializable
2025-09-09T19:37:26.978148 | ERROR    | webgcs.mavlink.service | Error in telemetry streaming: Object of type datetime is not JSON serializable
2025-09-09T19:37:27.982915 | ERROR    | webgcs.mavlink.service | Error in telemetry streaming: Object of type datetime is not JSON serializable
2025-09-09T19:37:28.986372 | ERROR    | webgcs.mavlink.service | Error in telemetry streaming: Object of type datetime is not JSON serializable
2025-09-09T19:37:29.993064 | ERROR    | webgcs.mavlink.service | Error in telemetry streaming: Object of type datetime is not JSON serializable
2025-09-09T19:37:30.921534 | INFO     | webgcs          | Client disconnected: I3mPg0VI6o3Q-d60AAAF
2025-09-09T19:38:02.128711 | INFO     | webgcs          | Client connected: XhsA_vdVbsGlzxC5AAAH
2025-09-09T19:38:02.161581 | ERROR    | webgcs.mavlink.service | Error in telemetry streaming: Object of type datetime is not JSON serializable
2025-09-09T19:38:02.197551 | INFO     | webgcs          | Command received from XhsA_vdVbsGlzxC5AAAH: connect_drone
2025-09-09T19:38:02.197707 | INFO     | webgcs.mavlink.service | Manual drone connection requested
2025-09-09T19:38:02.197735 | INFO     | webgcs.mavlink.service | Already connected to drone
2025-09-09T19:38:03.166895 | ERROR    | webgcs.mavlink.service | Error in telemetry streaming: Object of type datetime is not JSON serializable
2025-09-09T19:38:04.170428 | ERROR    | webgcs.mavlink.service | Error in telemetry streaming: Object of type datetime is not JSON serializable
2025-09-09T19:38:05.175874 | ERROR    | webgcs.mavlink.service | Error in telemetry streaming: Object of type datetime is not JSON serializable
2025-09-09T19:38:05.208955 | INFO     | webgcs          | Client disconnected: XhsA_vdVbsGlzxC5AAAH
2025-09-09T19:42:58.025593 | INFO     | webgcs.mavlink.connection | ConnectionManager initialized for 192.168.193.235:5678
2025-09-09T19:42:58.025639 | INFO     | webgcs.mavlink.processor | MessageProcessor initialized
2025-09-09T19:42:58.025661 | INFO     | webgcs.mavlink.commands | CommandSender initialized
2025-09-09T19:42:58.025680 | INFO     | webgcs.mavlink.service | MAVLinkService initialized for 192.168.193.235:5678
2025-09-09T19:44:14.031659 | INFO     | webgcs          | Client connected: m4Kf56IMKFIA1CXOAAAB
2025-09-09T19:44:16.035170 | INFO     | webgcs          | Command received from m4Kf56IMKFIA1CXOAAAB: connect_drone
2025-09-09T19:44:16.035337 | INFO     | webgcs.mavlink.service | Manual drone connection requested
2025-09-09T19:44:16.035407 | INFO     | webgcs.mavlink.service | Starting MAVLink service
2025-09-09T19:44:16.035482 | INFO     | webgcs.mavlink.service | Connection state changed to: connecting
2025-09-09T19:44:16.035674 | INFO     | webgcs.mavlink.connection | Connecting to drone at tcp:192.168.193.235:5678
2025-09-09T19:44:16.811558 | INFO     | webgcs.mavlink.state | Heartbeat monitor started
2025-09-09T19:44:16.811655 | INFO     | webgcs.mavlink.service | Connection state changed to: connected
2025-09-09T19:44:16.811767 | INFO     | webgcs.mavlink.connection | Successfully connected to drone at 192.168.193.235:5678
2025-09-09T19:44:16.811896 | INFO     | webgcs.mavlink.service | Message processing loop started
2025-09-09T19:44:16.812121 | INFO     | webgcs.mavlink.service | Message processing started
2025-09-09T19:44:16.812764 | INFO     | webgcs.mavlink.service | Telemetry streaming loop started
2025-09-09T19:44:16.812915 | INFO     | webgcs.mavlink.service | Telemetry streaming started
2025-09-09T19:44:16.813354 | INFO     | webgcs.mavlink.service | MAVLink service started successfully
2025-09-09T19:44:21.035926 | INFO     | webgcs          | Client disconnected: m4Kf56IMKFIA1CXOAAAB
2025-09-09T19:45:00.281581 | INFO     | webgcs          | Client connected: 3v51TfXdBrzFpdnqAAAD
2025-09-09T19:45:02.284891 | INFO     | webgcs          | Command received from 3v51TfXdBrzFpdnqAAAD: connect_drone
2025-09-09T19:45:02.285504 | INFO     | webgcs.mavlink.service | Manual drone connection requested
2025-09-09T19:45:02.285548 | INFO     | webgcs.mavlink.service | Already connected to drone
2025-09-09T19:45:07.285558 | INFO     | webgcs          | Client disconnected: 3v51TfXdBrzFpdnqAAAD
2025-09-09T19:46:37.296818 | INFO     | webgcs          | Client connected: Cd58C5ZjyEeOg-E2AAAF
2025-09-09T19:47:20.400587 | INFO     | webgcs          | Client disconnected: Cd58C5ZjyEeOg-E2AAAF
2025-09-09T19:47:25.189413 | INFO     | webgcs          | Client connected: J2RBMgc5V0-WTPr2AAAH
2025-09-09T19:47:34.132076 | INFO     | webgcs          | Client disconnected: J2RBMgc5V0-WTPr2AAAH
2025-09-09T19:49:19.182199 | INFO     | webgcs.mavlink.connection | ConnectionManager initialized for 192.168.193.235:5678
2025-09-09T19:49:19.182247 | INFO     | webgcs.mavlink.processor | MessageProcessor initialized
2025-09-09T19:49:19.182269 | INFO     | webgcs.mavlink.commands | CommandSender initialized
2025-09-09T19:49:19.182290 | INFO     | webgcs.mavlink.service | MAVLinkService initialized for 192.168.193.235:5678
2025-09-09T19:49:41.592839 | INFO     | webgcs          | Client connected: aHvpm0E45UtNPAt0AAAB
2025-09-09T19:49:41.636272 | INFO     | webgcs          | Command received from aHvpm0E45UtNPAt0AAAB: connect_drone
2025-09-09T19:49:41.636325 | INFO     | webgcs.mavlink.service | Manual drone connection requested
2025-09-09T19:49:41.636345 | INFO     | webgcs.mavlink.service | Starting MAVLink service
2025-09-09T19:49:41.636365 | INFO     | webgcs.mavlink.service | Connection state changed to: connecting
2025-09-09T19:49:41.636428 | INFO     | webgcs.mavlink.connection | Connecting to drone at tcp:192.168.193.235:5678
2025-09-09T19:49:41.842656 | INFO     | webgcs.mavlink.state | Heartbeat monitor started
2025-09-09T19:49:41.842712 | INFO     | webgcs.mavlink.service | Connection state changed to: connected
2025-09-09T19:49:41.842794 | INFO     | webgcs.mavlink.connection | Successfully connected to drone at 192.168.193.235:5678
2025-09-09T19:49:41.842939 | INFO     | webgcs.mavlink.service | Message processing loop started
2025-09-09T19:49:41.843011 | INFO     | webgcs.mavlink.service | Message processing started
2025-09-09T19:49:41.843185 | INFO     | webgcs.mavlink.service | Telemetry streaming loop started
2025-09-09T19:49:41.843929 | INFO     | webgcs.mavlink.service | Telemetry streaming started
2025-09-09T19:49:41.843989 | INFO     | webgcs.mavlink.service | MAVLink service started successfully
2025-09-09T19:50:24.679199 | INFO     | webgcs          | Client disconnected: aHvpm0E45UtNPAt0AAAB
2025-09-09T19:50:29.484807 | ERROR    | webgcs          | Error getting status: 'str' object has no attribute 'isoformat'
2025-09-09T19:50:29.489945 | INFO     | webgcs          | Client connected: xIiZI57BUETibTtBAAAD
2025-09-09T19:50:42.580390 | INFO     | webgcs          | Client disconnected: xIiZI57BUETibTtBAAAD
2025-09-09T19:50:43.090403 | ERROR    | webgcs          | Error getting status: 'str' object has no attribute 'isoformat'
2025-09-09T19:50:43.095036 | INFO     | webgcs          | Client connected: IWsxhMCOSMRBoC3uAAAF
2025-09-09T19:50:56.172387 | INFO     | webgcs          | Client disconnected: IWsxhMCOSMRBoC3uAAAF
2025-09-09T19:51:00.935873 | ERROR    | webgcs          | Error getting status: 'str' object has no attribute 'isoformat'
2025-09-09T19:51:00.940575 | INFO     | webgcs          | Client connected: _rWA-9NA7qkT8FDZAAAH
2025-09-09T19:51:14.019645 | INFO     | webgcs          | Client disconnected: _rWA-9NA7qkT8FDZAAAH
2025-09-09T19:51:14.528388 | ERROR    | webgcs          | Error getting status: 'str' object has no attribute 'isoformat'
2025-09-09T19:51:14.532894 | INFO     | webgcs          | Client connected: tecjvovBB5KtKmdLAAAJ
2025-09-09T19:51:27.624421 | INFO     | webgcs          | Client disconnected: tecjvovBB5KtKmdLAAAJ
2025-09-09T19:51:32.327953 | ERROR    | webgcs          | Error getting status: 'str' object has no attribute 'isoformat'
2025-09-09T19:51:32.332642 | INFO     | webgcs          | Client connected: MdjsklMtQfzQ9lFpAAAL
2025-09-09T19:51:38.460160 | INFO     | webgcs          | Client disconnected: MdjsklMtQfzQ9lFpAAAL
2025-09-09T19:52:26.064056 | INFO     | webgcs.mavlink.connection | ConnectionManager initialized for 192.168.193.235:5678
2025-09-09T19:52:26.064114 | INFO     | webgcs.mavlink.processor | MessageProcessor initialized
2025-09-09T19:52:26.064135 | INFO     | webgcs.mavlink.commands | CommandSender initialized
2025-09-09T19:52:26.064154 | INFO     | webgcs.mavlink.service | MAVLinkService initialized for 192.168.193.235:5678
2025-09-09T19:53:02.430595 | INFO     | webgcs          | Client connected: ka-XNmZfbpAL0I04AAAB
2025-09-09T19:53:02.478998 | INFO     | webgcs          | Command received from ka-XNmZfbpAL0I04AAAB: connect_drone
2025-09-09T19:53:02.479049 | INFO     | webgcs.mavlink.service | Manual drone connection requested
2025-09-09T19:53:02.479070 | INFO     | webgcs.mavlink.service | Starting MAVLink service
2025-09-09T19:53:02.479090 | INFO     | webgcs.mavlink.service | Connection state changed to: connecting
2025-09-09T19:53:02.479152 | INFO     | webgcs.mavlink.connection | Connecting to drone at tcp:192.168.193.235:5678
2025-09-09T19:53:02.854701 | INFO     | webgcs.mavlink.state | Heartbeat monitor started
2025-09-09T19:53:02.854762 | INFO     | webgcs.mavlink.service | Connection state changed to: connected
2025-09-09T19:53:02.854849 | INFO     | webgcs.mavlink.connection | Successfully connected to drone at 192.168.193.235:5678
2025-09-09T19:53:02.855007 | INFO     | webgcs.mavlink.service | Message processing loop started
2025-09-09T19:53:02.855139 | INFO     | webgcs.mavlink.service | Message processing started
2025-09-09T19:53:02.855207 | INFO     | webgcs.mavlink.service | Telemetry streaming loop started
2025-09-09T19:53:02.855345 | INFO     | webgcs.mavlink.service | Telemetry streaming started
2025-09-09T19:53:02.855416 | INFO     | webgcs.mavlink.service | MAVLink service started successfully
2025-09-09T19:53:45.518318 | INFO     | webgcs          | Client disconnected: ka-XNmZfbpAL0I04AAAB
2025-09-09T19:53:46.089839 | INFO     | webgcs          | Client connected: 8SzGYYY784QElQhpAAAD
2025-09-09T19:53:59.338727 | INFO     | webgcs          | Client disconnected: 8SzGYYY784QElQhpAAAD
2025-09-09T19:56:31.296005 | INFO     | webgcs          | Client connected: lkB8ci2cvMcCVo6vAAAF
2025-09-09T19:56:59.816097 | INFO     | webgcs          | Client disconnected: lkB8ci2cvMcCVo6vAAAF
2025-09-09T20:00:18.857691 | INFO     | webgcs          | Client connected: V3FX4OAc1XvD_ZNaAAAH
2025-09-09T20:00:57.419429 | INFO     | webgcs          | Client disconnected: V3FX4OAc1XvD_ZNaAAAH
2025-09-09T20:02:59.258132 | INFO     | webgcs          | Client connected: qCM43LkvWXKm7uWhAAAK
2025-09-09T20:03:37.821969 | INFO     | webgcs          | Client disconnected: qCM43LkvWXKm7uWhAAAK
2025-09-09T20:04:05.019493 | INFO     | webgcs          | Client connected: yVQFQ-6kUxElaPCXAAAM
2025-09-09T20:04:43.568599 | INFO     | webgcs          | Client disconnected: yVQFQ-6kUxElaPCXAAAM
2025-09-09T20:05:27.792160 | INFO     | webgcs          | Client connected: 4FQ6t6yb8Nq7o0FaAAAO
2025-09-09T20:06:06.355386 | INFO     | webgcs          | Client disconnected: 4FQ6t6yb8Nq7o0FaAAAO
2025-09-09T20:06:24.034752 | INFO     | webgcs          | Client connected: myvP135_Ayb_GdumAAAQ
2025-09-09T20:07:02.589046 | INFO     | webgcs          | Client disconnected: myvP135_Ayb_GdumAAAQ
2025-09-09T20:07:21.172596 | INFO     | webgcs          | Client connected: MmAsnO5tiu6pYCxfAAAS
2025-09-09T20:07:59.722395 | INFO     | webgcs          | Client disconnected: MmAsnO5tiu6pYCxfAAAS
2025-09-09T20:10:32.785598 | INFO     | webgcs.mavlink.connection | ConnectionManager initialized for 192.168.193.235:5678
2025-09-09T20:10:32.785659 | INFO     | webgcs.mavlink.processor | MessageProcessor initialized
2025-09-09T20:10:32.785681 | INFO     | webgcs.mavlink.commands | CommandSender initialized
2025-09-09T20:10:32.785701 | INFO     | webgcs.mavlink.service | MAVLinkService initialized for 192.168.193.235:5678
2025-09-09T20:11:01.437257 | INFO     | webgcs          | Client connected: 9TO0B0dGoxOd8bR-AAAB
2025-09-09T20:11:01.577756 | INFO     | webgcs          | Client disconnected: 9TO0B0dGoxOd8bR-AAAB
2025-09-09T20:11:03.600557 | INFO     | webgcs          | Client connected: _63OCjmCHwAU_-NRAAAD
2025-09-09T20:11:04.730625 | INFO     | webgcs          | Client disconnected: _63OCjmCHwAU_-NRAAAD
2025-09-09T20:11:06.753818 | INFO     | webgcs          | Client connected: Z43KdwSP9khLIYjOAAAF
2025-09-09T20:11:06.759146 | INFO     | webgcs          | Command received from Z43KdwSP9khLIYjOAAAF: test_command
2025-09-09T20:11:07.376656 | INFO     | webgcs          | Client disconnected: Z43KdwSP9khLIYjOAAAF
2025-09-09T20:11:09.400071 | INFO     | webgcs          | Client connected: MFyNoWGaU3w0syMkAAAH
2025-09-09T20:11:11.525338 | INFO     | webgcs          | Client connected: cSY0FNNvOHbxmKF0AAAJ
2025-09-09T20:11:11.533226 | INFO     | webgcs          | Command received from cSY0FNNvOHbxmKF0AAAJ: None
2025-09-09T20:11:12.649231 | INFO     | webgcs          | Client disconnected: cSY0FNNvOHbxmKF0AAAJ
2025-09-09T20:11:14.670060 | INFO     | webgcs          | Client connected: 6n6-6onV1vbS8iq8AAAL
2025-09-09T20:11:14.673996 | ERROR    | webgcs          | Error handling command: 'str' object has no attribute 'get'
2025-09-09T20:11:15.296809 | INFO     | webgcs          | Client disconnected: 6n6-6onV1vbS8iq8AAAL
2025-09-09T20:11:24.195434 | INFO     | webgcs          | Client connected: oVOpW4TgRUZBYsh9AAAB
2025-09-09T20:11:25.829245 | INFO     | webgcs          | Command received from oVOpW4TgRUZBYsh9AAAB: connect_drone
2025-09-09T20:11:25.829324 | INFO     | webgcs.mavlink.service | Manual drone connection requested
2025-09-09T20:11:25.829347 | INFO     | webgcs.mavlink.service | Starting MAVLink service
2025-09-09T20:11:25.829369 | INFO     | webgcs.mavlink.service | Connection state changed to: connecting
2025-09-09T20:11:25.829434 | INFO     | webgcs.mavlink.connection | Connecting to drone at tcp:192.168.193.235:5678
2025-09-09T20:11:25.984647 | INFO     | webgcs.mavlink.state | Heartbeat monitor started
2025-09-09T20:11:25.984704 | INFO     | webgcs.mavlink.service | Connection state changed to: connected
2025-09-09T20:11:25.984782 | INFO     | webgcs.mavlink.connection | Successfully connected to drone at 192.168.193.235:5678
2025-09-09T20:11:25.984947 | INFO     | webgcs.mavlink.service | Message processing loop started
2025-09-09T20:11:25.985085 | INFO     | webgcs.mavlink.service | Message processing started
2025-09-09T20:11:25.987339 | INFO     | webgcs.mavlink.service | Telemetry streaming loop started
2025-09-09T20:11:25.987635 | INFO     | webgcs.mavlink.service | Telemetry streaming started
2025-09-09T20:11:25.987687 | INFO     | webgcs.mavlink.service | MAVLink service started successfully
2025-09-09T20:11:29.924671 | INFO     | webgcs          | Client disconnected: oVOpW4TgRUZBYsh9AAAB
2025-09-09T20:11:30.708406 | INFO     | webgcs          | Client connected: Byr1QyXrv4M21WWrAAAD
2025-09-09T20:11:36.322049 | INFO     | webgcs          | Client disconnected: Byr1QyXrv4M21WWrAAAD
2025-09-09T20:11:37.268620 | INFO     | webgcs          | Client connected: kRR8RP4WW0lfuGXVAAAF
2025-09-09T20:11:41.923745 | INFO     | webgcs          | Client disconnected: kRR8RP4WW0lfuGXVAAAF
2025-09-09T20:11:42.910173 | INFO     | webgcs          | Client connected: ihpXZ5ApfyLkEq3sAAAH
2025-09-09T20:11:53.555791 | INFO     | webgcs          | Client disconnected: ihpXZ5ApfyLkEq3sAAAH
2025-09-09T20:14:11.917198 | INFO     | webgcs          | Client connected: Ixlu6lBVJxe0mg3nAAAK
2025-09-09T20:14:15.489144 | INFO     | webgcs          | Client disconnected: Ixlu6lBVJxe0mg3nAAAK
2025-09-09T20:15:31.705906 | INFO     | webgcs          | Client connected: KJ7JzxPcZnm5CxYnAAAM
2025-09-09T20:15:40.733447 | INFO     | webgcs          | Client disconnected: KJ7JzxPcZnm5CxYnAAAM
2025-09-09T20:16:10.532777 | INFO     | webgcs          | Client connected: K3C-QjyGDZWbXJboAAAO
2025-09-09T20:16:15.508090 | INFO     | webgcs          | Client connected: GLbWhnm78i4Uh4NVAAAQ
2025-09-09T20:16:18.514816 | INFO     | webgcs          | Client disconnected: GLbWhnm78i4Uh4NVAAAQ
2025-09-09T20:16:18.515391 | INFO     | webgcs          | Client disconnected: K3C-QjyGDZWbXJboAAAO
2025-09-09T20:17:01.339283 | INFO     | webgcs.mavlink.connection | ConnectionManager initialized for 192.168.193.235:5678
2025-09-09T20:17:01.339343 | INFO     | webgcs.mavlink.processor | MessageProcessor initialized
2025-09-09T20:17:01.339366 | INFO     | webgcs.mavlink.commands | CommandSender initialized
2025-09-09T20:17:01.339385 | INFO     | webgcs.mavlink.service | MAVLinkService initialized for 192.168.193.235:5678
2025-09-09T20:17:14.884592 | INFO     | webgcs          | Client connected: AOymWCzSiefdXkNVAAAB
2025-09-09T20:17:22.889696 | INFO     | webgcs          | Client disconnected: AOymWCzSiefdXkNVAAAB
2025-09-09T20:18:00.762741 | INFO     | webgcs          | Client connected: mN_P6QmK_5U7k_ZRAAAD
2025-09-09T20:18:04.338201 | INFO     | webgcs          | Command received from mN_P6QmK_5U7k_ZRAAAD: connect_drone
2025-09-09T20:18:04.338358 | INFO     | webgcs.mavlink.service | Manual drone connection requested
2025-09-09T20:18:04.338429 | INFO     | webgcs.mavlink.service | Starting MAVLink service
2025-09-09T20:18:04.338472 | INFO     | webgcs.mavlink.service | Connection state changed to: connecting
2025-09-09T20:18:04.338585 | INFO     | webgcs.mavlink.connection | Connecting to drone at tcp:192.168.193.235:5678
2025-09-09T20:18:05.004429 | INFO     | webgcs.mavlink.state | Heartbeat monitor started
2025-09-09T20:18:05.004487 | INFO     | webgcs.mavlink.service | Connection state changed to: connected
2025-09-09T20:18:05.004570 | INFO     | webgcs.mavlink.connection | Successfully connected to drone at 192.168.193.235:5678
2025-09-09T20:18:05.004698 | INFO     | webgcs.mavlink.service | Message processing loop started
2025-09-09T20:18:05.004836 | INFO     | webgcs.mavlink.service | Message processing started
2025-09-09T20:18:05.004961 | INFO     | webgcs.mavlink.service | Telemetry streaming loop started
2025-09-09T20:18:05.006407 | INFO     | webgcs.mavlink.service | Telemetry streaming started
2025-09-09T20:18:05.006435 | INFO     | webgcs.mavlink.service | MAVLink service started successfully
2025-09-09T20:18:09.852327 | INFO     | webgcs          | Client disconnected: mN_P6QmK_5U7k_ZRAAAD
2025-09-09T20:21:10.946223 | INFO     | webgcs          | Client connected: 9xI06Q6uTw5VplIxAAAF
2025-09-09T20:21:17.920638 | INFO     | webgcs          | Client disconnected: 9xI06Q6uTw5VplIxAAAF
2025-09-09T20:21:18.134083 | INFO     | webgcs          | Client connected: Cpn-ETMnOjH9lMyyAAAH
2025-09-09T20:21:57.768691 | INFO     | webgcs          | Client disconnected: Cpn-ETMnOjH9lMyyAAAH
2025-09-09T20:26:20.145912 | INFO     | webgcs          | Client connected: LG12kkmkUvJGgLXeAAAJ
2025-09-09T20:26:20.697609 | INFO     | webgcs          | Client disconnected: LG12kkmkUvJGgLXeAAAJ
2025-09-09T20:27:38.445536 | INFO     | webgcs          | Client connected: e6JpMLW4ieC5GnepAAAM
2025-09-09T20:27:49.006118 | INFO     | webgcs          | Client disconnected: e6JpMLW4ieC5GnepAAAM
2025-09-09T20:27:50.012403 | INFO     | webgcs          | Client connected: btuezrEuhHgwDcTLAAAO
2025-09-09T20:27:52.015566 | INFO     | webgcs          | Client disconnected: btuezrEuhHgwDcTLAAAO
2025-09-09T20:28:48.656374 | INFO     | webgcs.mavlink.connection | ConnectionManager initialized for 192.168.193.235:5678
2025-09-09T20:28:48.656434 | INFO     | webgcs.mavlink.processor | MessageProcessor initialized
2025-09-09T20:28:48.656459 | INFO     | webgcs.mavlink.commands | CommandSender initialized
2025-09-09T20:28:48.656479 | INFO     | webgcs.mavlink.service | MAVLinkService initialized for 192.168.193.235:5678
2025-09-09T20:29:03.825349 | INFO     | webgcs          | Client connected: NTWEl534eXD_RU2kAAAB
2025-09-09T20:29:05.406118 | INFO     | webgcs          | Client disconnected: NTWEl534eXD_RU2kAAAB
2025-09-09T20:29:41.041525 | INFO     | webgcs          | Client connected: rZbsD0Hd-UOLgmcCAAAD
2025-09-09T20:29:42.662718 | INFO     | webgcs          | Command received from rZbsD0Hd-UOLgmcCAAAD: connect_drone
2025-09-09T20:29:42.662830 | INFO     | webgcs.mavlink.service | Manual drone connection requested
2025-09-09T20:29:42.662863 | INFO     | webgcs.mavlink.service | Starting MAVLink service
2025-09-09T20:29:42.662900 | INFO     | webgcs.mavlink.service | Connection state changed to: connecting
2025-09-09T20:29:42.663140 | INFO     | webgcs.mavlink.connection | Connecting to drone at tcp:192.168.193.235:5678
2025-09-09T20:29:43.217558 | INFO     | webgcs.mavlink.state | Heartbeat monitor started
2025-09-09T20:29:43.217614 | INFO     | webgcs.mavlink.service | Connection state changed to: connected
2025-09-09T20:29:43.217673 | INFO     | webgcs.mavlink.connection | Successfully connected to drone at 192.168.193.235:5678
2025-09-09T20:29:43.217761 | INFO     | webgcs.mavlink.service | Message processing loop started
2025-09-09T20:29:43.218426 | INFO     | webgcs.mavlink.service | Message processing started
2025-09-09T20:29:43.218483 | INFO     | webgcs.mavlink.service | Telemetry streaming loop started
2025-09-09T20:29:43.218906 | INFO     | webgcs.mavlink.service | Telemetry streaming started
2025-09-09T20:29:43.218928 | INFO     | webgcs.mavlink.service | MAVLink service started successfully
2025-09-09T20:30:06.095885 | INFO     | webgcs          | Client disconnected: rZbsD0Hd-UOLgmcCAAAD
2025-09-09T20:30:36.213276 | INFO     | webgcs          | Client connected: 7-0eX6MTea5F7PhUAAAF
2025-09-09T20:30:50.886735 | INFO     | webgcs          | Client connected: tMhbOkptBEmXdJJpAAAH
2025-09-09T20:31:01.229723 | INFO     | webgcs          | Client disconnected: 7-0eX6MTea5F7PhUAAAF
2025-09-09T20:31:15.893646 | INFO     | webgcs          | Client disconnected: tMhbOkptBEmXdJJpAAAH
2025-09-09T20:31:37.156088 | INFO     | webgcs          | Client connected: HIt3Q2jxX2MhhoxPAAAJ
2025-09-09T20:32:02.162634 | INFO     | webgcs          | Client disconnected: HIt3Q2jxX2MhhoxPAAAJ
2025-09-09T20:33:24.333053 | INFO     | webgcs          | Client connected: JcAeAbTjx7pNHRMtAAAL
2025-09-09T20:33:49.342777 | INFO     | webgcs          | Client disconnected: JcAeAbTjx7pNHRMtAAAL
2025-09-09T20:35:06.526736 | INFO     | webgcs          | Client connected: RlY9N473a-7R1sV8AAAN
2025-09-09T20:35:31.534839 | INFO     | webgcs          | Client disconnected: RlY9N473a-7R1sV8AAAN
2025-09-09T20:35:42.846606 | INFO     | webgcs          | Client connected: QCVZ_XRXfoPh_rAFAAAP
2025-09-09T20:36:07.845904 | INFO     | webgcs          | Client disconnected: QCVZ_XRXfoPh_rAFAAAP
2025-09-09T20:36:40.729421 | INFO     | webgcs.mavlink.connection | ConnectionManager initialized for 192.168.193.235:5678
2025-09-09T20:36:40.729488 | INFO     | webgcs.mavlink.processor | MessageProcessor initialized
2025-09-09T20:36:40.729514 | INFO     | webgcs.mavlink.commands | CommandSender initialized
2025-09-09T20:36:40.729535 | INFO     | webgcs.mavlink.service | MAVLinkService initialized for 192.168.193.235:5678
2025-09-09T20:40:58.569647 | INFO     | webgcs.mavlink.connection | ConnectionManager initialized for 192.168.193.235:5678
2025-09-09T20:40:58.569694 | INFO     | webgcs.mavlink.processor | MessageProcessor initialized
2025-09-09T20:40:58.569716 | INFO     | webgcs.mavlink.commands | CommandSender initialized
2025-09-09T20:40:58.569737 | INFO     | webgcs.mavlink.service | MAVLinkService initialized for 192.168.193.235:5678
2025-09-09T20:43:45.806597 | INFO     | webgcs.mavlink.connection | ConnectionManager initialized for 192.168.193.235:5678
2025-09-09T20:43:45.806649 | INFO     | webgcs.mavlink.processor | MessageProcessor initialized
2025-09-09T20:43:45.806672 | INFO     | webgcs.mavlink.commands | CommandSender initialized
2025-09-09T20:43:45.806692 | INFO     | webgcs.mavlink.service | MAVLinkService initialized for 192.168.193.235:5678
2025-09-09T20:45:06.861409 | INFO     | webgcs          | Client connected: ohmfIO26jnLh9jCvAAAD
2025-09-09T20:45:10.388904 | INFO     | webgcs          | Client disconnected: ohmfIO26jnLh9jCvAAAD
2025-09-09T20:45:10.809806 | INFO     | webgcs          | Client connected: QLxzqb-ngIbLP-7nAAAF
2025-09-09T20:45:14.343075 | INFO     | webgcs          | Client disconnected: QLxzqb-ngIbLP-7nAAAF
2025-09-09T20:45:14.758357 | INFO     | webgcs          | Client connected: vaeo7iuqCTuyzeeAAAAH
2025-09-09T20:45:20.305813 | INFO     | webgcs          | Client disconnected: vaeo7iuqCTuyzeeAAAAH
2025-09-09T20:45:46.835421 | INFO     | webgcs          | Client connected: PWFnbrN5E-BAHyhsAAAK
2025-09-09T20:45:50.359236 | INFO     | webgcs          | Client disconnected: PWFnbrN5E-BAHyhsAAAK
2025-09-09T20:45:50.807298 | INFO     | webgcs          | Client connected: f05jabjdIwkwJwd9AAAM
2025-09-09T20:45:54.381116 | INFO     | webgcs          | Command received from f05jabjdIwkwJwd9AAAM: connect_drone
2025-09-09T20:45:54.381175 | INFO     | webgcs.mavlink.service | Manual drone connection requested
2025-09-09T20:45:54.381200 | INFO     | webgcs.mavlink.service | Starting MAVLink service
2025-09-09T20:45:54.381226 | INFO     | webgcs.mavlink.service | Connection state changed to: connecting
2025-09-09T20:45:54.381308 | INFO     | webgcs.mavlink.connection | Connecting to drone at tcp:192.168.193.235:5678
2025-09-09T20:45:55.141194 | INFO     | webgcs.mavlink.state | Heartbeat monitor started
2025-09-09T20:45:55.141250 | INFO     | webgcs.mavlink.service | Connection state changed to: connected
2025-09-09T20:45:55.141334 | INFO     | webgcs.mavlink.connection | Successfully connected to drone at 192.168.193.235:5678
2025-09-09T20:45:55.141461 | INFO     | webgcs.mavlink.service | Message processing loop started
2025-09-09T20:45:55.141642 | INFO     | webgcs.mavlink.service | Message processing started
2025-09-09T20:45:55.141884 | INFO     | webgcs.mavlink.service | Telemetry streaming loop started
2025-09-09T20:45:55.142128 | INFO     | webgcs.mavlink.service | Telemetry streaming started
2025-09-09T20:45:55.142194 | INFO     | webgcs.mavlink.service | MAVLink service started successfully
2025-09-09T20:45:57.397593 | INFO     | webgcs          | Client disconnected: f05jabjdIwkwJwd9AAAM
2025-09-09T20:45:57.814993 | INFO     | webgcs          | Client connected: 5ovuaRxQdf0qrDUdAAAO
2025-09-09T20:46:03.348529 | INFO     | webgcs          | Client disconnected: 5ovuaRxQdf0qrDUdAAAO
2025-09-09T20:48:36.016384 | INFO     | webgcs          | Client connected: 8nKQLO_MsZJpMqMlAAAQ
2025-09-09T20:48:40.408921 | INFO     | webgcs          | Client disconnected: 8nKQLO_MsZJpMqMlAAAQ
2025-09-09T20:48:40.482751 | INFO     | webgcs          | Client connected: 2_REeMdEc5E8A6AYAAAS
2025-09-09T20:50:45.833801 | INFO     | webgcs          | Client connected: LhH7MnT0ThfUR_yOAAAU
2025-09-09T20:51:30.577007 | INFO     | webgcs          | Client disconnected: LhH7MnT0ThfUR_yOAAAU
2025-09-09T20:54:25.492691 | INFO     | webgcs.mavlink.connection | ConnectionManager initialized for 192.168.193.235:5678
2025-09-09T20:54:25.492747 | INFO     | webgcs.mavlink.processor | MessageProcessor initialized
2025-09-09T20:54:25.492770 | INFO     | webgcs.mavlink.commands | CommandSender initialized
2025-09-09T20:54:25.492791 | INFO     | webgcs.mavlink.service | MAVLinkService initialized for 192.168.193.235:5678
2025-09-09T20:54:27.232734 | INFO     | webgcs          | Client connected: VmHUcx7CTCibDM6uAAAB
2025-09-09T20:55:46.003625 | INFO     | webgcs          | Starting WebGCS application...
2025-09-09T20:55:46.051129 | INFO     | webgcs.mavlink.connection | ConnectionManager initialized for 192.168.193.235:5678
2025-09-09T20:55:46.051180 | INFO     | webgcs.mavlink.processor | MessageProcessor initialized
2025-09-09T20:55:46.051203 | INFO     | webgcs.mavlink.commands | CommandSender initialized
2025-09-09T20:55:46.051223 | INFO     | webgcs.mavlink.service | MAVLinkService initialized for 192.168.193.235:5678
2025-09-09T20:55:46.051239 | INFO     | webgcs          | Starting MAVLink service...
2025-09-09T20:55:46.051252 | INFO     | webgcs.mavlink.service | Starting MAVLink service
2025-09-09T20:55:46.051267 | INFO     | webgcs.mavlink.service | Connection state changed to: connecting
2025-09-09T20:55:46.051296 | INFO     | webgcs.mavlink.connection | Connecting to drone at tcp:192.168.193.235:5678
2025-09-09T20:55:47.122482 | INFO     | webgcs.mavlink.state | Heartbeat monitor started
2025-09-09T20:55:47.122523 | INFO     | webgcs.mavlink.service | Connection state changed to: connected
2025-09-09T20:55:47.122562 | INFO     | webgcs.mavlink.connection | Successfully connected to drone at 192.168.193.235:5678
2025-09-09T20:55:47.122641 | INFO     | webgcs.mavlink.service | Message processing loop started
2025-09-09T20:55:47.122897 | INFO     | webgcs.mavlink.service | Message processing started
2025-09-09T20:55:47.124181 | INFO     | webgcs.mavlink.service | Telemetry streaming loop started
2025-09-09T20:55:47.124269 | INFO     | webgcs.mavlink.service | Telemetry streaming started
2025-09-09T20:55:47.124288 | INFO     | webgcs.mavlink.service | MAVLink service started successfully
2025-09-09T20:55:47.124553 | INFO     | webgcs          | MAVLink service started successfully
2025-09-09T20:55:47.124571 | INFO     | webgcs          | WebGCS starting on localhost:5002
2025-09-09T20:55:47.125389 | INFO     | webgcs          | Drone endpoint: 192.168.193.235:5678
2025-09-09T20:56:19.657231 | INFO     | webgcs          | Client connected: 9VP99p-1GYFpwQSYAAAC
2025-09-09T20:56:58.213670 | INFO     | webgcs          | Client connected: 4KXlUy0bp--lGhP7AAAE
2025-09-09T20:57:08.215242 | INFO     | webgcs          | Client disconnected: 4KXlUy0bp--lGhP7AAAE
2025-09-09T20:57:40.078930 | INFO     | webgcs          | Client connected: wiLIdP97TkwR8fNmAAAG
2025-09-09T20:57:44.673516 | INFO     | webgcs          | Client disconnected: 9VP99p-1GYFpwQSYAAAC
2025-09-09T20:57:45.250952 | INFO     | webgcs          | Client connected: xMROD2QQL101GoRBAAAI
2025-09-09T20:57:50.079394 | INFO     | webgcs          | Client disconnected: wiLIdP97TkwR8fNmAAAG
2025-09-09T20:58:23.863551 | INFO     | webgcs          | Client connected: wtrAA5q3xClXiiMgAAAK
2025-09-09T20:58:33.322174 | INFO     | webgcs          | Client connected: U7SwfIVuBQ6ZvGGqAAAM
2025-09-09T20:58:43.322352 | INFO     | webgcs          | Client disconnected: U7SwfIVuBQ6ZvGGqAAAM
2025-09-09T20:59:10.253147 | INFO     | webgcs          | Client disconnected: xMROD2QQL101GoRBAAAI
2025-09-09T20:59:11.334137 | INFO     | webgcs          | Client connected: ON5F4NkL8MoYcsnrAAAO
2025-09-09T20:59:48.862320 | INFO     | webgcs          | Client disconnected: wtrAA5q3xClXiiMgAAAK
2025-09-09T21:00:24.329778 | INFO     | webgcs          | Client disconnected: VmHUcx7CTCibDM6uAAAB
2025-09-09T21:00:30.137596 | INFO     | webgcs          | Client connected: o0f9scD94wSTKQSoAAAQ
2025-09-09T21:00:31.364542 | INFO     | webgcs          | Client connected: OfmUFHuTprRMHDjvAAAS
2025-09-09T21:00:36.335628 | INFO     | webgcs          | Client disconnected: ON5F4NkL8MoYcsnrAAAO
2025-09-09T21:01:55.141177 | INFO     | webgcs          | Client disconnected: o0f9scD94wSTKQSoAAAQ
2025-09-09T21:01:56.363019 | INFO     | webgcs          | Client disconnected: OfmUFHuTprRMHDjvAAAS
2025-09-09T21:01:57.320822 | INFO     | webgcs          | Client connected: NvA9YTjYAJ04WwWoAAAU
2025-09-09T21:02:32.210420 | INFO     | webgcs          | Client connected: q5VVLdoYqYZjVNhDAAAW
2025-09-09T21:03:22.322589 | INFO     | webgcs          | Client disconnected: NvA9YTjYAJ04WwWoAAAU
2025-09-09T21:03:22.877057 | INFO     | webgcs          | Client connected: pVTDATg0G_hzraYhAAAY
2025-09-09T21:03:57.220503 | INFO     | webgcs          | Client disconnected: q5VVLdoYqYZjVNhDAAAW
2025-09-09T21:04:47.879625 | INFO     | webgcs          | Client disconnected: pVTDATg0G_hzraYhAAAY
2025-09-09T21:04:48.649729 | INFO     | webgcs          | Client connected: M1TqOTG6Cdzc55F4AAAa
2025-09-09T21:04:59.395491 | INFO     | webgcs.mavlink.connection | ConnectionManager initialized for 192.168.193.235:5678
2025-09-09T21:04:59.395557 | INFO     | webgcs.mavlink.processor | MessageProcessor initialized
2025-09-09T21:04:59.395590 | INFO     | webgcs.mavlink.commands | CommandSender initialized
2025-09-09T21:04:59.395619 | INFO     | webgcs.mavlink.service | MAVLinkService initialized for 192.168.193.235:5678
2025-09-09T21:05:24.969032 | INFO     | webgcs.mavlink.connection | ConnectionManager initialized for 192.168.193.235:5678
2025-09-09T21:05:24.969086 | INFO     | webgcs.mavlink.processor | MessageProcessor initialized
2025-09-09T21:05:24.969107 | INFO     | webgcs.mavlink.commands | CommandSender initialized
2025-09-09T21:05:24.969127 | INFO     | webgcs.mavlink.service | MAVLinkService initialized for 192.168.193.235:5678
2025-09-09T21:05:29.699696 | INFO     | webgcs          | Client connected: mRpGbKXoli-4L2GYAAAB
2025-09-09T21:06:00.180377 | INFO     | webgcs.mavlink.connection | ConnectionManager initialized for 192.168.193.235:5678
2025-09-09T21:06:00.180434 | INFO     | webgcs.mavlink.processor | MessageProcessor initialized
2025-09-09T21:06:00.180457 | INFO     | webgcs.mavlink.commands | CommandSender initialized
2025-09-09T21:06:00.180478 | INFO     | webgcs.mavlink.service | MAVLinkService initialized for 192.168.193.235:5678
2025-09-09T21:06:00.432693 | INFO     | webgcs          | Client connected: gVmw0PpX02pjvdu4AAAB
2025-09-09T21:06:16.905085 | INFO     | webgcs.mavlink.connection | ConnectionManager initialized for 192.168.193.235:5678
2025-09-09T21:06:16.905140 | INFO     | webgcs.mavlink.processor | MessageProcessor initialized
2025-09-09T21:06:16.905163 | INFO     | webgcs.mavlink.commands | CommandSender initialized
2025-09-09T21:06:16.905182 | INFO     | webgcs.mavlink.service | MAVLinkService initialized for 192.168.193.235:5678
2025-09-09T21:06:21.062911 | INFO     | webgcs          | Client connected: M-jdId3IaUD_F5p_AAAB
2025-09-09T21:09:18.859897 | INFO     | webgcs          | Client connected: j4x2ugRBsweudPVIAAAD
2025-09-09T21:09:22.993393 | INFO     | webgcs          | Command received from j4x2ugRBsweudPVIAAAD: connect_drone
2025-09-09T21:09:22.993450 | INFO     | webgcs.mavlink.service | Manual drone connection requested
2025-09-09T21:09:22.993470 | INFO     | webgcs.mavlink.service | Starting MAVLink service
2025-09-09T21:09:22.993492 | INFO     | webgcs.mavlink.service | Connection state changed to: connecting
2025-09-09T21:09:22.993569 | INFO     | webgcs.mavlink.connection | Connecting to drone at tcp:192.168.193.235:5678
2025-09-09T21:09:23.187478 | INFO     | webgcs.mavlink.state | Heartbeat monitor started
2025-09-09T21:09:23.187524 | INFO     | webgcs.mavlink.service | Connection state changed to: connected
2025-09-09T21:09:23.187600 | INFO     | webgcs.mavlink.connection | Successfully connected to drone at 192.168.193.235:5678
2025-09-09T21:09:23.187693 | INFO     | webgcs.mavlink.service | Message processing loop started
2025-09-09T21:09:23.187726 | INFO     | webgcs.mavlink.service | Message processing started
2025-09-09T21:09:23.188746 | INFO     | webgcs.mavlink.service | Telemetry streaming loop started
2025-09-09T21:09:23.188897 | INFO     | webgcs.mavlink.service | Telemetry streaming started
2025-09-09T21:09:23.189084 | INFO     | webgcs.mavlink.service | MAVLink service started successfully
2025-09-09T21:10:41.105531 | INFO     | webgcs          | Client disconnected: M-jdId3IaUD_F5p_AAAB
2025-09-09T21:10:41.870207 | INFO     | webgcs          | Client connected: -XLWTlwSM5O6VftgAAAF
2025-09-09T21:10:43.889521 | INFO     | webgcs          | Client disconnected: j4x2ugRBsweudPVIAAAD
2025-09-09T21:11:03.798314 | INFO     | webgcs          | Client connected: eRX3Ho0wMiB8i8-yAAAH
2025-09-09T21:12:06.895277 | INFO     | webgcs          | Client disconnected: -XLWTlwSM5O6VftgAAAF
2025-09-09T21:12:28.802279 | INFO     | webgcs          | Client disconnected: eRX3Ho0wMiB8i8-yAAAH
2025-09-09T21:12:29.568472 | INFO     | webgcs          | Client connected: r2NZkTTR95aDURIgAAAJ
2025-09-09T21:13:34.855379 | INFO     | webgcs.mavlink.connection | ConnectionManager initialized for 192.168.193.235:5678
2025-09-09T21:13:34.855526 | INFO     | webgcs.mavlink.processor | MessageProcessor initialized
2025-09-09T21:13:34.855546 | INFO     | webgcs.mavlink.commands | CommandSender initialized
2025-09-09T21:13:34.855566 | INFO     | webgcs.mavlink.service | MAVLinkService initialized for 192.168.193.235:5678
2025-09-09T21:13:35.644658 | INFO     | webgcs          | Client connected: eEMAd5m7RZq5vb1hAAAB
2025-09-09T21:14:31.696053 | INFO     | webgcs          | Client connected: V5iDS9ygMDKPWkYiAAAD
2025-09-09T21:14:38.268365 | INFO     | webgcs          | Command received from V5iDS9ygMDKPWkYiAAAD: connect_drone
2025-09-09T21:14:38.268419 | INFO     | webgcs.mavlink.service | Manual drone connection requested
2025-09-09T21:14:38.268444 | INFO     | webgcs.mavlink.service | Starting MAVLink service
2025-09-09T21:14:38.268468 | INFO     | webgcs.mavlink.service | Connection state changed to: connecting
2025-09-09T21:14:38.268553 | INFO     | webgcs.mavlink.connection | Connecting to drone at tcp:192.168.193.235:5678
2025-09-09T21:14:39.226242 | INFO     | webgcs.mavlink.state | Heartbeat monitor started
2025-09-09T21:14:39.226298 | INFO     | webgcs.mavlink.service | Connection state changed to: connected
2025-09-09T21:14:39.226384 | INFO     | webgcs.mavlink.connection | Successfully connected to drone at 192.168.193.235:5678
2025-09-09T21:14:39.226470 | INFO     | webgcs.mavlink.service | Message processing loop started
2025-09-09T21:14:39.227012 | INFO     | webgcs.mavlink.service | Message processing started
2025-09-09T21:14:39.227354 | INFO     | webgcs.mavlink.service | Telemetry streaming loop started
2025-09-09T21:14:39.227527 | INFO     | webgcs.mavlink.service | Telemetry streaming started
2025-09-09T21:14:39.227797 | INFO     | webgcs.mavlink.service | MAVLink service started successfully
2025-09-09T21:15:50.686210 | INFO     | webgcs          | Client disconnected: eEMAd5m7RZq5vb1hAAAB
2025-09-09T21:15:51.312420 | INFO     | webgcs          | Client connected: WIKlNfaWXfj9QIgWAAAF
2025-09-09T21:15:56.730408 | INFO     | webgcs          | Client disconnected: V5iDS9ygMDKPWkYiAAAD
2025-09-09T21:16:36.178157 | INFO     | webgcs          | Client connected: eMJoG1ffjLicySYkAAAH
2025-09-09T21:17:16.329285 | INFO     | webgcs          | Client disconnected: WIKlNfaWXfj9QIgWAAAF
2025-09-09T21:17:41.490482 | INFO     | webgcs          | Client connected: 5MNPkIiR4_8dDDg_AAAJ
2025-09-09T21:17:49.188608 | INFO     | webgcs          | Client connected: 2iJGDBa8w1nUS6a9AAAL
2025-09-09T21:18:01.166038 | INFO     | webgcs          | Client disconnected: eMJoG1ffjLicySYkAAAH
2025-09-09T21:18:46.484745 | INFO     | webgcs          | Client connected: giIKljuKKOZ3FmBvAAAN
2025-09-09T21:18:56.687949 | INFO     | webgcs          | Client connected: _o_7QkLqDGkmp3ucAAAP
2025-09-09T21:19:06.518160 | INFO     | webgcs          | Client disconnected: 5MNPkIiR4_8dDDg_AAAJ
2025-09-09T21:19:14.194373 | INFO     | webgcs          | Client disconnected: 2iJGDBa8w1nUS6a9AAAL
2025-09-09T21:19:49.562933 | INFO     | webgcs          | Client connected: txj5Ctu2CHiFbAPYAAAR
2025-09-09T21:20:11.451733 | INFO     | webgcs          | Client disconnected: giIKljuKKOZ3FmBvAAAN
2025-09-09T21:20:21.693941 | INFO     | webgcs          | Client disconnected: _o_7QkLqDGkmp3ucAAAP
2025-09-09T21:20:52.075748 | INFO     | webgcs          | Client connected: bGPyy_PTADaC4y3bAAAT
2025-09-09T21:21:02.411510 | INFO     | webgcs          | Client connected: LY0KOnmFUDtz3sbIAAAV
2025-09-09T21:21:14.559743 | INFO     | webgcs          | Client disconnected: txj5Ctu2CHiFbAPYAAAR
2025-09-09T21:21:23.954806 | INFO     | webgcs          | Client connected: sZ4X12tuKUgdbhWqAAAX
2025-09-09T21:22:17.067853 | INFO     | webgcs          | Client disconnected: bGPyy_PTADaC4y3bAAAT
2025-09-09T21:22:27.420212 | INFO     | webgcs          | Client disconnected: LY0KOnmFUDtz3sbIAAAV
2025-09-09T21:22:43.050351 | INFO     | webgcs          | Client connected: GmFtS8U-pEhKO0aVAAAZ
2025-09-09T21:22:48.962398 | INFO     | webgcs          | Client disconnected: sZ4X12tuKUgdbhWqAAAX
2025-09-09T21:23:28.038395 | INFO     | webgcs.mavlink.connection | ConnectionManager initialized for 192.168.193.235:5678
2025-09-09T21:23:28.038454 | INFO     | webgcs.mavlink.processor | MessageProcessor initialized
2025-09-09T21:23:28.038478 | INFO     | webgcs.mavlink.commands | CommandSender initialized
2025-09-09T21:23:28.038499 | INFO     | webgcs.mavlink.service | MAVLinkService initialized for 192.168.193.235:5678
2025-09-09T21:23:40.281189 | INFO     | webgcs          | Client connected: nMSdVwynDxwKAw-BAAAB
2025-09-09T21:23:55.325264 | INFO     | webgcs          | Command received from nMSdVwynDxwKAw-BAAAB: connect_drone
2025-09-09T21:23:55.325436 | INFO     | webgcs.mavlink.service | Manual drone connection requested
2025-09-09T21:23:55.325474 | INFO     | webgcs.mavlink.service | Starting MAVLink service
2025-09-09T21:23:55.325507 | INFO     | webgcs.mavlink.service | Connection state changed to: connecting
2025-09-09T21:23:55.325594 | INFO     | webgcs.mavlink.connection | Connecting to drone at tcp:192.168.193.235:5678
2025-09-09T21:23:56.255150 | INFO     | webgcs.mavlink.state | Heartbeat monitor started
2025-09-09T21:23:56.255207 | INFO     | webgcs.mavlink.service | Connection state changed to: connected
2025-09-09T21:23:56.255288 | INFO     | webgcs.mavlink.connection | Successfully connected to drone at 192.168.193.235:5678
2025-09-09T21:23:56.255383 | INFO     | webgcs.mavlink.service | Message processing loop started
2025-09-09T21:23:56.255450 | INFO     | webgcs.mavlink.service | Message processing started
2025-09-09T21:23:56.255758 | INFO     | webgcs.mavlink.service | Telemetry streaming loop started
2025-09-09T21:23:56.255876 | INFO     | webgcs.mavlink.service | Telemetry streaming started
2025-09-09T21:23:56.255897 | INFO     | webgcs.mavlink.service | MAVLink service started successfully
2025-09-09T21:25:05.360124 | INFO     | webgcs          | Client disconnected: nMSdVwynDxwKAw-BAAAB
2025-09-09T21:25:11.733027 | INFO     | webgcs          | Client connected: jerR9ezRIG8owQQmAAAD
2025-09-09T21:25:12.638549 | INFO     | webgcs          | Client connected: knEK91Vvfuriu0hSAAAF
2025-09-09T21:25:19.043393 | INFO     | webgcs          | Client connected: 7gE4SXua8pq1WFB4AAAH
2025-09-09T21:26:36.731673 | INFO     | webgcs          | Client disconnected: jerR9ezRIG8owQQmAAAD
2025-09-09T21:26:37.647854 | INFO     | webgcs          | Client disconnected: knEK91Vvfuriu0hSAAAF
2025-09-09T21:26:44.046916 | INFO     | webgcs          | Client disconnected: 7gE4SXua8pq1WFB4AAAH
2025-09-09T21:52:15.383798 | INFO     | webgcs.mavlink.connection | ConnectionManager initialized for 192.168.193.235:5678
2025-09-09T21:52:15.383938 | INFO     | webgcs.mavlink.processor | MessageProcessor initialized
2025-09-09T21:52:15.383963 | INFO     | webgcs.mavlink.commands | CommandSender initialized
2025-09-09T21:52:15.383982 | INFO     | webgcs.mavlink.service | MAVLinkService initialized for 192.168.193.235:5678
2025-09-09T21:52:32.212601 | INFO     | webgcs          | Client connected: qAsza4DxRvhfOsMaAAAB
2025-09-09T21:52:33.668072 | INFO     | webgcs          | Client disconnected: qAsza4DxRvhfOsMaAAAB
2025-09-09T21:52:33.895019 | INFO     | webgcs          | Client connected: pYX4dSSMhj-OX4BmAAAD
2025-09-09T21:52:35.209678 | INFO     | webgcs          | Command received from pYX4dSSMhj-OX4BmAAAD: connect_drone
2025-09-09T21:52:35.209821 | INFO     | webgcs.mavlink.service | Manual drone connection requested
2025-09-09T21:52:35.209877 | INFO     | webgcs.mavlink.service | Starting MAVLink service
2025-09-09T21:52:35.209938 | INFO     | webgcs.mavlink.service | Connection state changed to: connecting
2025-09-09T21:52:35.210112 | INFO     | webgcs.mavlink.connection | Connecting to drone at tcp:192.168.193.235:5678
2025-09-09T21:52:36.321548 | INFO     | webgcs.mavlink.state | Heartbeat monitor started
2025-09-09T21:52:36.321595 | INFO     | webgcs.mavlink.service | Connection state changed to: connected
2025-09-09T21:52:36.321665 | INFO     | webgcs.mavlink.connection | Successfully connected to drone at 192.168.193.235:5678
2025-09-09T21:52:36.321752 | INFO     | webgcs.mavlink.service | Message processing loop started
2025-09-09T21:52:36.322258 | INFO     | webgcs.mavlink.service | Message processing started
2025-09-09T21:52:36.322306 | INFO     | webgcs.mavlink.service | Telemetry streaming loop started
2025-09-09T21:52:36.322446 | INFO     | webgcs.mavlink.service | Telemetry streaming started
2025-09-09T21:52:36.322471 | INFO     | webgcs.mavlink.service | MAVLink service started successfully
2025-09-09T21:52:57.457316 | INFO     | webgcs          | Command received from pYX4dSSMhj-OX4BmAAAD: disconnect_drone
2025-09-09T21:52:57.457529 | INFO     | webgcs.mavlink.service | Manual drone disconnection requested
2025-09-09T21:52:57.483942 | INFO     | webgcs.mavlink.service | Telemetry streaming loop stopped
2025-09-09T21:52:57.486806 | INFO     | webgcs.mavlink.service | Message processing loop stopped
2025-09-09T21:52:57.486889 | INFO     | webgcs.mavlink.connection | Disconnecting from drone
2025-09-09T21:52:58.433848 | INFO     | webgcs.mavlink.state | Heartbeat monitor stopped
2025-09-09T21:52:58.434300 | INFO     | webgcs.mavlink.service | Connection state changed to: disconnected
2025-09-09T21:52:58.434673 | INFO     | webgcs.mavlink.connection | Disconnected from drone
2025-09-09T21:54:01.324688 | INFO     | webgcs          | Client disconnected: pYX4dSSMhj-OX4BmAAAD
2025-09-09T21:54:02.391109 | INFO     | webgcs          | Client connected: 3YIxcEmi1vMrqGMKAAAF
2025-09-09T21:55:00.311643 | INFO     | webgcs          | Client disconnected: 3YIxcEmi1vMrqGMKAAAF
